id,user_id,course_id,generated_by_rule,exam_mode,total_questions,duration_minutes,started_at,submitted_at,score,status,created_at,updated_at
1,1,15,balanced,mock,10,30,"""2026-05-21T11:38:46.000Z""","""2026-05-21T12:09:46.000Z""",50,submitted,"""2026-05-21T11:38:46.000Z""","""2026-05-21T12:09:46.000Z"""
2,1,15,balanced,mock,12,30,"""2026-05-22T18:20:57.000Z""","""2026-05-22T18:49:57.000Z""",59.26,submitted,"""2026-05-22T18:20:57.000Z""","""2026-05-22T18:49:57.000Z"""
3,1,15,balanced,mock,10,30,"""2026-05-23T14:23:29.000Z""","""2026-05-23T15:02:29.000Z""",68.42,submitted,"""2026-05-23T14:23:29.000Z""","""2026-05-23T15:02:29.000Z"""
4,1,15,balanced,mock,14,30,"""2026-05-24T09:34:45.000Z""","""2026-05-24T10:14:45.000Z""",51.72,submitted,"""2026-05-24T09:34:45.000Z""","""2026-05-24T10:14:45.000Z"""
5,1,15,balanced,mock,12,30,"""2026-05-06T09:44:43.000Z""","""2026-05-06T10:21:43.000Z""",68,submitted,"""2026-05-06T09:44:43.000Z""","""2026-05-06T10:21:43.000Z"""
6,1,190,balanced,mock,13,30,"""2026-06-05T20:13:32.000Z""","""2026-06-05T20:37:32.000Z""",39.13,submitted,"""2026-06-05T20:13:32.000Z""","""2026-06-05T20:37:32.000Z"""
7,1,25,balanced,mock,11,30,"""2026-05-07T08:51:37.000Z""","""2026-05-07T09:09:37.000Z""",33.33,submitted,"""2026-05-07T08:51:37.000Z""","""2026-05-07T09:09:37.000Z"""
8,4,177,balanced,mock,14,30,"""2026-05-24T11:39:09.000Z""","""2026-05-24T12:07:09.000Z""",92,submitted,"""2026-05-24T11:39:09.000Z""","""2026-05-24T12:07:09.000Z"""
9,4,177,balanced,mock,11,30,"""2026-05-25T18:14:39.000Z""","""2026-05-25T18:32:39.000Z""",80,submitted,"""2026-05-25T18:14:39.000Z""","""2026-05-25T18:32:39.000Z"""
10,4,177,balanced,mock,12,30,"""2026-05-26T10:24:24.000Z""","""2026-05-26T10:40:24.000Z""",90.91,submitted,"""2026-05-26T10:24:24.000Z""","""2026-05-26T10:40:24.000Z"""
11,4,71,balanced,mock,13,30,"""2026-05-27T17:23:03.000Z""","""2026-05-27T17:51:03.000Z""",76.92,submitted,"""2026-05-27T17:23:03.000Z""","""2026-05-27T17:51:03.000Z"""
12,4,162,balanced,mock,14,30,"""2026-05-28T13:50:55.000Z""","""2026-05-28T14:08:55.000Z""",78.57,submitted,"""2026-05-28T13:50:55.000Z""","""2026-05-28T14:08:55.000Z"""
13,5,235,balanced,mock,10,30,"""2026-06-11T08:14:38.000Z""","""2026-06-11T08:43:38.000Z""",52.63,submitted,"""2026-06-11T08:14:38.000Z""","""2026-06-11T08:43:38.000Z"""
14,5,235,balanced,mock,11,30,"""2026-06-12T21:26:37.000Z""","""2026-06-12T21:50:37.000Z""",45.83,submitted,"""2026-06-12T21:26:37.000Z""","""2026-06-12T21:50:37.000Z"""
15,5,235,balanced,mock,10,30,"""2026-06-13T15:09:55.000Z""","""2026-06-13T15:26:55.000Z""",45.45,submitted,"""2026-06-13T15:09:55.000Z""","""2026-06-13T15:26:55.000Z"""
16,5,235,balanced,mock,11,30,"""2026-06-14T20:13:32.000Z""","""2026-06-14T20:44:32.000Z""",88,submitted,"""2026-06-14T20:13:32.000Z""","""2026-06-14T20:44:32.000Z"""
17,5,235,balanced,mock,12,30,"""2026-06-15T13:09:47.000Z""","""2026-06-15T13:41:47.000Z""",80.77,submitted,"""2026-06-15T13:09:47.000Z""","""2026-06-15T13:41:47.000Z"""
18,5,153,balanced,mock,13,30,"""2026-06-16T16:14:21.000Z""","""2026-06-16T16:54:21.000Z""",59.26,submitted,"""2026-06-16T16:14:21.000Z""","""2026-06-16T16:54:21.000Z"""
19,5,64,balanced,mock,12,30,"""2026-06-17T14:37:01.000Z""","""2026-06-17T14:51:01.000Z""",37.04,submitted,"""2026-06-17T14:37:01.000Z""","""2026-06-17T14:51:01.000Z"""
20,6,71,balanced,mock,12,30,"""2026-05-23T16:16:27.000Z""","""2026-05-23T16:39:27.000Z""",48,submitted,"""2026-05-23T16:16:27.000Z""","""2026-05-23T16:39:27.000Z"""
21,6,71,balanced,mock,14,30,"""2026-04-29T12:47:46.000Z""","""2026-04-29T13:03:46.000Z""",43.33,submitted,"""2026-04-29T12:47:46.000Z""","""2026-04-29T13:03:46.000Z"""
22,6,71,balanced,mock,11,30,"""2026-06-07T12:52:21.000Z""","""2026-06-07T13:08:21.000Z""",69.57,submitted,"""2026-06-07T12:52:21.000Z""","""2026-06-07T13:08:21.000Z"""
23,6,5,balanced,mock,12,30,"""2026-05-08T09:54:37.000Z""","""2026-05-08T10:21:37.000Z""",81.82,submitted,"""2026-05-08T09:54:37.000Z""","""2026-05-08T10:21:37.000Z"""
24,6,18,balanced,mock,12,30,"""2026-04-30T20:45:13.000Z""","""2026-04-30T21:09:13.000Z""",59.09,submitted,"""2026-04-30T20:45:13.000Z""","""2026-04-30T21:09:13.000Z"""
25,10,93,balanced,mock,12,30,"""2026-05-13T14:04:48.000Z""","""2026-05-13T14:33:48.000Z""",22.22,submitted,"""2026-05-13T14:04:48.000Z""","""2026-05-13T14:33:48.000Z"""
26,10,93,balanced,mock,14,30,"""2026-05-14T11:27:11.000Z""","""2026-05-14T11:40:11.000Z""",60.71,submitted,"""2026-05-14T11:27:11.000Z""","""2026-05-14T11:40:11.000Z"""
27,10,93,balanced,mock,12,30,"""2026-05-15T16:46:04.000Z""","""2026-05-15T17:06:04.000Z""",58.33,submitted,"""2026-05-15T16:46:04.000Z""","""2026-05-15T17:06:04.000Z"""
28,10,93,balanced,mock,14,30,"""2026-05-16T14:30:31.000Z""","""2026-05-16T14:44:31.000Z""",51.61,submitted,"""2026-05-16T14:30:31.000Z""","""2026-05-16T14:44:31.000Z"""
29,10,161,balanced,mock,12,30,"""2026-05-17T21:31:45.000Z""","""2026-05-17T21:46:45.000Z""",37.5,submitted,"""2026-05-17T21:31:45.000Z""","""2026-05-17T21:46:45.000Z"""
30,10,71,balanced,mock,12,30,"""2026-05-18T14:03:51.000Z""","""2026-05-18T14:22:51.000Z""",56,submitted,"""2026-05-18T14:03:51.000Z""","""2026-05-18T14:22:51.000Z"""
31,12,131,balanced,mock,11,30,"""2026-05-14T08:01:00.000Z""","""2026-05-14T08:19:00.000Z""",81.82,submitted,"""2026-05-14T08:01:00.000Z""","""2026-05-14T08:19:00.000Z"""
32,12,131,balanced,mock,13,30,"""2026-05-15T09:59:08.000Z""","""2026-05-15T10:12:08.000Z""",61.54,submitted,"""2026-05-15T09:59:08.000Z""","""2026-05-15T10:12:08.000Z"""
33,12,131,balanced,mock,12,30,"""2026-05-16T12:32:47.000Z""","""2026-05-16T13:07:47.000Z""",70.83,submitted,"""2026-05-16T12:32:47.000Z""","""2026-05-16T13:07:47.000Z"""
34,12,131,balanced,mock,12,30,"""2026-05-17T15:39:20.000Z""","""2026-05-17T16:04:20.000Z""",77.27,submitted,"""2026-05-17T15:39:20.000Z""","""2026-05-17T16:04:20.000Z"""
35,12,123,balanced,mock,12,30,"""2026-05-06T09:17:03.000Z""","""2026-05-06T09:33:03.000Z""",65.38,submitted,"""2026-05-06T09:17:03.000Z""","""2026-05-06T09:33:03.000Z"""
36,12,192,balanced,mock,11,30,"""2026-05-12T16:26:53.000Z""","""2026-05-12T16:38:53.000Z""",95,submitted,"""2026-05-12T16:26:53.000Z""","""2026-05-12T16:38:53.000Z"""
37,14,137,balanced,mock,14,30,"""2026-05-11T08:50:57.000Z""","""2026-05-11T09:30:57.000Z""",51.61,submitted,"""2026-05-11T08:50:57.000Z""","""2026-05-11T09:30:57.000Z"""
38,14,137,balanced,mock,11,30,"""2026-05-20T12:02:10.000Z""","""2026-05-20T12:40:10.000Z""",52.17,submitted,"""2026-05-20T12:02:10.000Z""","""2026-05-20T12:40:10.000Z"""
39,14,137,balanced,mock,14,30,"""2026-05-01T21:19:08.000Z""","""2026-05-01T21:44:08.000Z""",53.57,submitted,"""2026-05-01T21:19:08.000Z""","""2026-05-01T21:44:08.000Z"""
40,14,137,balanced,mock,11,30,"""2026-05-31T18:16:37.000Z""","""2026-05-31T18:48:37.000Z""",60.87,submitted,"""2026-05-31T18:16:37.000Z""","""2026-05-31T18:48:37.000Z"""
41,14,171,balanced,mock,10,30,"""2026-04-28T14:30:48.000Z""","""2026-04-28T14:53:48.000Z""",20,submitted,"""2026-04-28T14:30:48.000Z""","""2026-04-28T14:53:48.000Z"""
42,14,9,balanced,mock,13,30,"""2026-05-07T18:05:26.000Z""","""2026-05-07T18:25:26.000Z""",86.36,submitted,"""2026-05-07T18:05:26.000Z""","""2026-05-07T18:25:26.000Z"""
43,16,125,balanced,mock,10,30,"""2026-05-22T10:44:05.000Z""","""2026-05-22T11:24:05.000Z""",90,submitted,"""2026-05-22T10:44:05.000Z""","""2026-05-22T11:24:05.000Z"""
44,16,125,balanced,mock,11,30,"""2026-05-23T17:39:09.000Z""","""2026-05-23T18:07:09.000Z""",52,submitted,"""2026-05-23T17:39:09.000Z""","""2026-05-23T18:07:09.000Z"""
45,16,125,balanced,mock,12,30,"""2026-05-24T11:46:40.000Z""","""2026-05-24T12:10:40.000Z""",56,submitted,"""2026-05-24T11:46:40.000Z""","""2026-05-24T12:10:40.000Z"""
46,16,220,balanced,mock,10,30,"""2026-05-25T12:30:16.000Z""","""2026-05-25T13:06:16.000Z""",33.33,submitted,"""2026-05-25T12:30:16.000Z""","""2026-05-25T13:06:16.000Z"""
47,16,125,balanced,mock,11,30,"""2026-05-26T15:47:06.000Z""","""2026-05-26T16:03:06.000Z""",70,submitted,"""2026-05-26T15:47:06.000Z""","""2026-05-26T16:03:06.000Z"""
48,18,131,balanced,mock,12,30,"""2026-05-24T08:45:41.000Z""","""2026-05-24T09:16:41.000Z""",78.26,submitted,"""2026-05-24T08:45:41.000Z""","""2026-05-24T09:16:41.000Z"""
49,18,131,balanced,mock,14,30,"""2026-05-25T12:22:02.000Z""","""2026-05-25T12:45:02.000Z""",60.71,submitted,"""2026-05-25T12:22:02.000Z""","""2026-05-25T12:45:02.000Z"""
50,18,131,balanced,mock,11,30,"""2026-05-26T08:14:54.000Z""","""2026-05-26T08:28:54.000Z""",86.36,submitted,"""2026-05-26T08:14:54.000Z""","""2026-05-26T08:28:54.000Z"""
51,18,131,balanced,mock,11,30,"""2026-05-27T10:47:02.000Z""","""2026-05-27T11:08:02.000Z""",85,submitted,"""2026-05-27T10:47:02.000Z""","""2026-05-27T11:08:02.000Z"""
52,18,162,balanced,mock,14,30,"""2026-06-02T10:42:47.000Z""","""2026-06-02T11:20:47.000Z""",81.48,submitted,"""2026-06-02T10:42:47.000Z""","""2026-06-02T11:20:47.000Z"""
53,18,208,balanced,mock,12,30,"""2026-05-03T18:12:54.000Z""","""2026-05-03T18:30:54.000Z""",100,submitted,"""2026-05-03T18:12:54.000Z""","""2026-05-03T18:30:54.000Z"""
54,20,12,balanced,mock,11,30,"""2026-05-23T20:31:00.000Z""","""2026-05-23T21:01:00.000Z""",64,submitted,"""2026-05-23T20:31:00.000Z""","""2026-05-23T21:01:00.000Z"""
55,20,12,balanced,mock,13,30,"""2026-05-24T16:29:09.000Z""","""2026-05-24T16:51:09.000Z""",13.04,submitted,"""2026-05-24T16:29:09.000Z""","""2026-05-24T16:51:09.000Z"""
56,20,12,balanced,mock,11,30,"""2026-05-25T18:19:19.000Z""","""2026-05-25T18:43:19.000Z""",25,submitted,"""2026-05-25T18:19:19.000Z""","""2026-05-25T18:43:19.000Z"""
57,20,12,balanced,mock,10,30,"""2026-05-26T17:12:16.000Z""","""2026-05-26T17:27:16.000Z""",41.18,submitted,"""2026-05-26T17:12:16.000Z""","""2026-05-26T17:27:16.000Z"""
58,20,12,balanced,mock,11,30,"""2026-05-13T15:51:22.000Z""","""2026-05-13T16:24:22.000Z""",63.16,submitted,"""2026-05-13T15:51:22.000Z""","""2026-05-13T16:24:22.000Z"""
59,20,12,balanced,mock,14,30,"""2026-05-13T20:16:48.000Z""","""2026-05-13T20:55:48.000Z""",30.77,submitted,"""2026-05-13T20:16:48.000Z""","""2026-05-13T20:55:48.000Z"""
60,20,39,balanced,mock,10,30,"""2026-05-16T09:46:29.000Z""","""2026-05-16T10:08:29.000Z""",44,submitted,"""2026-05-16T09:46:29.000Z""","""2026-05-16T10:08:29.000Z"""
61,21,172,balanced,mock,13,30,"""2026-05-17T16:07:38.000Z""","""2026-05-17T16:40:38.000Z""",42.31,submitted,"""2026-05-17T16:07:38.000Z""","""2026-05-17T16:40:38.000Z"""
62,21,172,balanced,mock,14,30,"""2026-05-18T18:03:59.000Z""","""2026-05-18T18:38:59.000Z""",60.71,submitted,"""2026-05-18T18:03:59.000Z""","""2026-05-18T18:38:59.000Z"""
63,21,172,balanced,mock,10,30,"""2026-05-19T15:03:29.000Z""","""2026-05-19T15:30:29.000Z""",68.42,submitted,"""2026-05-19T15:03:29.000Z""","""2026-05-19T15:30:29.000Z"""
64,21,172,balanced,mock,12,30,"""2026-05-20T10:00:51.000Z""","""2026-05-20T10:23:51.000Z""",27.27,submitted,"""2026-05-20T10:00:51.000Z""","""2026-05-20T10:23:51.000Z"""
65,21,172,balanced,mock,10,30,"""2026-05-21T08:42:49.000Z""","""2026-05-21T08:54:49.000Z""",11.11,submitted,"""2026-05-21T08:42:49.000Z""","""2026-05-21T08:54:49.000Z"""
66,21,46,balanced,mock,13,30,"""2026-05-15T17:21:32.000Z""","""2026-05-15T17:51:32.000Z""",33.33,submitted,"""2026-05-15T17:21:32.000Z""","""2026-05-15T17:51:32.000Z"""
67,21,141,balanced,mock,10,30,"""2026-05-18T15:16:42.000Z""","""2026-05-18T15:34:42.000Z""",68.42,submitted,"""2026-05-18T15:16:42.000Z""","""2026-05-18T15:34:42.000Z"""
68,22,33,balanced,mock,14,30,"""2026-05-15T15:05:53.000Z""","""2026-05-15T15:42:53.000Z""",73.08,submitted,"""2026-05-15T15:05:53.000Z""","""2026-05-15T15:42:53.000Z"""
69,22,33,balanced,mock,14,30,"""2026-05-16T10:53:59.000Z""","""2026-05-16T11:32:59.000Z""",62.07,submitted,"""2026-05-16T10:53:59.000Z""","""2026-05-16T11:32:59.000Z"""
70,22,33,balanced,mock,13,30,"""2026-05-17T13:47:18.000Z""","""2026-05-17T14:21:18.000Z""",42.86,submitted,"""2026-05-17T13:47:18.000Z""","""2026-05-17T14:21:18.000Z"""
71,22,191,balanced,mock,13,30,"""2026-05-18T20:49:22.000Z""","""2026-05-18T21:09:22.000Z""",61.54,submitted,"""2026-05-18T20:49:22.000Z""","""2026-05-18T21:09:22.000Z"""
72,22,33,balanced,mock,11,30,"""2026-05-19T17:14:18.000Z""","""2026-05-19T17:32:18.000Z""",54.17,submitted,"""2026-05-19T17:14:18.000Z""","""2026-05-19T17:32:18.000Z"""
73,23,183,balanced,mock,10,30,"""2026-05-10T21:01:55.000Z""","""2026-05-10T21:20:55.000Z""",33.33,submitted,"""2026-05-10T21:01:55.000Z""","""2026-05-10T21:20:55.000Z"""
74,23,183,balanced,mock,11,30,"""2026-05-14T12:01:23.000Z""","""2026-05-14T12:20:23.000Z""",41.67,submitted,"""2026-05-14T12:01:23.000Z""","""2026-05-14T12:20:23.000Z"""
75,23,183,balanced,mock,13,30,"""2026-05-11T21:00:17.000Z""","""2026-05-11T21:37:17.000Z""",62.96,submitted,"""2026-05-11T21:00:17.000Z""","""2026-05-11T21:37:17.000Z"""
76,23,183,balanced,mock,13,30,"""2026-05-30T08:34:46.000Z""","""2026-05-30T09:05:46.000Z""",33.33,submitted,"""2026-05-30T08:34:46.000Z""","""2026-05-30T09:05:46.000Z"""
77,23,183,balanced,mock,10,30,"""2026-05-31T11:27:37.000Z""","""2026-05-31T12:05:37.000Z""",36.84,submitted,"""2026-05-31T11:27:37.000Z""","""2026-05-31T12:05:37.000Z"""
78,23,155,balanced,mock,14,30,"""2026-05-17T09:54:17.000Z""","""2026-05-17T10:21:17.000Z""",67.86,submitted,"""2026-05-17T09:54:17.000Z""","""2026-05-17T10:21:17.000Z"""
79,23,15,balanced,mock,11,30,"""2026-06-09T11:51:28.000Z""","""2026-06-09T12:09:28.000Z""",58.33,submitted,"""2026-06-09T11:51:28.000Z""","""2026-06-09T12:09:28.000Z"""
80,24,1,balanced,mock,12,30,"""2026-05-26T15:14:08.000Z""","""2026-05-26T15:34:08.000Z""",30.43,submitted,"""2026-05-26T15:14:08.000Z""","""2026-05-26T15:34:08.000Z"""
81,24,1,balanced,mock,11,30,"""2026-05-27T12:36:10.000Z""","""2026-05-27T13:01:10.000Z""",26.09,submitted,"""2026-05-27T12:36:10.000Z""","""2026-05-27T13:01:10.000Z"""
82,24,1,balanced,mock,12,30,"""2026-05-28T07:55:17.000Z""","""2026-05-28T08:17:17.000Z""",36.36,submitted,"""2026-05-28T07:55:17.000Z""","""2026-05-28T08:17:17.000Z"""
83,24,1,balanced,mock,14,30,"""2026-05-29T20:34:27.000Z""","""2026-05-29T20:51:27.000Z""",41.38,submitted,"""2026-05-29T20:34:27.000Z""","""2026-05-29T20:51:27.000Z"""
84,24,1,balanced,mock,13,30,"""2026-05-16T13:48:07.000Z""","""2026-05-16T14:04:07.000Z""",53.57,submitted,"""2026-05-16T13:48:07.000Z""","""2026-05-16T14:04:07.000Z"""
85,24,69,balanced,mock,11,30,"""2026-05-20T16:05:12.000Z""","""2026-05-20T16:33:12.000Z""",60.87,submitted,"""2026-05-20T16:05:12.000Z""","""2026-05-20T16:33:12.000Z"""
86,24,79,balanced,mock,12,30,"""2026-06-12T20:42:36.000Z""","""2026-06-12T21:02:36.000Z""",34.62,submitted,"""2026-06-12T20:42:36.000Z""","""2026-06-12T21:02:36.000Z"""
87,25,225,balanced,mock,13,30,"""2026-06-07T13:02:47.000Z""","""2026-06-07T13:31:47.000Z""",69.23,submitted,"""2026-06-07T13:02:47.000Z""","""2026-06-07T13:31:47.000Z"""
88,25,225,balanced,mock,10,30,"""2026-06-08T13:02:51.000Z""","""2026-06-08T13:39:51.000Z""",77.27,submitted,"""2026-06-08T13:02:51.000Z""","""2026-06-08T13:39:51.000Z"""
89,25,225,balanced,mock,13,30,"""2026-06-09T13:58:50.000Z""","""2026-06-09T14:25:50.000Z""",75,submitted,"""2026-06-09T13:58:50.000Z""","""2026-06-09T14:25:50.000Z"""
90,25,225,balanced,mock,13,30,"""2026-06-10T10:16:47.000Z""","""2026-06-10T10:37:47.000Z""",77.78,submitted,"""2026-06-10T10:16:47.000Z""","""2026-06-10T10:37:47.000Z"""
91,25,158,balanced,mock,11,30,"""2026-06-11T07:35:39.000Z""","""2026-06-11T08:14:39.000Z""",77.27,submitted,"""2026-06-11T07:35:39.000Z""","""2026-06-11T08:14:39.000Z"""
92,25,99,balanced,mock,11,30,"""2026-06-12T09:40:53.000Z""","""2026-06-12T09:59:53.000Z""",68.18,submitted,"""2026-06-12T09:40:53.000Z""","""2026-06-12T09:59:53.000Z"""
93,26,235,balanced,mock,13,30,"""2026-05-29T18:39:15.000Z""","""2026-05-29T18:54:15.000Z""",60,submitted,"""2026-05-29T18:39:15.000Z""","""2026-05-29T18:54:15.000Z"""
94,26,235,balanced,mock,10,30,"""2026-05-30T18:12:16.000Z""","""2026-05-30T18:30:16.000Z""",42.11,submitted,"""2026-05-30T18:12:16.000Z""","""2026-05-30T18:30:16.000Z"""
95,26,235,balanced,mock,10,30,"""2026-05-31T09:07:07.000Z""","""2026-05-31T09:32:07.000Z""",52.94,submitted,"""2026-05-31T09:07:07.000Z""","""2026-05-31T09:32:07.000Z"""
96,26,235,balanced,mock,12,30,"""2026-06-01T13:07:47.000Z""","""2026-06-01T13:36:47.000Z""",44.44,submitted,"""2026-06-01T13:07:47.000Z""","""2026-06-01T13:36:47.000Z"""
97,26,27,balanced,mock,14,30,"""2026-06-02T08:41:02.000Z""","""2026-06-02T08:58:02.000Z""",19.23,submitted,"""2026-06-02T08:41:02.000Z""","""2026-06-02T08:58:02.000Z"""
98,26,49,balanced,mock,12,30,"""2026-05-16T11:09:14.000Z""","""2026-05-16T11:24:14.000Z""",40,submitted,"""2026-05-16T11:09:14.000Z""","""2026-05-16T11:24:14.000Z"""
99,27,70,balanced,mock,14,30,"""2026-05-20T15:53:50.000Z""","""2026-05-20T16:16:50.000Z""",77.78,submitted,"""2026-05-20T15:53:50.000Z""","""2026-05-20T16:16:50.000Z"""
100,27,70,balanced,mock,11,30,"""2026-05-11T15:44:32.000Z""","""2026-05-11T16:12:32.000Z""",50,submitted,"""2026-05-11T15:44:32.000Z""","""2026-05-11T16:12:32.000Z"""
101,27,70,balanced,mock,10,30,"""2026-04-28T09:08:30.000Z""","""2026-04-28T09:25:30.000Z""",20,submitted,"""2026-04-28T09:08:30.000Z""","""2026-04-28T09:25:30.000Z"""
102,27,70,balanced,mock,13,30,"""2026-05-14T09:24:28.000Z""","""2026-05-14T09:58:28.000Z""",82.76,submitted,"""2026-05-14T09:24:28.000Z""","""2026-05-14T09:58:28.000Z"""
103,27,70,balanced,mock,10,30,"""2026-06-10T16:47:43.000Z""","""2026-06-10T17:04:43.000Z""",66.67,submitted,"""2026-06-10T16:47:43.000Z""","""2026-06-10T17:04:43.000Z"""
104,27,166,balanced,mock,13,30,"""2026-05-16T07:55:57.000Z""","""2026-05-16T08:17:57.000Z""",70.37,submitted,"""2026-05-16T07:55:57.000Z""","""2026-05-16T08:17:57.000Z"""
105,27,164,balanced,mock,11,30,"""2026-05-31T11:38:28.000Z""","""2026-05-31T11:51:28.000Z""",29.17,submitted,"""2026-05-31T11:38:28.000Z""","""2026-05-31T11:51:28.000Z"""
106,28,163,balanced,mock,12,30,"""2026-05-09T14:54:51.000Z""","""2026-05-09T15:15:51.000Z""",43.48,submitted,"""2026-05-09T14:54:51.000Z""","""2026-05-09T15:15:51.000Z"""
107,28,163,balanced,mock,13,30,"""2026-05-10T15:46:47.000Z""","""2026-05-10T16:13:47.000Z""",69.57,submitted,"""2026-05-10T15:46:47.000Z""","""2026-05-10T16:13:47.000Z"""
108,28,163,balanced,mock,13,30,"""2026-05-11T10:29:06.000Z""","""2026-05-11T11:01:06.000Z""",55.17,submitted,"""2026-05-11T10:29:06.000Z""","""2026-05-11T11:01:06.000Z"""
109,28,163,balanced,mock,14,30,"""2026-05-12T10:55:49.000Z""","""2026-05-12T11:30:49.000Z""",60,submitted,"""2026-05-12T10:55:49.000Z""","""2026-05-12T11:30:49.000Z"""
110,28,163,balanced,mock,14,30,"""2026-05-13T20:02:11.000Z""","""2026-05-13T20:21:11.000Z""",67.86,submitted,"""2026-05-13T20:02:11.000Z""","""2026-05-13T20:21:11.000Z"""
111,28,36,balanced,mock,14,30,"""2026-05-14T10:36:09.000Z""","""2026-05-14T11:11:09.000Z""",31.03,submitted,"""2026-05-14T10:36:09.000Z""","""2026-05-14T11:11:09.000Z"""
112,28,235,balanced,mock,10,30,"""2026-05-15T16:41:25.000Z""","""2026-05-15T17:05:25.000Z""",52.38,submitted,"""2026-05-15T16:41:25.000Z""","""2026-05-15T17:05:25.000Z"""
113,29,163,balanced,mock,11,30,"""2026-05-20T16:04:21.000Z""","""2026-05-20T16:43:21.000Z""",31.82,submitted,"""2026-05-20T16:04:21.000Z""","""2026-05-20T16:43:21.000Z"""
114,29,163,balanced,mock,10,30,"""2026-05-21T13:24:18.000Z""","""2026-05-21T14:04:18.000Z""",36.84,submitted,"""2026-05-21T13:24:18.000Z""","""2026-05-21T14:04:18.000Z"""
115,29,163,balanced,mock,12,30,"""2026-05-22T16:04:29.000Z""","""2026-05-22T16:40:29.000Z""",38.1,submitted,"""2026-05-22T16:04:29.000Z""","""2026-05-22T16:40:29.000Z"""
116,29,163,balanced,mock,12,30,"""2026-05-23T15:18:51.000Z""","""2026-05-23T15:48:51.000Z""",30.77,submitted,"""2026-05-23T15:18:51.000Z""","""2026-05-23T15:48:51.000Z"""
117,29,163,balanced,mock,11,30,"""2026-05-24T11:19:52.000Z""","""2026-05-24T11:45:52.000Z""",4.76,submitted,"""2026-05-24T11:19:52.000Z""","""2026-05-24T11:45:52.000Z"""
118,30,12,balanced,mock,13,30,"""2026-05-22T10:03:01.000Z""","""2026-05-22T10:21:01.000Z""",18.52,submitted,"""2026-05-22T10:03:01.000Z""","""2026-05-22T10:21:01.000Z"""
119,30,12,balanced,mock,12,30,"""2026-05-23T20:35:54.000Z""","""2026-05-23T20:49:54.000Z""",28.57,submitted,"""2026-05-23T20:35:54.000Z""","""2026-05-23T20:49:54.000Z"""
120,30,12,balanced,mock,11,30,"""2026-05-24T20:27:59.000Z""","""2026-05-24T20:56:59.000Z""",31.82,submitted,"""2026-05-24T20:27:59.000Z""","""2026-05-24T20:56:59.000Z"""
121,30,12,balanced,mock,10,30,"""2026-05-25T14:00:03.000Z""","""2026-05-25T14:20:03.000Z""",36.36,submitted,"""2026-05-25T14:00:03.000Z""","""2026-05-25T14:20:03.000Z"""
122,30,73,balanced,mock,12,30,"""2026-05-26T14:20:10.000Z""","""2026-05-26T14:37:10.000Z""",20,submitted,"""2026-05-26T14:20:10.000Z""","""2026-05-26T14:37:10.000Z"""
123,30,125,balanced,mock,13,30,"""2026-05-27T15:06:57.000Z""","""2026-05-27T15:22:57.000Z""",65.38,submitted,"""2026-05-27T15:06:57.000Z""","""2026-05-27T15:22:57.000Z"""
124,31,28,balanced,mock,11,30,"""2026-05-20T13:52:55.000Z""","""2026-05-20T14:24:55.000Z""",50,submitted,"""2026-05-20T13:52:55.000Z""","""2026-05-20T14:24:55.000Z"""
125,31,28,balanced,mock,11,30,"""2026-05-21T17:01:37.000Z""","""2026-05-21T17:30:37.000Z""",39.13,submitted,"""2026-05-21T17:01:37.000Z""","""2026-05-21T17:30:37.000Z"""
126,31,28,balanced,mock,10,30,"""2026-05-22T17:12:18.000Z""","""2026-05-22T17:50:18.000Z""",52.63,submitted,"""2026-05-22T17:12:18.000Z""","""2026-05-22T17:50:18.000Z"""
127,31,28,balanced,mock,10,30,"""2026-05-23T14:57:34.000Z""","""2026-05-23T15:28:34.000Z""",13.04,submitted,"""2026-05-23T14:57:34.000Z""","""2026-05-23T15:28:34.000Z"""
128,31,28,balanced,mock,10,30,"""2026-05-24T20:14:55.000Z""","""2026-05-24T20:52:55.000Z""",50,submitted,"""2026-05-24T20:14:55.000Z""","""2026-05-24T20:52:55.000Z"""
129,31,130,balanced,mock,14,30,"""2026-05-25T20:53:25.000Z""","""2026-05-25T21:28:25.000Z""",26.67,submitted,"""2026-05-25T20:53:25.000Z""","""2026-05-25T21:28:25.000Z"""
130,31,201,balanced,mock,14,30,"""2026-05-26T08:03:31.000Z""","""2026-05-26T08:22:31.000Z""",48.15,submitted,"""2026-05-26T08:03:31.000Z""","""2026-05-26T08:22:31.000Z"""
131,32,99,balanced,mock,14,30,"""2026-05-24T20:32:45.000Z""","""2026-05-24T20:58:45.000Z""",75.86,submitted,"""2026-05-24T20:32:45.000Z""","""2026-05-24T20:58:45.000Z"""
132,32,99,balanced,mock,12,30,"""2026-05-25T13:15:40.000Z""","""2026-05-25T13:49:40.000Z""",80,submitted,"""2026-05-25T13:15:40.000Z""","""2026-05-25T13:49:40.000Z"""
133,32,99,balanced,mock,12,30,"""2026-05-26T16:28:08.000Z""","""2026-05-26T17:01:08.000Z""",56,submitted,"""2026-05-26T16:28:08.000Z""","""2026-05-26T17:01:08.000Z"""
134,32,99,balanced,mock,12,30,"""2026-05-27T21:20:59.000Z""","""2026-05-27T21:45:59.000Z""",60.87,submitted,"""2026-05-27T21:20:59.000Z""","""2026-05-27T21:45:59.000Z"""
135,32,99,balanced,mock,14,30,"""2026-06-01T09:21:45.000Z""","""2026-06-01T09:50:45.000Z""",59.26,submitted,"""2026-06-01T09:21:45.000Z""","""2026-06-01T09:50:45.000Z"""
136,32,234,balanced,mock,14,30,"""2026-05-09T15:50:49.000Z""","""2026-05-09T16:05:49.000Z""",53.85,submitted,"""2026-05-09T15:50:49.000Z""","""2026-05-09T16:05:49.000Z"""
137,32,137,balanced,mock,14,30,"""2026-05-25T11:41:33.000Z""","""2026-05-25T12:05:33.000Z""",59.26,submitted,"""2026-05-25T11:41:33.000Z""","""2026-05-25T12:05:33.000Z"""
138,33,114,balanced,mock,10,30,"""2026-05-17T10:28:09.000Z""","""2026-05-17T10:46:09.000Z""",4.55,submitted,"""2026-05-17T10:28:09.000Z""","""2026-05-17T10:46:09.000Z"""
139,33,114,balanced,mock,11,30,"""2026-05-18T16:30:34.000Z""","""2026-05-18T16:44:34.000Z""",50,submitted,"""2026-05-18T16:30:34.000Z""","""2026-05-18T16:44:34.000Z"""
140,33,114,balanced,mock,12,30,"""2026-05-19T14:31:23.000Z""","""2026-05-19T15:04:23.000Z""",65.38,submitted,"""2026-05-19T14:31:23.000Z""","""2026-05-19T15:04:23.000Z"""
141,33,114,balanced,mock,12,30,"""2026-05-20T19:17:10.000Z""","""2026-05-20T19:35:10.000Z""",46.15,submitted,"""2026-05-20T19:17:10.000Z""","""2026-05-20T19:35:10.000Z"""
142,33,114,balanced,mock,14,30,"""2026-05-21T19:05:52.000Z""","""2026-05-21T19:40:52.000Z""",27.59,submitted,"""2026-05-21T19:05:52.000Z""","""2026-05-21T19:40:52.000Z"""
143,33,13,balanced,mock,14,30,"""2026-05-22T18:23:12.000Z""","""2026-05-22T18:44:12.000Z""",91.67,submitted,"""2026-05-22T18:23:12.000Z""","""2026-05-22T18:44:12.000Z"""
144,33,206,balanced,mock,13,30,"""2026-05-23T09:33:37.000Z""","""2026-05-23T10:13:37.000Z""",57.69,submitted,"""2026-05-23T09:33:37.000Z""","""2026-05-23T10:13:37.000Z"""
145,62,160,balanced,mock,14,30,"""2026-05-13T09:21:27.000Z""","""2026-05-13T09:41:27.000Z""",42.86,submitted,"""2026-05-13T09:21:27.000Z""","""2026-05-13T09:41:27.000Z"""
146,62,160,balanced,mock,13,30,"""2026-05-14T21:06:47.000Z""","""2026-05-14T21:25:47.000Z""",62.5,submitted,"""2026-05-14T21:06:47.000Z""","""2026-05-14T21:25:47.000Z"""
147,62,160,balanced,mock,10,30,"""2026-05-15T19:49:55.000Z""","""2026-05-15T20:01:55.000Z""",38.1,submitted,"""2026-05-15T19:49:55.000Z""","""2026-05-15T20:01:55.000Z"""
148,62,233,balanced,mock,13,30,"""2026-05-16T20:17:05.000Z""","""2026-05-16T20:30:05.000Z""",28.57,submitted,"""2026-05-16T20:17:05.000Z""","""2026-05-16T20:30:05.000Z"""
149,62,152,balanced,mock,10,30,"""2026-06-01T12:08:45.000Z""","""2026-06-01T12:39:45.000Z""",38.89,submitted,"""2026-06-01T12:08:45.000Z""","""2026-06-01T12:39:45.000Z"""
150,63,2,balanced,mock,13,30,"""2026-05-10T12:40:38.000Z""","""2026-05-10T12:56:38.000Z""",46.15,submitted,"""2026-05-10T12:40:38.000Z""","""2026-05-10T12:56:38.000Z"""
151,63,2,balanced,mock,13,30,"""2026-05-11T14:08:26.000Z""","""2026-05-11T14:39:26.000Z""",33.33,submitted,"""2026-05-11T14:08:26.000Z""","""2026-05-11T14:39:26.000Z"""
152,63,2,balanced,mock,10,30,"""2026-05-12T19:09:48.000Z""","""2026-05-12T19:39:48.000Z""",58.33,submitted,"""2026-05-12T19:09:48.000Z""","""2026-05-12T19:39:48.000Z"""
153,63,2,balanced,mock,11,30,"""2026-05-13T17:30:35.000Z""","""2026-05-13T18:02:35.000Z""",57.69,submitted,"""2026-05-13T17:30:35.000Z""","""2026-05-13T18:02:35.000Z"""
154,63,58,balanced,mock,14,30,"""2026-05-14T13:55:13.000Z""","""2026-05-14T14:07:13.000Z""",43.75,submitted,"""2026-05-14T13:55:13.000Z""","""2026-05-14T14:07:13.000Z"""
155,63,204,balanced,mock,14,30,"""2026-05-29T09:53:09.000Z""","""2026-05-29T10:11:09.000Z""",21.43,submitted,"""2026-05-29T09:53:09.000Z""","""2026-05-29T10:11:09.000Z"""
156,64,6,balanced,mock,13,30,"""2026-05-27T10:22:38.000Z""","""2026-05-27T10:39:38.000Z""",57.69,submitted,"""2026-05-27T10:22:38.000Z""","""2026-05-27T10:39:38.000Z"""
157,64,6,balanced,mock,12,30,"""2026-05-28T18:13:27.000Z""","""2026-05-28T18:46:27.000Z""",51.85,submitted,"""2026-05-28T18:13:27.000Z""","""2026-05-28T18:46:27.000Z"""
158,64,6,balanced,mock,12,30,"""2026-05-29T11:15:32.000Z""","""2026-05-29T11:32:32.000Z""",44,submitted,"""2026-05-29T11:15:32.000Z""","""2026-05-29T11:32:32.000Z"""
159,64,6,balanced,mock,10,30,"""2026-05-30T09:45:03.000Z""","""2026-05-30T10:01:03.000Z""",82.61,submitted,"""2026-05-30T09:45:03.000Z""","""2026-05-30T10:01:03.000Z"""
160,64,6,balanced,mock,12,30,"""2026-05-31T08:30:49.000Z""","""2026-05-31T09:06:49.000Z""",28.57,submitted,"""2026-05-31T08:30:49.000Z""","""2026-05-31T09:06:49.000Z"""
161,64,159,balanced,mock,12,30,"""2026-06-08T17:57:49.000Z""","""2026-06-08T18:29:49.000Z""",54.55,submitted,"""2026-06-08T17:57:49.000Z""","""2026-06-08T18:29:49.000Z"""
162,64,171,balanced,mock,12,30,"""2026-05-20T14:55:43.000Z""","""2026-05-20T15:20:43.000Z""",70.37,submitted,"""2026-05-20T14:55:43.000Z""","""2026-05-20T15:20:43.000Z"""
163,65,188,balanced,mock,11,30,"""2026-05-29T15:23:29.000Z""","""2026-05-29T15:49:29.000Z""",66.67,submitted,"""2026-05-29T15:23:29.000Z""","""2026-05-29T15:49:29.000Z"""
164,65,188,balanced,mock,13,30,"""2026-05-30T11:21:33.000Z""","""2026-05-30T11:42:33.000Z""",46.15,submitted,"""2026-05-30T11:21:33.000Z""","""2026-05-30T11:42:33.000Z"""
165,65,188,balanced,mock,12,30,"""2026-05-31T10:21:29.000Z""","""2026-05-31T10:53:29.000Z""",79.17,submitted,"""2026-05-31T10:21:29.000Z""","""2026-05-31T10:53:29.000Z"""
166,65,188,balanced,mock,14,30,"""2026-05-31T18:52:52.000Z""","""2026-05-31T19:30:52.000Z""",46.67,submitted,"""2026-05-31T18:52:52.000Z""","""2026-05-31T19:30:52.000Z"""
167,65,158,balanced,mock,12,30,"""2026-05-17T14:49:24.000Z""","""2026-05-17T15:28:24.000Z""",23.08,submitted,"""2026-05-17T14:49:24.000Z""","""2026-05-17T15:28:24.000Z"""
168,65,102,balanced,mock,12,30,"""2026-04-30T20:39:15.000Z""","""2026-04-30T21:12:15.000Z""",40,submitted,"""2026-04-30T20:39:15.000Z""","""2026-04-30T21:12:15.000Z"""
169,66,201,balanced,mock,14,30,"""2026-05-08T18:13:54.000Z""","""2026-05-08T18:46:54.000Z""",66.67,submitted,"""2026-05-08T18:13:54.000Z""","""2026-05-08T18:46:54.000Z"""
170,66,201,balanced,mock,12,30,"""2026-05-09T19:33:37.000Z""","""2026-05-09T19:48:37.000Z""",70,submitted,"""2026-05-09T19:33:37.000Z""","""2026-05-09T19:48:37.000Z"""
171,66,201,balanced,mock,13,30,"""2026-05-10T15:08:15.000Z""","""2026-05-10T15:48:15.000Z""",66.67,submitted,"""2026-05-10T15:08:15.000Z""","""2026-05-10T15:48:15.000Z"""
172,66,201,balanced,mock,14,30,"""2026-05-11T10:03:34.000Z""","""2026-05-11T10:38:34.000Z""",50,submitted,"""2026-05-11T10:03:34.000Z""","""2026-05-11T10:38:34.000Z"""
173,66,206,balanced,mock,13,30,"""2026-05-12T15:01:46.000Z""","""2026-05-12T15:37:46.000Z""",57.69,submitted,"""2026-05-12T15:01:46.000Z""","""2026-05-12T15:37:46.000Z"""
174,66,169,balanced,mock,14,30,"""2026-05-13T18:30:09.000Z""","""2026-05-13T18:49:09.000Z""",48.28,submitted,"""2026-05-13T18:30:09.000Z""","""2026-05-13T18:49:09.000Z"""
175,67,208,balanced,mock,12,30,"""2026-05-11T18:00:33.000Z""","""2026-05-11T18:24:33.000Z""",37.5,submitted,"""2026-05-11T18:00:33.000Z""","""2026-05-11T18:24:33.000Z"""
176,67,208,balanced,mock,11,30,"""2026-05-12T18:24:12.000Z""","""2026-05-12T19:01:12.000Z""",24,submitted,"""2026-05-12T18:24:12.000Z""","""2026-05-12T19:01:12.000Z"""
177,67,208,balanced,mock,13,30,"""2026-05-13T08:52:36.000Z""","""2026-05-13T09:30:36.000Z""",63.16,submitted,"""2026-05-13T08:52:36.000Z""","""2026-05-13T09:30:36.000Z"""
178,67,47,balanced,mock,12,30,"""2026-05-14T13:53:05.000Z""","""2026-05-14T14:05:05.000Z""",58.33,submitted,"""2026-05-14T13:53:05.000Z""","""2026-05-14T14:05:05.000Z"""
179,67,159,balanced,mock,12,30,"""2026-05-15T09:32:45.000Z""","""2026-05-15T09:46:45.000Z""",48.15,submitted,"""2026-05-15T09:32:45.000Z""","""2026-05-15T09:46:45.000Z"""
180,68,83,balanced,mock,10,30,"""2026-05-20T20:37:41.000Z""","""2026-05-20T20:51:41.000Z""",42.11,submitted,"""2026-05-20T20:37:41.000Z""","""2026-05-20T20:51:41.000Z"""
181,68,83,balanced,mock,11,30,"""2026-05-21T13:11:41.000Z""","""2026-05-21T13:25:41.000Z""",30,submitted,"""2026-05-21T13:11:41.000Z""","""2026-05-21T13:25:41.000Z"""
182,68,83,balanced,mock,13,30,"""2026-05-22T14:22:50.000Z""","""2026-05-22T14:34:50.000Z""",37.5,submitted,"""2026-05-22T14:22:50.000Z""","""2026-05-22T14:34:50.000Z"""
183,68,5,balanced,mock,14,30,"""2026-05-23T21:12:03.000Z""","""2026-05-23T21:52:03.000Z""",86.21,submitted,"""2026-05-23T21:12:03.000Z""","""2026-05-23T21:52:03.000Z"""
184,68,226,balanced,mock,13,30,"""2026-05-24T13:20:59.000Z""","""2026-05-24T13:51:59.000Z""",44.44,submitted,"""2026-05-24T13:20:59.000Z""","""2026-05-24T13:51:59.000Z"""
185,69,102,balanced,mock,12,30,"""2026-05-28T09:05:16.000Z""","""2026-05-28T09:40:16.000Z""",55.17,submitted,"""2026-05-28T09:05:16.000Z""","""2026-05-28T09:40:16.000Z"""
186,69,102,balanced,mock,10,30,"""2026-05-12T19:14:30.000Z""","""2026-05-12T19:44:30.000Z""",69.57,submitted,"""2026-05-12T19:14:30.000Z""","""2026-05-12T19:44:30.000Z"""
187,69,102,balanced,mock,12,30,"""2026-05-21T12:55:19.000Z""","""2026-05-21T13:26:19.000Z""",51.72,submitted,"""2026-05-21T12:55:19.000Z""","""2026-05-21T13:26:19.000Z"""
188,69,102,balanced,mock,11,30,"""2026-04-30T09:31:58.000Z""","""2026-04-30T09:55:58.000Z""",60,submitted,"""2026-04-30T09:31:58.000Z""","""2026-04-30T09:55:58.000Z"""
189,69,102,balanced,mock,12,30,"""2026-05-03T09:07:53.000Z""","""2026-05-03T09:31:53.000Z""",33.33,submitted,"""2026-05-03T09:07:53.000Z""","""2026-05-03T09:31:53.000Z"""
190,69,20,balanced,mock,10,30,"""2026-05-26T12:28:46.000Z""","""2026-05-26T12:45:46.000Z""",36.84,submitted,"""2026-05-26T12:28:46.000Z""","""2026-05-26T12:45:46.000Z"""
191,69,225,balanced,mock,11,30,"""2026-06-02T20:57:21.000Z""","""2026-06-02T21:10:21.000Z""",57.89,submitted,"""2026-06-02T20:57:21.000Z""","""2026-06-02T21:10:21.000Z"""
192,70,83,balanced,mock,14,30,"""2026-06-06T19:03:22.000Z""","""2026-06-06T19:27:22.000Z""",30.77,submitted,"""2026-06-06T19:03:22.000Z""","""2026-06-06T19:27:22.000Z"""
193,70,83,balanced,mock,14,30,"""2026-06-07T21:13:16.000Z""","""2026-06-07T21:44:16.000Z""",44,submitted,"""2026-06-07T21:13:16.000Z""","""2026-06-07T21:44:16.000Z"""
194,70,83,balanced,mock,13,30,"""2026-06-08T09:29:30.000Z""","""2026-06-08T10:03:30.000Z""",75,submitted,"""2026-06-08T09:29:30.000Z""","""2026-06-08T10:03:30.000Z"""
195,70,83,balanced,mock,14,30,"""2026-06-09T11:07:01.000Z""","""2026-06-09T11:41:01.000Z""",52,submitted,"""2026-06-09T11:07:01.000Z""","""2026-06-09T11:41:01.000Z"""
196,70,231,balanced,mock,13,30,"""2026-06-10T11:21:22.000Z""","""2026-06-10T11:50:22.000Z""",50,submitted,"""2026-06-10T11:21:22.000Z""","""2026-06-10T11:50:22.000Z"""
197,70,151,balanced,mock,11,30,"""2026-06-11T08:06:24.000Z""","""2026-06-11T08:43:24.000Z""",38.1,submitted,"""2026-06-11T08:06:24.000Z""","""2026-06-11T08:43:24.000Z"""
198,71,148,balanced,mock,14,30,"""2026-05-20T19:13:00.000Z""","""2026-05-20T19:53:00.000Z""",55.17,submitted,"""2026-05-20T19:13:00.000Z""","""2026-05-20T19:53:00.000Z"""
199,71,148,balanced,mock,13,30,"""2026-05-21T07:24:55.000Z""","""2026-05-21T08:04:55.000Z""",53.57,submitted,"""2026-05-21T07:24:55.000Z""","""2026-05-21T08:04:55.000Z"""
200,71,148,balanced,mock,10,30,"""2026-05-22T16:07:24.000Z""","""2026-05-22T16:43:24.000Z""",76.47,submitted,"""2026-05-22T16:07:24.000Z""","""2026-05-22T16:43:24.000Z"""
201,71,82,balanced,mock,14,30,"""2026-05-23T18:55:37.000Z""","""2026-05-23T19:10:37.000Z""",22.22,submitted,"""2026-05-23T18:55:37.000Z""","""2026-05-23T19:10:37.000Z"""
202,71,82,balanced,mock,10,30,"""2026-05-24T17:01:22.000Z""","""2026-05-24T17:40:22.000Z""",28.57,submitted,"""2026-05-24T17:01:22.000Z""","""2026-05-24T17:40:22.000Z"""
203,72,191,balanced,mock,13,30,"""2026-05-21T20:37:31.000Z""","""2026-05-21T21:05:31.000Z""",86.36,submitted,"""2026-05-21T20:37:31.000Z""","""2026-05-21T21:05:31.000Z"""
204,72,191,balanced,mock,14,30,"""2026-05-22T11:07:25.000Z""","""2026-05-22T11:29:25.000Z""",66.67,submitted,"""2026-05-22T11:07:25.000Z""","""2026-05-22T11:29:25.000Z"""
205,72,191,balanced,mock,14,30,"""2026-05-23T10:02:22.000Z""","""2026-05-23T10:26:22.000Z""",55.56,submitted,"""2026-05-23T10:02:22.000Z""","""2026-05-23T10:26:22.000Z"""
206,72,53,balanced,mock,10,30,"""2026-05-24T16:19:57.000Z""","""2026-05-24T16:49:57.000Z""",65,submitted,"""2026-05-24T16:19:57.000Z""","""2026-05-24T16:49:57.000Z"""
207,72,191,balanced,mock,14,30,"""2026-05-25T08:44:31.000Z""","""2026-05-25T09:20:31.000Z""",53.13,submitted,"""2026-05-25T08:44:31.000Z""","""2026-05-25T09:20:31.000Z"""
208,73,168,balanced,mock,14,30,"""2026-05-08T10:32:55.000Z""","""2026-05-08T10:57:55.000Z""",44.44,submitted,"""2026-05-08T10:32:55.000Z""","""2026-05-08T10:57:55.000Z"""
209,73,168,balanced,mock,10,30,"""2026-05-09T10:27:10.000Z""","""2026-05-09T10:55:10.000Z""",75,submitted,"""2026-05-09T10:27:10.000Z""","""2026-05-09T10:55:10.000Z"""
210,73,168,balanced,mock,11,30,"""2026-05-10T09:52:27.000Z""","""2026-05-10T10:14:27.000Z""",68.18,submitted,"""2026-05-10T09:52:27.000Z""","""2026-05-10T10:14:27.000Z"""
211,73,168,balanced,mock,11,30,"""2026-05-11T15:32:08.000Z""","""2026-05-11T16:10:08.000Z""",33.33,submitted,"""2026-05-11T15:32:08.000Z""","""2026-05-11T16:10:08.000Z"""
212,73,168,balanced,mock,14,30,"""2026-05-12T19:00:00.000Z""","""2026-05-12T19:21:00.000Z""",73.08,submitted,"""2026-05-12T19:00:00.000Z""","""2026-05-12T19:21:00.000Z"""
213,73,157,balanced,mock,11,30,"""2026-05-13T20:19:08.000Z""","""2026-05-13T20:58:08.000Z""",47.62,submitted,"""2026-05-13T20:19:08.000Z""","""2026-05-13T20:58:08.000Z"""
214,73,172,balanced,mock,12,30,"""2026-05-14T21:00:59.000Z""","""2026-05-14T21:18:59.000Z""",79.17,submitted,"""2026-05-14T21:00:59.000Z""","""2026-05-14T21:18:59.000Z"""
215,74,163,balanced,mock,12,30,"""2026-05-29T13:01:18.000Z""","""2026-05-29T13:34:18.000Z""",36,submitted,"""2026-05-29T13:01:18.000Z""","""2026-05-29T13:34:18.000Z"""
216,74,163,balanced,mock,11,30,"""2026-05-30T21:18:30.000Z""","""2026-05-30T21:57:30.000Z""",56.52,submitted,"""2026-05-30T21:18:30.000Z""","""2026-05-30T21:57:30.000Z"""
217,74,163,balanced,mock,14,30,"""2026-05-31T10:21:04.000Z""","""2026-05-31T10:59:04.000Z""",46.15,submitted,"""2026-05-31T10:21:04.000Z""","""2026-05-31T10:59:04.000Z"""
218,74,163,balanced,mock,11,30,"""2026-06-01T21:05:47.000Z""","""2026-06-01T21:29:47.000Z""",27.27,submitted,"""2026-06-01T21:05:47.000Z""","""2026-06-01T21:29:47.000Z"""
219,74,163,balanced,mock,10,30,"""2026-06-02T09:57:49.000Z""","""2026-06-02T10:21:49.000Z""",52.38,submitted,"""2026-06-02T09:57:49.000Z""","""2026-06-02T10:21:49.000Z"""
220,74,191,balanced,mock,11,30,"""2026-06-03T10:19:29.000Z""","""2026-06-03T10:50:29.000Z""",47.37,submitted,"""2026-06-03T10:19:29.000Z""","""2026-06-03T10:50:29.000Z"""
221,74,192,balanced,mock,14,30,"""2026-06-04T21:02:57.000Z""","""2026-06-04T21:22:57.000Z""",37.93,submitted,"""2026-06-04T21:02:57.000Z""","""2026-06-04T21:22:57.000Z"""
222,75,13,balanced,mock,13,30,"""2026-06-02T19:16:22.000Z""","""2026-06-02T19:35:22.000Z""",59.26,submitted,"""2026-06-02T19:16:22.000Z""","""2026-06-02T19:35:22.000Z"""
223,75,13,balanced,mock,13,30,"""2026-06-03T19:42:09.000Z""","""2026-06-03T20:10:09.000Z""",68,submitted,"""2026-06-03T19:42:09.000Z""","""2026-06-03T20:10:09.000Z"""
224,75,13,balanced,mock,12,30,"""2026-06-04T09:02:28.000Z""","""2026-06-04T09:40:28.000Z""",45.45,submitted,"""2026-06-04T09:02:28.000Z""","""2026-06-04T09:40:28.000Z"""
225,75,13,balanced,mock,14,30,"""2026-06-05T21:28:05.000Z""","""2026-06-05T21:53:05.000Z""",70.97,submitted,"""2026-06-05T21:28:05.000Z""","""2026-06-05T21:53:05.000Z"""
226,75,13,balanced,mock,14,30,"""2026-06-06T09:00:20.000Z""","""2026-06-06T09:39:20.000Z""",70,submitted,"""2026-06-06T09:00:20.000Z""","""2026-06-06T09:39:20.000Z"""
227,75,201,balanced,mock,13,30,"""2026-05-27T15:41:33.000Z""","""2026-05-27T15:58:33.000Z""",40,submitted,"""2026-05-27T15:41:33.000Z""","""2026-05-27T15:58:33.000Z"""
228,75,13,balanced,mock,13,30,"""2026-06-03T11:22:11.000Z""","""2026-06-03T11:54:11.000Z""",80.95,submitted,"""2026-06-03T11:22:11.000Z""","""2026-06-03T11:54:11.000Z"""
229,76,16,balanced,mock,13,30,"""2026-05-17T10:08:10.000Z""","""2026-05-17T10:37:10.000Z""",62.96,submitted,"""2026-05-17T10:08:10.000Z""","""2026-05-17T10:37:10.000Z"""
230,76,16,balanced,mock,14,30,"""2026-05-18T16:15:10.000Z""","""2026-05-18T16:49:10.000Z""",72,submitted,"""2026-05-18T16:15:10.000Z""","""2026-05-18T16:49:10.000Z"""
231,76,16,balanced,mock,11,30,"""2026-05-19T21:03:56.000Z""","""2026-05-19T21:40:56.000Z""",69.23,submitted,"""2026-05-19T21:03:56.000Z""","""2026-05-19T21:40:56.000Z"""
232,76,139,balanced,mock,11,30,"""2026-05-20T08:37:55.000Z""","""2026-05-20T09:03:55.000Z""",52.38,submitted,"""2026-05-20T08:37:55.000Z""","""2026-05-20T09:03:55.000Z"""
233,76,168,balanced,mock,12,30,"""2026-05-28T17:20:01.000Z""","""2026-05-28T17:46:01.000Z""",43.48,submitted,"""2026-05-28T17:20:01.000Z""","""2026-05-28T17:46:01.000Z"""
234,77,8,balanced,mock,10,30,"""2026-06-04T13:20:06.000Z""","""2026-06-04T13:34:06.000Z""",21.05,submitted,"""2026-06-04T13:20:06.000Z""","""2026-06-04T13:34:06.000Z"""
235,77,8,balanced,mock,12,30,"""2026-05-22T18:56:38.000Z""","""2026-05-22T19:31:38.000Z""",52.17,submitted,"""2026-05-22T18:56:38.000Z""","""2026-05-22T19:31:38.000Z"""
236,77,8,balanced,mock,13,30,"""2026-05-09T17:25:25.000Z""","""2026-05-09T17:55:25.000Z""",50,submitted,"""2026-05-09T17:25:25.000Z""","""2026-05-09T17:55:25.000Z"""
237,77,27,balanced,mock,14,30,"""2026-05-06T18:56:16.000Z""","""2026-05-06T19:33:16.000Z""",33.33,submitted,"""2026-05-06T18:56:16.000Z""","""2026-05-06T19:33:16.000Z"""
238,77,31,balanced,mock,12,30,"""2026-05-02T13:41:07.000Z""","""2026-05-02T14:11:07.000Z""",24,submitted,"""2026-05-02T13:41:07.000Z""","""2026-05-02T14:11:07.000Z"""
239,78,35,balanced,mock,14,30,"""2026-06-09T18:57:57.000Z""","""2026-06-09T19:30:57.000Z""",63.33,submitted,"""2026-06-09T18:57:57.000Z""","""2026-06-09T19:30:57.000Z"""
240,78,35,balanced,mock,10,30,"""2026-06-10T13:05:02.000Z""","""2026-06-10T13:36:02.000Z""",60,submitted,"""2026-06-10T13:05:02.000Z""","""2026-06-10T13:36:02.000Z"""
241,78,35,balanced,mock,14,30,"""2026-06-11T15:11:31.000Z""","""2026-06-11T15:37:31.000Z""",37.04,submitted,"""2026-06-11T15:11:31.000Z""","""2026-06-11T15:37:31.000Z"""
242,78,35,balanced,mock,14,30,"""2026-06-12T16:05:57.000Z""","""2026-06-12T16:26:57.000Z""",60,submitted,"""2026-06-12T16:05:57.000Z""","""2026-06-12T16:26:57.000Z"""
243,78,35,balanced,mock,14,30,"""2026-06-13T13:57:52.000Z""","""2026-06-13T14:23:52.000Z""",66.67,submitted,"""2026-06-13T13:57:52.000Z""","""2026-06-13T14:23:52.000Z"""
244,78,40,balanced,mock,14,30,"""2026-06-14T12:38:35.000Z""","""2026-06-14T13:00:35.000Z""",82.76,submitted,"""2026-06-14T12:38:35.000Z""","""2026-06-14T13:00:35.000Z"""
245,78,93,balanced,mock,12,30,"""2026-06-15T14:13:16.000Z""","""2026-06-15T14:47:16.000Z""",56,submitted,"""2026-06-15T14:13:16.000Z""","""2026-06-15T14:47:16.000Z"""
246,79,64,balanced,mock,12,30,"""2026-05-09T12:27:50.000Z""","""2026-05-09T12:55:50.000Z""",46.15,submitted,"""2026-05-09T12:27:50.000Z""","""2026-05-09T12:55:50.000Z"""
247,79,64,balanced,mock,12,30,"""2026-05-10T12:17:45.000Z""","""2026-05-10T12:29:45.000Z""",32,submitted,"""2026-05-10T12:17:45.000Z""","""2026-05-10T12:29:45.000Z"""
248,79,64,balanced,mock,14,30,"""2026-05-11T12:23:02.000Z""","""2026-05-11T12:38:02.000Z""",32,submitted,"""2026-05-11T12:23:02.000Z""","""2026-05-11T12:38:02.000Z"""
249,79,64,balanced,mock,13,30,"""2026-05-12T20:27:52.000Z""","""2026-05-12T20:42:52.000Z""",32.14,submitted,"""2026-05-12T20:27:52.000Z""","""2026-05-12T20:42:52.000Z"""
250,79,68,balanced,mock,14,30,"""2026-05-13T12:47:30.000Z""","""2026-05-13T13:12:30.000Z""",39.29,submitted,"""2026-05-13T12:47:30.000Z""","""2026-05-13T13:12:30.000Z"""
251,79,94,balanced,mock,11,30,"""2026-05-14T14:32:52.000Z""","""2026-05-14T14:50:52.000Z""",35,submitted,"""2026-05-14T14:32:52.000Z""","""2026-05-14T14:50:52.000Z"""
252,80,11,balanced,mock,12,30,"""2026-05-10T18:38:05.000Z""","""2026-05-10T19:14:05.000Z""",77.78,submitted,"""2026-05-10T18:38:05.000Z""","""2026-05-10T19:14:05.000Z"""
253,80,11,balanced,mock,12,30,"""2026-05-11T13:14:57.000Z""","""2026-05-11T13:40:57.000Z""",56,submitted,"""2026-05-11T13:14:57.000Z""","""2026-05-11T13:40:57.000Z"""
254,80,11,balanced,mock,10,30,"""2026-05-12T09:02:09.000Z""","""2026-05-12T09:26:09.000Z""",73.91,submitted,"""2026-05-12T09:02:09.000Z""","""2026-05-12T09:26:09.000Z"""
255,80,11,balanced,mock,14,30,"""2026-05-13T18:48:49.000Z""","""2026-05-13T19:16:49.000Z""",58.33,submitted,"""2026-05-13T18:48:49.000Z""","""2026-05-13T19:16:49.000Z"""
256,80,11,balanced,mock,11,30,"""2026-05-14T14:37:39.000Z""","""2026-05-14T15:08:39.000Z""",63.16,submitted,"""2026-05-14T14:37:39.000Z""","""2026-05-14T15:08:39.000Z"""
257,80,60,balanced,mock,14,30,"""2026-05-15T14:17:08.000Z""","""2026-05-15T14:47:08.000Z""",69.7,submitted,"""2026-05-15T14:17:08.000Z""","""2026-05-15T14:47:08.000Z"""
258,80,29,balanced,mock,10,30,"""2026-05-16T20:53:57.000Z""","""2026-05-16T21:19:57.000Z""",42.11,submitted,"""2026-05-16T20:53:57.000Z""","""2026-05-16T21:19:57.000Z"""
259,81,133,balanced,mock,11,30,"""2026-05-26T14:44:09.000Z""","""2026-05-26T15:08:09.000Z""",77.27,submitted,"""2026-05-26T14:44:09.000Z""","""2026-05-26T15:08:09.000Z"""
260,81,133,balanced,mock,10,30,"""2026-05-27T08:24:44.000Z""","""2026-05-27T08:43:44.000Z""",87.5,submitted,"""2026-05-27T08:24:44.000Z""","""2026-05-27T08:43:44.000Z"""
261,81,133,balanced,mock,13,30,"""2026-05-28T19:44:37.000Z""","""2026-05-28T19:56:37.000Z""",68.97,submitted,"""2026-05-28T19:44:37.000Z""","""2026-05-28T19:56:37.000Z"""
262,81,133,balanced,mock,14,30,"""2026-05-29T15:25:57.000Z""","""2026-05-29T16:05:57.000Z""",75,submitted,"""2026-05-29T15:25:57.000Z""","""2026-05-29T16:05:57.000Z"""
263,81,133,balanced,mock,12,30,"""2026-05-30T15:33:38.000Z""","""2026-05-30T15:50:38.000Z""",65.22,submitted,"""2026-05-30T15:33:38.000Z""","""2026-05-30T15:50:38.000Z"""
264,81,231,balanced,mock,11,30,"""2026-05-31T08:30:02.000Z""","""2026-05-31T09:00:02.000Z""",76.19,submitted,"""2026-05-31T08:30:02.000Z""","""2026-05-31T09:00:02.000Z"""
265,81,14,balanced,mock,11,30,"""2026-06-01T20:04:21.000Z""","""2026-06-01T20:18:21.000Z""",100,submitted,"""2026-06-01T20:04:21.000Z""","""2026-06-01T20:18:21.000Z"""
266,82,114,balanced,mock,11,30,"""2026-05-25T10:49:30.000Z""","""2026-05-25T11:02:30.000Z""",60.87,submitted,"""2026-05-25T10:49:30.000Z""","""2026-05-25T11:02:30.000Z"""
267,82,114,balanced,mock,10,30,"""2026-05-26T17:46:53.000Z""","""2026-05-26T18:00:53.000Z""",78.95,submitted,"""2026-05-26T17:46:53.000Z""","""2026-05-26T18:00:53.000Z"""
268,82,114,balanced,mock,11,30,"""2026-05-27T17:23:50.000Z""","""2026-05-27T17:36:50.000Z""",75,submitted,"""2026-05-27T17:23:50.000Z""","""2026-05-27T17:36:50.000Z"""
269,82,114,balanced,mock,10,30,"""2026-05-28T17:53:31.000Z""","""2026-05-28T18:09:31.000Z""",71.43,submitted,"""2026-05-28T17:53:31.000Z""","""2026-05-28T18:09:31.000Z"""
270,82,2,balanced,mock,12,30,"""2026-05-29T16:28:02.000Z""","""2026-05-29T16:44:02.000Z""",72.73,submitted,"""2026-05-29T16:28:02.000Z""","""2026-05-29T16:44:02.000Z"""
271,83,4,balanced,mock,13,30,"""2026-05-21T14:53:21.000Z""","""2026-05-21T15:13:21.000Z""",82.14,submitted,"""2026-05-21T14:53:21.000Z""","""2026-05-21T15:13:21.000Z"""
272,83,4,balanced,mock,11,30,"""2026-06-10T20:33:53.000Z""","""2026-06-10T20:52:53.000Z""",39.13,submitted,"""2026-06-10T20:33:53.000Z""","""2026-06-10T20:52:53.000Z"""
273,83,4,balanced,mock,14,30,"""2026-06-12T14:38:32.000Z""","""2026-06-12T15:06:32.000Z""",64.29,submitted,"""2026-06-12T14:38:32.000Z""","""2026-06-12T15:06:32.000Z"""
274,83,4,balanced,mock,14,30,"""2026-06-12T07:42:53.000Z""","""2026-06-12T08:10:53.000Z""",38.46,submitted,"""2026-06-12T07:42:53.000Z""","""2026-06-12T08:10:53.000Z"""
275,83,4,balanced,mock,13,30,"""2026-06-02T20:41:46.000Z""","""2026-06-02T21:14:46.000Z""",53.57,submitted,"""2026-06-02T20:41:46.000Z""","""2026-06-02T21:14:46.000Z"""
276,83,4,balanced,mock,14,30,"""2026-05-07T09:55:06.000Z""","""2026-05-07T10:13:06.000Z""",50,submitted,"""2026-05-07T09:55:06.000Z""","""2026-05-07T10:13:06.000Z"""
277,83,183,balanced,mock,12,30,"""2026-06-02T10:28:42.000Z""","""2026-06-02T11:07:42.000Z""",56,submitted,"""2026-06-02T10:28:42.000Z""","""2026-06-02T11:07:42.000Z"""
278,84,156,balanced,mock,10,30,"""2026-05-26T10:49:20.000Z""","""2026-05-26T11:20:20.000Z""",22.22,submitted,"""2026-05-26T10:49:20.000Z""","""2026-05-26T11:20:20.000Z"""
279,84,156,balanced,mock,12,30,"""2026-05-27T18:57:21.000Z""","""2026-05-27T19:09:21.000Z""",23.08,submitted,"""2026-05-27T18:57:21.000Z""","""2026-05-27T19:09:21.000Z"""
280,84,156,balanced,mock,14,30,"""2026-05-28T19:14:57.000Z""","""2026-05-28T19:34:57.000Z""",40.74,submitted,"""2026-05-28T19:14:57.000Z""","""2026-05-28T19:34:57.000Z"""
281,84,177,balanced,mock,10,30,"""2026-05-29T16:58:20.000Z""","""2026-05-29T17:19:20.000Z""",40,submitted,"""2026-05-29T16:58:20.000Z""","""2026-05-29T17:19:20.000Z"""
282,84,47,balanced,mock,10,30,"""2026-05-30T16:55:40.000Z""","""2026-05-30T17:21:40.000Z""",57.89,submitted,"""2026-05-30T16:55:40.000Z""","""2026-05-30T17:21:40.000Z"""
283,85,45,balanced,mock,12,30,"""2026-06-08T14:00:37.000Z""","""2026-06-08T14:31:37.000Z""",52,submitted,"""2026-06-08T14:00:37.000Z""","""2026-06-08T14:31:37.000Z"""
284,85,45,balanced,mock,14,30,"""2026-06-09T14:43:47.000Z""","""2026-06-09T14:59:47.000Z""",80.65,submitted,"""2026-06-09T14:43:47.000Z""","""2026-06-09T14:59:47.000Z"""
285,85,45,balanced,mock,10,30,"""2026-06-10T11:10:35.000Z""","""2026-06-10T11:47:35.000Z""",72.22,submitted,"""2026-06-10T11:10:35.000Z""","""2026-06-10T11:47:35.000Z"""
286,85,45,balanced,mock,13,30,"""2026-06-11T19:29:33.000Z""","""2026-06-11T19:49:33.000Z""",48,submitted,"""2026-06-11T19:29:33.000Z""","""2026-06-11T19:49:33.000Z"""
287,85,206,balanced,mock,14,30,"""2026-06-12T17:22:40.000Z""","""2026-06-12T17:56:40.000Z""",68.97,submitted,"""2026-06-12T17:22:40.000Z""","""2026-06-12T17:56:40.000Z"""
288,85,45,balanced,mock,14,30,"""2026-06-13T18:38:32.000Z""","""2026-06-13T18:57:32.000Z""",62.07,submitted,"""2026-06-13T18:38:32.000Z""","""2026-06-13T18:57:32.000Z"""
289,86,102,balanced,mock,10,30,"""2026-05-30T12:37:32.000Z""","""2026-05-30T12:49:32.000Z""",42.86,submitted,"""2026-05-30T12:37:32.000Z""","""2026-05-30T12:49:32.000Z"""
290,86,102,balanced,mock,12,30,"""2026-04-28T19:25:11.000Z""","""2026-04-28T19:56:11.000Z""",54.17,submitted,"""2026-04-28T19:25:11.000Z""","""2026-04-28T19:56:11.000Z"""
291,86,102,balanced,mock,14,30,"""2026-05-27T19:58:52.000Z""","""2026-05-27T20:32:52.000Z""",48.28,submitted,"""2026-05-27T19:58:52.000Z""","""2026-05-27T20:32:52.000Z"""
292,86,102,balanced,mock,11,30,"""2026-05-26T20:35:54.000Z""","""2026-05-26T20:47:54.000Z""",50,submitted,"""2026-05-26T20:35:54.000Z""","""2026-05-26T20:47:54.000Z"""
293,86,22,balanced,mock,10,30,"""2026-05-29T11:13:24.000Z""","""2026-05-29T11:43:24.000Z""",23.81,submitted,"""2026-05-29T11:13:24.000Z""","""2026-05-29T11:43:24.000Z"""
294,86,26,balanced,mock,13,30,"""2026-06-04T19:12:13.000Z""","""2026-06-04T19:39:13.000Z""",80.77,submitted,"""2026-06-04T19:12:13.000Z""","""2026-06-04T19:39:13.000Z"""
295,87,68,balanced,mock,11,30,"""2026-05-09T07:41:18.000Z""","""2026-05-09T08:10:18.000Z""",70.83,submitted,"""2026-05-09T07:41:18.000Z""","""2026-05-09T08:10:18.000Z"""
296,87,68,balanced,mock,13,30,"""2026-05-09T14:57:50.000Z""","""2026-05-09T15:28:50.000Z""",52.17,submitted,"""2026-05-09T14:57:50.000Z""","""2026-05-09T15:28:50.000Z"""
297,87,68,balanced,mock,10,30,"""2026-06-07T19:20:39.000Z""","""2026-06-07T19:42:39.000Z""",52.63,submitted,"""2026-06-07T19:20:39.000Z""","""2026-06-07T19:42:39.000Z"""
298,87,200,balanced,mock,12,30,"""2026-04-28T19:29:27.000Z""","""2026-04-28T19:55:27.000Z""",68,submitted,"""2026-04-28T19:29:27.000Z""","""2026-04-28T19:55:27.000Z"""
299,87,62,balanced,mock,11,30,"""2026-06-06T09:22:34.000Z""","""2026-06-06T09:46:34.000Z""",57.14,submitted,"""2026-06-06T09:22:34.000Z""","""2026-06-06T09:46:34.000Z"""
300,88,27,balanced,mock,14,30,"""2026-06-02T11:58:54.000Z""","""2026-06-02T12:11:54.000Z""",100,submitted,"""2026-06-02T11:58:54.000Z""","""2026-06-02T12:11:54.000Z"""
301,88,27,balanced,mock,11,30,"""2026-06-03T11:27:25.000Z""","""2026-06-03T11:39:25.000Z""",88,submitted,"""2026-06-03T11:27:25.000Z""","""2026-06-03T11:39:25.000Z"""
302,88,27,balanced,mock,11,30,"""2026-06-04T12:48:44.000Z""","""2026-06-04T13:14:44.000Z""",91.67,submitted,"""2026-06-04T12:48:44.000Z""","""2026-06-04T13:14:44.000Z"""
303,88,46,balanced,mock,10,30,"""2026-06-05T17:47:57.000Z""","""2026-06-05T18:10:57.000Z""",100,submitted,"""2026-06-05T17:47:57.000Z""","""2026-06-05T18:10:57.000Z"""
304,88,73,balanced,mock,12,30,"""2026-06-06T18:16:06.000Z""","""2026-06-06T18:36:06.000Z""",54.17,submitted,"""2026-06-06T18:16:06.000Z""","""2026-06-06T18:36:06.000Z"""
305,89,169,balanced,mock,14,30,"""2026-06-09T07:44:50.000Z""","""2026-06-09T08:06:50.000Z""",23.33,submitted,"""2026-06-09T07:44:50.000Z""","""2026-06-09T08:06:50.000Z"""
306,89,169,balanced,mock,12,30,"""2026-06-10T13:40:47.000Z""","""2026-06-10T13:56:47.000Z""",66.67,submitted,"""2026-06-10T13:40:47.000Z""","""2026-06-10T13:56:47.000Z"""
307,89,169,balanced,mock,10,30,"""2026-06-11T09:23:25.000Z""","""2026-06-11T09:42:25.000Z""",42.86,submitted,"""2026-06-11T09:23:25.000Z""","""2026-06-11T09:42:25.000Z"""
308,89,169,balanced,mock,14,30,"""2026-06-12T14:08:49.000Z""","""2026-06-12T14:24:49.000Z""",32.14,submitted,"""2026-06-12T14:08:49.000Z""","""2026-06-12T14:24:49.000Z"""
309,89,45,balanced,mock,13,30,"""2026-06-13T09:30:08.000Z""","""2026-06-13T09:52:08.000Z""",60.71,submitted,"""2026-06-13T09:30:08.000Z""","""2026-06-13T09:52:08.000Z"""
310,89,18,balanced,mock,14,30,"""2026-06-14T12:58:53.000Z""","""2026-06-14T13:25:53.000Z""",72,submitted,"""2026-06-14T12:58:53.000Z""","""2026-06-14T13:25:53.000Z"""
311,90,134,balanced,mock,13,30,"""2026-05-28T10:05:02.000Z""","""2026-05-28T10:43:02.000Z""",58.62,submitted,"""2026-05-28T10:05:02.000Z""","""2026-05-28T10:43:02.000Z"""
312,90,134,balanced,mock,11,30,"""2026-05-29T20:29:37.000Z""","""2026-05-29T20:46:37.000Z""",60,submitted,"""2026-05-29T20:29:37.000Z""","""2026-05-29T20:46:37.000Z"""
313,90,134,balanced,mock,14,30,"""2026-05-30T16:50:01.000Z""","""2026-05-30T17:26:01.000Z""",76,submitted,"""2026-05-30T16:50:01.000Z""","""2026-05-30T17:26:01.000Z"""
314,90,125,balanced,mock,14,30,"""2026-05-31T09:38:05.000Z""","""2026-05-31T10:16:05.000Z""",58.62,submitted,"""2026-05-31T09:38:05.000Z""","""2026-05-31T10:16:05.000Z"""
315,90,139,balanced,mock,10,30,"""2026-06-01T08:53:21.000Z""","""2026-06-01T09:31:21.000Z""",66.67,submitted,"""2026-06-01T08:53:21.000Z""","""2026-06-01T09:31:21.000Z"""
316,91,154,balanced,mock,11,30,"""2026-06-04T20:19:47.000Z""","""2026-06-04T20:36:47.000Z""",52.38,submitted,"""2026-06-04T20:19:47.000Z""","""2026-06-04T20:36:47.000Z"""
317,91,154,balanced,mock,10,30,"""2026-06-05T10:41:22.000Z""","""2026-06-05T11:02:22.000Z""",52.63,submitted,"""2026-06-05T10:41:22.000Z""","""2026-06-05T11:02:22.000Z"""
318,91,154,balanced,mock,13,30,"""2026-06-06T07:43:34.000Z""","""2026-06-06T08:00:34.000Z""",54.17,submitted,"""2026-06-06T07:43:34.000Z""","""2026-06-06T08:00:34.000Z"""
319,91,154,balanced,mock,14,30,"""2026-04-29T10:40:46.000Z""","""2026-04-29T10:53:46.000Z""",48.15,submitted,"""2026-04-29T10:40:46.000Z""","""2026-04-29T10:53:46.000Z"""
320,91,53,balanced,mock,14,30,"""2026-05-02T20:33:13.000Z""","""2026-05-02T21:01:13.000Z""",100,submitted,"""2026-05-02T20:33:13.000Z""","""2026-05-02T21:01:13.000Z"""
321,91,37,balanced,mock,11,30,"""2026-05-20T10:50:39.000Z""","""2026-05-20T11:03:39.000Z""",75,submitted,"""2026-05-20T10:50:39.000Z""","""2026-05-20T11:03:39.000Z"""
322,92,15,balanced,mock,12,30,"""2026-05-28T14:35:38.000Z""","""2026-05-28T15:08:38.000Z""",41.67,submitted,"""2026-05-28T14:35:38.000Z""","""2026-05-28T15:08:38.000Z"""
323,92,15,balanced,mock,13,30,"""2026-05-29T21:38:09.000Z""","""2026-05-29T21:51:09.000Z""",26.09,submitted,"""2026-05-29T21:38:09.000Z""","""2026-05-29T21:51:09.000Z"""
324,92,15,balanced,mock,14,30,"""2026-05-30T10:38:42.000Z""","""2026-05-30T10:57:42.000Z""",54.84,submitted,"""2026-05-30T10:38:42.000Z""","""2026-05-30T10:57:42.000Z"""
325,92,33,balanced,mock,12,30,"""2026-05-31T08:23:01.000Z""","""2026-05-31T08:37:01.000Z""",59.26,submitted,"""2026-05-31T08:23:01.000Z""","""2026-05-31T08:37:01.000Z"""
326,92,229,balanced,mock,10,30,"""2026-06-01T18:17:31.000Z""","""2026-06-01T18:53:31.000Z""",28.57,submitted,"""2026-06-01T18:17:31.000Z""","""2026-06-01T18:53:31.000Z"""
327,93,177,balanced,mock,14,30,"""2026-05-26T10:00:30.000Z""","""2026-05-26T10:12:30.000Z""",64.52,submitted,"""2026-05-26T10:00:30.000Z""","""2026-05-26T10:12:30.000Z"""
328,93,177,balanced,mock,13,30,"""2026-05-27T14:39:54.000Z""","""2026-05-27T15:12:54.000Z""",38.46,submitted,"""2026-05-27T14:39:54.000Z""","""2026-05-27T15:12:54.000Z"""
329,93,177,balanced,mock,10,30,"""2026-05-12T13:45:26.000Z""","""2026-05-12T14:15:26.000Z""",25,submitted,"""2026-05-12T13:45:26.000Z""","""2026-05-12T14:15:26.000Z"""
330,93,81,balanced,mock,13,30,"""2026-05-17T17:27:33.000Z""","""2026-05-17T17:46:33.000Z""",20,submitted,"""2026-05-17T17:27:33.000Z""","""2026-05-17T17:46:33.000Z"""
331,93,138,balanced,mock,12,30,"""2026-05-21T21:25:08.000Z""","""2026-05-21T21:55:08.000Z""",72.41,submitted,"""2026-05-21T21:25:08.000Z""","""2026-05-21T21:55:08.000Z"""
332,94,94,balanced,mock,11,30,"""2026-06-11T10:59:41.000Z""","""2026-06-11T11:19:41.000Z""",47.62,submitted,"""2026-06-11T10:59:41.000Z""","""2026-06-11T11:19:41.000Z"""
333,94,94,balanced,mock,14,30,"""2026-06-12T12:31:08.000Z""","""2026-06-12T12:44:08.000Z""",44.83,submitted,"""2026-06-12T12:31:08.000Z""","""2026-06-12T12:44:08.000Z"""
334,94,94,balanced,mock,12,30,"""2026-06-13T10:44:26.000Z""","""2026-06-13T11:23:26.000Z""",20,submitted,"""2026-06-13T10:44:26.000Z""","""2026-06-13T11:23:26.000Z"""
335,94,94,balanced,mock,10,30,"""2026-06-14T09:05:59.000Z""","""2026-06-14T09:24:59.000Z""",19.05,submitted,"""2026-06-14T09:05:59.000Z""","""2026-06-14T09:24:59.000Z"""
336,94,224,balanced,mock,10,30,"""2026-06-15T07:56:58.000Z""","""2026-06-15T08:08:58.000Z""",72.73,submitted,"""2026-06-15T07:56:58.000Z""","""2026-06-15T08:08:58.000Z"""
337,94,94,balanced,mock,13,30,"""2026-06-16T07:57:33.000Z""","""2026-06-16T08:29:33.000Z""",55.56,submitted,"""2026-06-16T07:57:33.000Z""","""2026-06-16T08:29:33.000Z"""
338,95,39,balanced,mock,13,30,"""2026-05-12T13:16:11.000Z""","""2026-05-12T13:41:11.000Z""",38.46,submitted,"""2026-05-12T13:16:11.000Z""","""2026-05-12T13:41:11.000Z"""
339,95,39,balanced,mock,11,30,"""2026-05-13T20:06:16.000Z""","""2026-05-13T20:30:16.000Z""",26.09,submitted,"""2026-05-13T20:06:16.000Z""","""2026-05-13T20:30:16.000Z"""
340,95,39,balanced,mock,12,30,"""2026-05-14T16:08:59.000Z""","""2026-05-14T16:48:59.000Z""",45.83,submitted,"""2026-05-14T16:08:59.000Z""","""2026-05-14T16:48:59.000Z"""
341,95,39,balanced,mock,14,30,"""2026-05-15T16:03:56.000Z""","""2026-05-15T16:26:56.000Z""",17.24,submitted,"""2026-05-15T16:03:56.000Z""","""2026-05-15T16:26:56.000Z"""
342,95,39,balanced,mock,10,30,"""2026-05-07T17:44:47.000Z""","""2026-05-07T18:07:47.000Z""",47.37,submitted,"""2026-05-07T17:44:47.000Z""","""2026-05-07T18:07:47.000Z"""
343,95,70,balanced,mock,10,30,"""2026-05-01T12:43:57.000Z""","""2026-05-01T13:03:57.000Z""",15,submitted,"""2026-05-01T12:43:57.000Z""","""2026-05-01T13:03:57.000Z"""
344,95,157,balanced,mock,13,30,"""2026-06-08T20:01:37.000Z""","""2026-06-08T20:24:37.000Z""",28,submitted,"""2026-06-08T20:01:37.000Z""","""2026-06-08T20:24:37.000Z"""
345,96,8,balanced,mock,14,30,"""2026-05-16T10:55:21.000Z""","""2026-05-16T11:19:21.000Z""",44.44,submitted,"""2026-05-16T10:55:21.000Z""","""2026-05-16T11:19:21.000Z"""
346,96,8,balanced,mock,12,30,"""2026-05-17T16:29:26.000Z""","""2026-05-17T16:46:26.000Z""",63.64,submitted,"""2026-05-17T16:29:26.000Z""","""2026-05-17T16:46:26.000Z"""
347,96,8,balanced,mock,12,30,"""2026-05-18T13:35:33.000Z""","""2026-05-18T14:00:33.000Z""",54.55,submitted,"""2026-05-18T13:35:33.000Z""","""2026-05-18T14:00:33.000Z"""
348,96,4,balanced,mock,14,30,"""2026-05-19T08:50:25.000Z""","""2026-05-19T09:17:25.000Z""",17.86,submitted,"""2026-05-19T08:50:25.000Z""","""2026-05-19T09:17:25.000Z"""
349,96,63,balanced,mock,10,30,"""2026-05-20T19:35:51.000Z""","""2026-05-20T19:51:51.000Z""",57.89,submitted,"""2026-05-20T19:35:51.000Z""","""2026-05-20T19:51:51.000Z"""
350,97,51,balanced,mock,12,30,"""2026-05-17T17:55:05.000Z""","""2026-05-17T18:26:05.000Z""",52,submitted,"""2026-05-17T17:55:05.000Z""","""2026-05-17T18:26:05.000Z"""
351,97,51,balanced,mock,14,30,"""2026-05-18T20:16:49.000Z""","""2026-05-18T20:55:49.000Z""",92.86,submitted,"""2026-05-18T20:16:49.000Z""","""2026-05-18T20:55:49.000Z"""
352,97,51,balanced,mock,13,30,"""2026-05-19T07:31:27.000Z""","""2026-05-19T08:09:27.000Z""",66.67,submitted,"""2026-05-19T07:31:27.000Z""","""2026-05-19T08:09:27.000Z"""
353,97,162,balanced,mock,14,30,"""2026-05-20T09:25:12.000Z""","""2026-05-20T10:05:12.000Z""",33.33,submitted,"""2026-05-20T09:25:12.000Z""","""2026-05-20T10:05:12.000Z"""
354,97,36,balanced,mock,10,30,"""2026-05-21T19:18:45.000Z""","""2026-05-21T19:54:45.000Z""",81.82,submitted,"""2026-05-21T19:18:45.000Z""","""2026-05-21T19:54:45.000Z"""
355,98,114,balanced,mock,11,30,"""2026-06-11T14:15:18.000Z""","""2026-06-11T14:31:18.000Z""",100,submitted,"""2026-06-11T14:15:18.000Z""","""2026-06-11T14:31:18.000Z"""
356,98,114,balanced,mock,10,30,"""2026-06-12T20:46:30.000Z""","""2026-06-12T21:08:30.000Z""",45,submitted,"""2026-06-12T20:46:30.000Z""","""2026-06-12T21:08:30.000Z"""
357,98,114,balanced,mock,11,30,"""2026-06-13T09:49:43.000Z""","""2026-06-13T10:03:43.000Z""",57.14,submitted,"""2026-06-13T09:49:43.000Z""","""2026-06-13T10:03:43.000Z"""
358,98,3,balanced,mock,13,30,"""2026-06-14T09:58:38.000Z""","""2026-06-14T10:21:38.000Z""",48.28,submitted,"""2026-06-14T09:58:38.000Z""","""2026-06-14T10:21:38.000Z"""
359,98,146,balanced,mock,12,30,"""2026-06-06T16:31:10.000Z""","""2026-06-06T17:05:10.000Z""",53.85,submitted,"""2026-06-06T16:31:10.000Z""","""2026-06-06T17:05:10.000Z"""
360,99,31,balanced,mock,10,30,"""2026-05-23T08:55:02.000Z""","""2026-05-23T09:33:02.000Z""",70.59,submitted,"""2026-05-23T08:55:02.000Z""","""2026-05-23T09:33:02.000Z"""
361,99,31,balanced,mock,13,30,"""2026-05-20T18:56:30.000Z""","""2026-05-20T19:29:30.000Z""",50,submitted,"""2026-05-20T18:56:30.000Z""","""2026-05-20T19:29:30.000Z"""
362,99,31,balanced,mock,13,30,"""2026-06-06T18:20:28.000Z""","""2026-06-06T18:35:28.000Z""",37.04,submitted,"""2026-06-06T18:20:28.000Z""","""2026-06-06T18:35:28.000Z"""
363,99,31,balanced,mock,14,30,"""2026-06-08T20:13:13.000Z""","""2026-06-08T20:35:13.000Z""",70.37,submitted,"""2026-06-08T20:13:13.000Z""","""2026-06-08T20:35:13.000Z"""
364,99,15,balanced,mock,14,30,"""2026-05-14T18:22:19.000Z""","""2026-05-14T18:50:19.000Z""",59.26,submitted,"""2026-05-14T18:22:19.000Z""","""2026-05-14T18:50:19.000Z"""
365,99,229,balanced,mock,11,30,"""2026-05-15T07:58:42.000Z""","""2026-05-15T08:34:42.000Z""",52.38,submitted,"""2026-05-15T07:58:42.000Z""","""2026-05-15T08:34:42.000Z"""
366,100,83,balanced,mock,14,30,"""2026-05-08T13:24:50.000Z""","""2026-05-08T13:44:50.000Z""",80.77,submitted,"""2026-05-08T13:24:50.000Z""","""2026-05-08T13:44:50.000Z"""
367,100,83,balanced,mock,11,30,"""2026-05-09T16:06:03.000Z""","""2026-05-09T16:25:03.000Z""",78.26,submitted,"""2026-05-09T16:06:03.000Z""","""2026-05-09T16:25:03.000Z"""
368,100,83,balanced,mock,10,30,"""2026-05-10T19:43:42.000Z""","""2026-05-10T20:03:42.000Z""",50,submitted,"""2026-05-10T19:43:42.000Z""","""2026-05-10T20:03:42.000Z"""
369,100,104,balanced,mock,14,30,"""2026-05-11T14:26:12.000Z""","""2026-05-11T15:06:12.000Z""",66.67,submitted,"""2026-05-11T14:26:12.000Z""","""2026-05-11T15:06:12.000Z"""
370,100,148,balanced,mock,11,30,"""2026-05-11T13:11:30.000Z""","""2026-05-11T13:45:30.000Z""",31.58,submitted,"""2026-05-11T13:11:30.000Z""","""2026-05-11T13:45:30.000Z"""
371,101,39,balanced,mock,12,30,"""2026-05-13T14:01:57.000Z""","""2026-05-13T14:29:57.000Z""",66.67,submitted,"""2026-05-13T14:01:57.000Z""","""2026-05-13T14:29:57.000Z"""
372,101,39,balanced,mock,12,30,"""2026-05-14T12:21:38.000Z""","""2026-05-14T12:56:38.000Z""",30.43,submitted,"""2026-05-14T12:21:38.000Z""","""2026-05-14T12:56:38.000Z"""
373,101,39,balanced,mock,10,30,"""2026-05-15T14:59:38.000Z""","""2026-05-15T15:15:38.000Z""",10,submitted,"""2026-05-15T14:59:38.000Z""","""2026-05-15T15:15:38.000Z"""
374,101,39,balanced,mock,12,30,"""2026-05-16T16:03:36.000Z""","""2026-05-16T16:29:36.000Z""",24,submitted,"""2026-05-16T16:03:36.000Z""","""2026-05-16T16:29:36.000Z"""
375,101,39,balanced,mock,14,30,"""2026-05-17T08:51:51.000Z""","""2026-05-17T09:09:51.000Z""",37.93,submitted,"""2026-05-17T08:51:51.000Z""","""2026-05-17T09:09:51.000Z"""
376,101,155,balanced,mock,13,30,"""2026-05-18T14:01:39.000Z""","""2026-05-18T14:28:39.000Z""",17.86,submitted,"""2026-05-18T14:01:39.000Z""","""2026-05-18T14:28:39.000Z"""
377,101,232,balanced,mock,12,30,"""2026-05-19T11:10:32.000Z""","""2026-05-19T11:37:32.000Z""",71.43,submitted,"""2026-05-19T11:10:32.000Z""","""2026-05-19T11:37:32.000Z"""
378,102,153,balanced,mock,13,30,"""2026-05-27T14:48:18.000Z""","""2026-05-27T15:18:18.000Z""",42.31,submitted,"""2026-05-27T14:48:18.000Z""","""2026-05-27T15:18:18.000Z"""
379,102,153,balanced,mock,10,30,"""2026-05-28T13:07:34.000Z""","""2026-05-28T13:46:34.000Z""",66.67,submitted,"""2026-05-28T13:07:34.000Z""","""2026-05-28T13:46:34.000Z"""
380,102,153,balanced,mock,11,30,"""2026-05-29T17:07:19.000Z""","""2026-05-29T17:27:19.000Z""",73.68,submitted,"""2026-05-29T17:07:19.000Z""","""2026-05-29T17:27:19.000Z"""
381,102,44,balanced,mock,10,30,"""2026-05-30T19:29:53.000Z""","""2026-05-30T20:09:53.000Z""",50,submitted,"""2026-05-30T19:29:53.000Z""","""2026-05-30T20:09:53.000Z"""
382,102,183,balanced,mock,11,30,"""2026-05-31T18:37:49.000Z""","""2026-05-31T19:09:49.000Z""",66.67,submitted,"""2026-05-31T18:37:49.000Z""","""2026-05-31T19:09:49.000Z"""
383,103,6,balanced,mock,14,30,"""2026-05-22T17:32:04.000Z""","""2026-05-22T18:06:04.000Z""",100,submitted,"""2026-05-22T17:32:04.000Z""","""2026-05-22T18:06:04.000Z"""
384,103,6,balanced,mock,12,30,"""2026-05-23T18:53:42.000Z""","""2026-05-23T19:05:42.000Z""",88.46,submitted,"""2026-05-23T18:53:42.000Z""","""2026-05-23T19:05:42.000Z"""
385,103,6,balanced,mock,11,30,"""2026-05-24T18:10:04.000Z""","""2026-05-24T18:29:04.000Z""",90,submitted,"""2026-05-24T18:10:04.000Z""","""2026-05-24T18:29:04.000Z"""
386,103,6,balanced,mock,11,30,"""2026-05-25T14:58:59.000Z""","""2026-05-25T15:12:59.000Z""",56.52,submitted,"""2026-05-25T14:58:59.000Z""","""2026-05-25T15:12:59.000Z"""
387,103,6,balanced,mock,14,30,"""2026-05-26T10:21:46.000Z""","""2026-05-26T10:46:46.000Z""",79.17,submitted,"""2026-05-26T10:21:46.000Z""","""2026-05-26T10:46:46.000Z"""
388,103,232,balanced,mock,13,30,"""2026-06-08T07:39:01.000Z""","""2026-06-08T08:10:01.000Z""",87.5,submitted,"""2026-06-08T07:39:01.000Z""","""2026-06-08T08:10:01.000Z"""
389,103,11,balanced,mock,13,30,"""2026-05-06T10:37:04.000Z""","""2026-05-06T11:09:04.000Z""",93.1,submitted,"""2026-05-06T10:37:04.000Z""","""2026-05-06T11:09:04.000Z"""
390,104,63,balanced,mock,11,30,"""2026-05-09T20:32:09.000Z""","""2026-05-09T20:59:09.000Z""",22.73,submitted,"""2026-05-09T20:32:09.000Z""","""2026-05-09T20:59:09.000Z"""
391,104,63,balanced,mock,12,30,"""2026-05-06T17:29:01.000Z""","""2026-05-06T18:02:01.000Z""",8,submitted,"""2026-05-06T17:29:01.000Z""","""2026-05-06T18:02:01.000Z"""
392,104,63,balanced,mock,10,30,"""2026-05-03T07:53:44.000Z""","""2026-05-03T08:11:44.000Z""",8.33,submitted,"""2026-05-03T07:53:44.000Z""","""2026-05-03T08:11:44.000Z"""
393,104,63,balanced,mock,11,30,"""2026-06-05T19:31:48.000Z""","""2026-06-05T20:04:48.000Z""",29.17,submitted,"""2026-06-05T19:31:48.000Z""","""2026-06-05T20:04:48.000Z"""
394,104,63,balanced,mock,13,30,"""2026-05-09T18:42:56.000Z""","""2026-05-09T19:22:56.000Z""",38.46,submitted,"""2026-05-09T18:42:56.000Z""","""2026-05-09T19:22:56.000Z"""
395,104,238,balanced,mock,14,30,"""2026-05-20T15:53:01.000Z""","""2026-05-20T16:23:01.000Z""",46.15,submitted,"""2026-05-20T15:53:01.000Z""","""2026-05-20T16:23:01.000Z"""
396,104,109,balanced,mock,12,30,"""2026-05-13T16:50:07.000Z""","""2026-05-13T17:02:07.000Z""",70.37,submitted,"""2026-05-13T16:50:07.000Z""","""2026-05-13T17:02:07.000Z"""
397,105,104,balanced,mock,14,30,"""2026-05-28T09:22:26.000Z""","""2026-05-28T09:51:26.000Z""",76.92,submitted,"""2026-05-28T09:22:26.000Z""","""2026-05-28T09:51:26.000Z"""
398,105,104,balanced,mock,11,30,"""2026-05-29T14:59:58.000Z""","""2026-05-29T15:14:58.000Z""",42.86,submitted,"""2026-05-29T14:59:58.000Z""","""2026-05-29T15:14:58.000Z"""
399,105,104,balanced,mock,13,30,"""2026-05-30T09:43:38.000Z""","""2026-05-30T10:20:38.000Z""",62.5,submitted,"""2026-05-30T09:43:38.000Z""","""2026-05-30T10:20:38.000Z"""
400,105,104,balanced,mock,12,30,"""2026-05-31T13:23:00.000Z""","""2026-05-31T13:36:00.000Z""",68.18,submitted,"""2026-05-31T13:23:00.000Z""","""2026-05-31T13:36:00.000Z"""
401,105,7,balanced,mock,10,30,"""2026-06-01T19:51:24.000Z""","""2026-06-01T20:22:24.000Z""",42.11,submitted,"""2026-06-01T19:51:24.000Z""","""2026-06-01T20:22:24.000Z"""
402,105,154,balanced,mock,14,30,"""2026-06-02T10:38:48.000Z""","""2026-06-02T11:08:48.000Z""",44.44,submitted,"""2026-06-02T10:38:48.000Z""","""2026-06-02T11:08:48.000Z"""
403,106,192,balanced,mock,12,30,"""2026-06-08T21:29:17.000Z""","""2026-06-08T21:48:17.000Z""",54.17,submitted,"""2026-06-08T21:29:17.000Z""","""2026-06-08T21:48:17.000Z"""
404,106,192,balanced,mock,10,30,"""2026-06-09T11:30:17.000Z""","""2026-06-09T11:54:17.000Z""",77.78,submitted,"""2026-06-09T11:30:17.000Z""","""2026-06-09T11:54:17.000Z"""
405,106,192,balanced,mock,11,30,"""2026-06-10T21:06:55.000Z""","""2026-06-10T21:38:55.000Z""",27.27,submitted,"""2026-06-10T21:06:55.000Z""","""2026-06-10T21:38:55.000Z"""
406,106,192,balanced,mock,13,30,"""2026-06-11T08:42:26.000Z""","""2026-06-11T08:57:26.000Z""",52,submitted,"""2026-06-11T08:42:26.000Z""","""2026-06-11T08:57:26.000Z"""
407,106,82,balanced,mock,13,30,"""2026-06-12T17:19:45.000Z""","""2026-06-12T17:56:45.000Z""",22.22,submitted,"""2026-06-12T17:19:45.000Z""","""2026-06-12T17:56:45.000Z"""
408,106,46,balanced,mock,14,30,"""2026-06-13T21:03:59.000Z""","""2026-06-13T21:32:59.000Z""",67.65,submitted,"""2026-06-13T21:03:59.000Z""","""2026-06-13T21:32:59.000Z"""
409,107,13,balanced,mock,11,30,"""2026-06-06T14:03:20.000Z""","""2026-06-06T14:19:20.000Z""",77.27,submitted,"""2026-06-06T14:03:20.000Z""","""2026-06-06T14:19:20.000Z"""
410,107,13,balanced,mock,14,30,"""2026-06-07T17:12:34.000Z""","""2026-06-07T17:27:34.000Z""",70.37,submitted,"""2026-06-07T17:12:34.000Z""","""2026-06-07T17:27:34.000Z"""
411,107,13,balanced,mock,13,30,"""2026-06-08T19:04:04.000Z""","""2026-06-08T19:43:04.000Z""",100,submitted,"""2026-06-08T19:04:04.000Z""","""2026-06-08T19:43:04.000Z"""
412,107,85,balanced,mock,12,30,"""2026-06-09T12:54:52.000Z""","""2026-06-09T13:22:52.000Z""",58.33,submitted,"""2026-06-09T12:54:52.000Z""","""2026-06-09T13:22:52.000Z"""
413,107,31,balanced,mock,13,30,"""2026-06-10T18:55:38.000Z""","""2026-06-10T19:27:38.000Z""",60,submitted,"""2026-06-10T18:55:38.000Z""","""2026-06-10T19:27:38.000Z"""
414,108,232,balanced,mock,13,30,"""2026-06-08T14:57:10.000Z""","""2026-06-08T15:16:10.000Z""",43.48,submitted,"""2026-06-08T14:57:10.000Z""","""2026-06-08T15:16:10.000Z"""
415,108,232,balanced,mock,12,30,"""2026-05-22T20:26:27.000Z""","""2026-05-22T21:05:27.000Z""",46.15,submitted,"""2026-05-22T20:26:27.000Z""","""2026-05-22T21:05:27.000Z"""
416,108,232,balanced,mock,13,30,"""2026-06-06T07:49:10.000Z""","""2026-06-06T08:18:10.000Z""",66.67,submitted,"""2026-06-06T07:49:10.000Z""","""2026-06-06T08:18:10.000Z"""
417,108,68,balanced,mock,13,30,"""2026-06-01T19:20:29.000Z""","""2026-06-01T19:41:29.000Z""",37.93,submitted,"""2026-06-01T19:20:29.000Z""","""2026-06-01T19:41:29.000Z"""
418,108,154,balanced,mock,14,30,"""2026-05-03T08:16:22.000Z""","""2026-05-03T08:41:22.000Z""",84.62,submitted,"""2026-05-03T08:16:22.000Z""","""2026-05-03T08:41:22.000Z"""
419,109,208,balanced,mock,11,30,"""2026-05-23T19:55:53.000Z""","""2026-05-23T20:28:53.000Z""",66.67,submitted,"""2026-05-23T19:55:53.000Z""","""2026-05-23T20:28:53.000Z"""
420,109,208,balanced,mock,12,30,"""2026-05-24T14:11:10.000Z""","""2026-05-24T14:23:10.000Z""",71.43,submitted,"""2026-05-24T14:11:10.000Z""","""2026-05-24T14:23:10.000Z"""
421,109,208,balanced,mock,12,30,"""2026-05-25T17:24:44.000Z""","""2026-05-25T17:45:44.000Z""",53.85,submitted,"""2026-05-25T17:24:44.000Z""","""2026-05-25T17:45:44.000Z"""
422,109,14,balanced,mock,13,30,"""2026-05-26T10:45:29.000Z""","""2026-05-26T11:22:29.000Z""",100,submitted,"""2026-05-26T10:45:29.000Z""","""2026-05-26T11:22:29.000Z"""
423,109,7,balanced,mock,11,30,"""2026-05-27T17:41:59.000Z""","""2026-05-27T18:05:59.000Z""",63.64,submitted,"""2026-05-27T17:41:59.000Z""","""2026-05-27T18:05:59.000Z"""
424,110,51,balanced,mock,14,30,"""2026-05-08T19:53:18.000Z""","""2026-05-08T20:09:18.000Z""",76.67,submitted,"""2026-05-08T19:53:18.000Z""","""2026-05-08T20:09:18.000Z"""
425,110,51,balanced,mock,11,30,"""2026-05-28T09:51:45.000Z""","""2026-05-28T10:07:45.000Z""",48,submitted,"""2026-05-28T09:51:45.000Z""","""2026-05-28T10:07:45.000Z"""
426,110,51,balanced,mock,12,30,"""2026-05-26T12:06:48.000Z""","""2026-05-26T12:32:48.000Z""",76,submitted,"""2026-05-26T12:06:48.000Z""","""2026-05-26T12:32:48.000Z"""
427,110,51,balanced,mock,11,30,"""2026-06-02T17:13:16.000Z""","""2026-06-02T17:42:16.000Z""",76.19,submitted,"""2026-06-02T17:13:16.000Z""","""2026-06-02T17:42:16.000Z"""
428,110,51,balanced,mock,13,30,"""2026-05-26T21:01:27.000Z""","""2026-05-26T21:21:27.000Z""",96.43,submitted,"""2026-05-26T21:01:27.000Z""","""2026-05-26T21:21:27.000Z"""
429,110,71,balanced,mock,11,30,"""2026-05-31T18:36:32.000Z""","""2026-05-31T19:03:32.000Z""",60,submitted,"""2026-05-31T18:36:32.000Z""","""2026-05-31T19:03:32.000Z"""
430,110,233,balanced,mock,13,30,"""2026-06-06T11:13:38.000Z""","""2026-06-06T11:29:38.000Z""",50,submitted,"""2026-06-06T11:13:38.000Z""","""2026-06-06T11:29:38.000Z"""
431,111,58,balanced,mock,14,30,"""2026-05-17T08:42:23.000Z""","""2026-05-17T08:55:23.000Z""",33.33,submitted,"""2026-05-17T08:42:23.000Z""","""2026-05-17T08:55:23.000Z"""
432,111,58,balanced,mock,13,30,"""2026-05-17T08:38:04.000Z""","""2026-05-17T09:15:04.000Z""",41.94,submitted,"""2026-05-17T08:38:04.000Z""","""2026-05-17T09:15:04.000Z"""
433,111,58,balanced,mock,10,30,"""2026-05-31T17:35:55.000Z""","""2026-05-31T17:50:55.000Z""",33.33,submitted,"""2026-05-31T17:35:55.000Z""","""2026-05-31T17:50:55.000Z"""
434,111,58,balanced,mock,14,30,"""2026-05-20T09:03:41.000Z""","""2026-05-20T09:23:41.000Z""",66.67,submitted,"""2026-05-20T09:03:41.000Z""","""2026-05-20T09:23:41.000Z"""
435,111,58,balanced,mock,13,30,"""2026-06-11T14:30:08.000Z""","""2026-06-11T14:51:08.000Z""",60.71,submitted,"""2026-06-11T14:30:08.000Z""","""2026-06-11T14:51:08.000Z"""
436,111,85,balanced,mock,14,30,"""2026-05-09T19:12:08.000Z""","""2026-05-09T19:41:08.000Z""",80,submitted,"""2026-05-09T19:12:08.000Z""","""2026-05-09T19:41:08.000Z"""
437,111,17,balanced,mock,11,30,"""2026-04-28T19:00:55.000Z""","""2026-04-28T19:15:55.000Z""",26.92,submitted,"""2026-04-28T19:00:55.000Z""","""2026-04-28T19:15:55.000Z"""
438,112,172,balanced,mock,14,30,"""2026-06-01T14:55:29.000Z""","""2026-06-01T15:34:29.000Z""",86.67,submitted,"""2026-06-01T14:55:29.000Z""","""2026-06-01T15:34:29.000Z"""
439,112,172,balanced,mock,11,30,"""2026-06-02T11:28:32.000Z""","""2026-06-02T11:55:32.000Z""",80.95,submitted,"""2026-06-02T11:28:32.000Z""","""2026-06-02T11:55:32.000Z"""
440,112,172,balanced,mock,10,30,"""2026-06-03T16:16:21.000Z""","""2026-06-03T16:56:21.000Z""",65.22,submitted,"""2026-06-03T16:16:21.000Z""","""2026-06-03T16:56:21.000Z"""
441,112,120,balanced,mock,13,30,"""2026-06-04T11:16:03.000Z""","""2026-06-04T11:47:03.000Z""",92.31,submitted,"""2026-06-04T11:16:03.000Z""","""2026-06-04T11:47:03.000Z"""
442,112,82,balanced,mock,13,30,"""2026-06-05T11:01:29.000Z""","""2026-06-05T11:21:29.000Z""",92.59,submitted,"""2026-06-05T11:01:29.000Z""","""2026-06-05T11:21:29.000Z"""
443,113,64,balanced,mock,10,30,"""2026-05-09T08:51:52.000Z""","""2026-05-09T09:09:52.000Z""",65,submitted,"""2026-05-09T08:51:52.000Z""","""2026-05-09T09:09:52.000Z"""
444,113,64,balanced,mock,10,30,"""2026-06-05T20:34:23.000Z""","""2026-06-05T20:51:23.000Z""",52.63,submitted,"""2026-06-05T20:34:23.000Z""","""2026-06-05T20:51:23.000Z"""
445,113,64,balanced,mock,10,30,"""2026-05-22T14:27:47.000Z""","""2026-05-22T15:06:47.000Z""",68.75,submitted,"""2026-05-22T14:27:47.000Z""","""2026-05-22T15:06:47.000Z"""
446,113,64,balanced,mock,12,30,"""2026-05-09T07:33:07.000Z""","""2026-05-09T08:10:07.000Z""",29.17,submitted,"""2026-05-09T07:33:07.000Z""","""2026-05-09T08:10:07.000Z"""
447,113,190,balanced,mock,10,30,"""2026-06-03T08:30:39.000Z""","""2026-06-03T08:52:39.000Z""",30,submitted,"""2026-06-03T08:30:39.000Z""","""2026-06-03T08:52:39.000Z"""
448,113,14,balanced,mock,13,30,"""2026-05-10T15:38:59.000Z""","""2026-05-10T16:13:59.000Z""",65.38,submitted,"""2026-05-10T15:38:59.000Z""","""2026-05-10T16:13:59.000Z"""
449,114,84,balanced,mock,11,30,"""2026-05-13T08:30:33.000Z""","""2026-05-13T08:56:33.000Z""",45,submitted,"""2026-05-13T08:30:33.000Z""","""2026-05-13T08:56:33.000Z"""
450,114,84,balanced,mock,11,30,"""2026-05-14T10:13:06.000Z""","""2026-05-14T10:30:06.000Z""",57.14,submitted,"""2026-05-14T10:13:06.000Z""","""2026-05-14T10:30:06.000Z"""
451,114,84,balanced,mock,14,30,"""2026-05-15T08:04:41.000Z""","""2026-05-15T08:25:41.000Z""",56.67,submitted,"""2026-05-15T08:04:41.000Z""","""2026-05-15T08:25:41.000Z"""
452,114,84,balanced,mock,11,30,"""2026-05-16T17:53:37.000Z""","""2026-05-16T18:27:37.000Z""",77.78,submitted,"""2026-05-16T17:53:37.000Z""","""2026-05-16T18:27:37.000Z"""
453,114,232,balanced,mock,12,30,"""2026-05-17T15:19:46.000Z""","""2026-05-17T15:34:46.000Z""",50,submitted,"""2026-05-17T15:19:46.000Z""","""2026-05-17T15:34:46.000Z"""
454,114,206,balanced,mock,11,30,"""2026-05-29T07:41:45.000Z""","""2026-05-29T08:19:45.000Z""",43.48,submitted,"""2026-05-29T07:41:45.000Z""","""2026-05-29T08:19:45.000Z"""
455,115,131,balanced,mock,12,30,"""2026-05-20T12:37:28.000Z""","""2026-05-20T12:53:28.000Z""",70.83,submitted,"""2026-05-20T12:37:28.000Z""","""2026-05-20T12:53:28.000Z"""
456,115,131,balanced,mock,14,30,"""2026-05-21T13:11:22.000Z""","""2026-05-21T13:50:22.000Z""",31.03,submitted,"""2026-05-21T13:11:22.000Z""","""2026-05-21T13:50:22.000Z"""
457,115,131,balanced,mock,12,30,"""2026-05-22T11:49:36.000Z""","""2026-05-22T12:13:36.000Z""",58.33,submitted,"""2026-05-22T11:49:36.000Z""","""2026-05-22T12:13:36.000Z"""
458,115,131,balanced,mock,13,30,"""2026-05-23T08:33:02.000Z""","""2026-05-23T08:59:02.000Z""",43.48,submitted,"""2026-05-23T08:33:02.000Z""","""2026-05-23T08:59:02.000Z"""
459,115,131,balanced,mock,14,30,"""2026-05-24T12:51:10.000Z""","""2026-05-24T13:29:10.000Z""",30.3,submitted,"""2026-05-24T12:51:10.000Z""","""2026-05-24T13:29:10.000Z"""
460,115,156,balanced,mock,10,30,"""2026-05-25T08:07:22.000Z""","""2026-05-25T08:36:22.000Z""",89.47,submitted,"""2026-05-25T08:07:22.000Z""","""2026-05-25T08:36:22.000Z"""
461,115,122,balanced,mock,13,30,"""2026-05-26T10:11:13.000Z""","""2026-05-26T10:48:13.000Z""",39.13,submitted,"""2026-05-26T10:11:13.000Z""","""2026-05-26T10:48:13.000Z"""
462,116,67,balanced,mock,13,30,"""2026-05-22T18:43:00.000Z""","""2026-05-22T19:01:00.000Z""",36,submitted,"""2026-05-22T18:43:00.000Z""","""2026-05-22T19:01:00.000Z"""
463,116,67,balanced,mock,14,30,"""2026-05-04T15:41:33.000Z""","""2026-05-04T15:53:33.000Z""",39.29,submitted,"""2026-05-04T15:41:33.000Z""","""2026-05-04T15:53:33.000Z"""
464,116,67,balanced,mock,11,30,"""2026-05-29T10:11:06.000Z""","""2026-05-29T10:28:06.000Z""",38.1,submitted,"""2026-05-29T10:11:06.000Z""","""2026-05-29T10:28:06.000Z"""
465,116,67,balanced,mock,14,30,"""2026-05-15T15:13:14.000Z""","""2026-05-15T15:53:14.000Z""",39.29,submitted,"""2026-05-15T15:13:14.000Z""","""2026-05-15T15:53:14.000Z"""
466,116,190,balanced,mock,10,30,"""2026-05-30T12:25:58.000Z""","""2026-05-30T12:52:58.000Z""",26.09,submitted,"""2026-05-30T12:25:58.000Z""","""2026-05-30T12:52:58.000Z"""
467,116,15,balanced,mock,14,30,"""2026-05-27T19:11:27.000Z""","""2026-05-27T19:38:27.000Z""",64.29,submitted,"""2026-05-27T19:11:27.000Z""","""2026-05-27T19:38:27.000Z"""
468,117,105,balanced,mock,10,30,"""2026-05-25T16:56:32.000Z""","""2026-05-25T17:29:32.000Z""",47.62,submitted,"""2026-05-25T16:56:32.000Z""","""2026-05-25T17:29:32.000Z"""
469,117,105,balanced,mock,11,30,"""2026-05-26T17:28:48.000Z""","""2026-05-26T17:50:48.000Z""",44.44,submitted,"""2026-05-26T17:28:48.000Z""","""2026-05-26T17:50:48.000Z"""
470,117,105,balanced,mock,11,30,"""2026-05-27T08:39:33.000Z""","""2026-05-27T09:18:33.000Z""",50,submitted,"""2026-05-27T08:39:33.000Z""","""2026-05-27T09:18:33.000Z"""
471,117,141,balanced,mock,11,30,"""2026-05-28T15:26:40.000Z""","""2026-05-28T15:54:40.000Z""",23.81,submitted,"""2026-05-28T15:26:40.000Z""","""2026-05-28T15:54:40.000Z"""
472,117,60,balanced,mock,13,30,"""2026-05-19T08:06:34.000Z""","""2026-05-19T08:29:34.000Z""",73.33,submitted,"""2026-05-19T08:06:34.000Z""","""2026-05-19T08:29:34.000Z"""
473,118,133,balanced,mock,11,30,"""2026-06-08T20:49:20.000Z""","""2026-06-08T21:11:20.000Z""",45,submitted,"""2026-06-08T20:49:20.000Z""","""2026-06-08T21:11:20.000Z"""
474,118,133,balanced,mock,14,30,"""2026-06-09T20:55:59.000Z""","""2026-06-09T21:25:59.000Z""",50,submitted,"""2026-06-09T20:55:59.000Z""","""2026-06-09T21:25:59.000Z"""
475,118,133,balanced,mock,13,30,"""2026-05-09T09:17:13.000Z""","""2026-05-09T09:31:13.000Z""",37.5,submitted,"""2026-05-09T09:17:13.000Z""","""2026-05-09T09:31:13.000Z"""
476,118,133,balanced,mock,11,30,"""2026-05-07T18:15:52.000Z""","""2026-05-07T18:51:52.000Z""",44.44,submitted,"""2026-05-07T18:15:52.000Z""","""2026-05-07T18:51:52.000Z"""
477,118,133,balanced,mock,11,30,"""2026-05-12T10:10:32.000Z""","""2026-05-12T10:31:32.000Z""",55,submitted,"""2026-05-12T10:10:32.000Z""","""2026-05-12T10:31:32.000Z"""
478,118,133,balanced,mock,10,30,"""2026-05-30T20:31:23.000Z""","""2026-05-30T21:09:23.000Z""",60,submitted,"""2026-05-30T20:31:23.000Z""","""2026-05-30T21:09:23.000Z"""
479,119,57,balanced,mock,14,30,"""2026-05-24T07:36:37.000Z""","""2026-05-24T08:10:37.000Z""",62.07,submitted,"""2026-05-24T07:36:37.000Z""","""2026-05-24T08:10:37.000Z"""
480,119,57,balanced,mock,11,30,"""2026-05-25T10:20:07.000Z""","""2026-05-25T10:50:07.000Z""",47.83,submitted,"""2026-05-25T10:20:07.000Z""","""2026-05-25T10:50:07.000Z"""
481,119,57,balanced,mock,13,30,"""2026-05-26T15:37:30.000Z""","""2026-05-26T15:50:30.000Z""",84,submitted,"""2026-05-26T15:37:30.000Z""","""2026-05-26T15:50:30.000Z"""
482,119,57,balanced,mock,11,30,"""2026-05-27T10:41:34.000Z""","""2026-05-27T10:54:34.000Z""",40.91,submitted,"""2026-05-27T10:41:34.000Z""","""2026-05-27T10:54:34.000Z"""
483,119,21,balanced,mock,11,30,"""2026-05-28T19:03:59.000Z""","""2026-05-28T19:27:59.000Z""",40.91,submitted,"""2026-05-28T19:03:59.000Z""","""2026-05-28T19:27:59.000Z"""
484,119,220,balanced,mock,14,30,"""2026-06-12T13:54:16.000Z""","""2026-06-12T14:28:16.000Z""",69.23,submitted,"""2026-06-12T13:54:16.000Z""","""2026-06-12T14:28:16.000Z"""
485,120,30,balanced,mock,11,30,"""2026-05-09T09:14:21.000Z""","""2026-05-09T09:51:21.000Z""",45,submitted,"""2026-05-09T09:14:21.000Z""","""2026-05-09T09:51:21.000Z"""
486,120,30,balanced,mock,10,30,"""2026-05-10T17:08:02.000Z""","""2026-05-10T17:33:02.000Z""",37.5,submitted,"""2026-05-10T17:08:02.000Z""","""2026-05-10T17:33:02.000Z"""
487,120,30,balanced,mock,12,30,"""2026-05-11T12:23:38.000Z""","""2026-05-11T12:37:38.000Z""",43.48,submitted,"""2026-05-11T12:23:38.000Z""","""2026-05-11T12:37:38.000Z"""
488,120,30,balanced,mock,12,30,"""2026-05-12T10:42:05.000Z""","""2026-05-12T11:01:05.000Z""",44,submitted,"""2026-05-12T10:42:05.000Z""","""2026-05-12T11:01:05.000Z"""
489,120,30,balanced,mock,11,30,"""2026-06-02T12:36:01.000Z""","""2026-06-02T12:53:01.000Z""",79.17,submitted,"""2026-06-02T12:36:01.000Z""","""2026-06-02T12:53:01.000Z"""
490,120,125,balanced,mock,11,30,"""2026-06-04T13:02:47.000Z""","""2026-06-04T13:35:47.000Z""",30,submitted,"""2026-06-04T13:02:47.000Z""","""2026-06-04T13:35:47.000Z"""
491,120,109,balanced,mock,11,30,"""2026-06-01T08:17:16.000Z""","""2026-06-01T08:57:16.000Z""",58.33,submitted,"""2026-06-01T08:17:16.000Z""","""2026-06-01T08:57:16.000Z"""
492,121,127,balanced,mock,12,30,"""2026-06-08T14:16:28.000Z""","""2026-06-08T14:45:28.000Z""",36,submitted,"""2026-06-08T14:16:28.000Z""","""2026-06-08T14:45:28.000Z"""
493,121,127,balanced,mock,10,30,"""2026-06-09T20:31:43.000Z""","""2026-06-09T21:04:43.000Z""",22.22,submitted,"""2026-06-09T20:31:43.000Z""","""2026-06-09T21:04:43.000Z"""
494,121,127,balanced,mock,12,30,"""2026-06-10T18:13:32.000Z""","""2026-06-10T18:41:32.000Z""",44,submitted,"""2026-06-10T18:13:32.000Z""","""2026-06-10T18:41:32.000Z"""
495,121,127,balanced,mock,12,30,"""2026-06-11T17:19:52.000Z""","""2026-06-11T17:58:52.000Z""",59.09,submitted,"""2026-06-11T17:19:52.000Z""","""2026-06-11T17:58:52.000Z"""
496,121,127,balanced,mock,14,30,"""2026-06-12T14:54:39.000Z""","""2026-06-12T15:26:39.000Z""",29.63,submitted,"""2026-06-12T14:54:39.000Z""","""2026-06-12T15:26:39.000Z"""
497,121,9,balanced,mock,14,30,"""2026-06-13T17:51:14.000Z""","""2026-06-13T18:19:14.000Z""",62.96,submitted,"""2026-06-13T17:51:14.000Z""","""2026-06-13T18:19:14.000Z"""
498,121,60,balanced,mock,13,30,"""2026-06-14T11:08:35.000Z""","""2026-06-14T11:29:35.000Z""",30.43,submitted,"""2026-06-14T11:08:35.000Z""","""2026-06-14T11:29:35.000Z"""
499,122,33,balanced,mock,11,30,"""2026-05-08T19:41:21.000Z""","""2026-05-08T20:13:21.000Z""",44,submitted,"""2026-05-08T19:41:21.000Z""","""2026-05-08T20:13:21.000Z"""
500,122,33,balanced,mock,11,30,"""2026-05-09T10:53:57.000Z""","""2026-05-09T11:11:57.000Z""",47.37,submitted,"""2026-05-09T10:53:57.000Z""","""2026-05-09T11:11:57.000Z"""
501,122,33,balanced,mock,11,30,"""2026-05-10T21:18:30.000Z""","""2026-05-10T21:54:30.000Z""",60,submitted,"""2026-05-10T21:18:30.000Z""","""2026-05-10T21:54:30.000Z"""
502,122,33,balanced,mock,12,30,"""2026-05-11T13:30:20.000Z""","""2026-05-11T13:50:20.000Z""",77.27,submitted,"""2026-05-11T13:30:20.000Z""","""2026-05-11T13:50:20.000Z"""
503,122,33,balanced,mock,11,30,"""2026-06-09T08:19:23.000Z""","""2026-06-09T08:43:23.000Z""",66.67,submitted,"""2026-06-09T08:19:23.000Z""","""2026-06-09T08:43:23.000Z"""
504,122,37,balanced,mock,10,30,"""2026-05-27T16:15:19.000Z""","""2026-05-27T16:27:19.000Z""",50,submitted,"""2026-05-27T16:15:19.000Z""","""2026-05-27T16:27:19.000Z"""
505,122,159,balanced,mock,14,30,"""2026-05-09T16:26:11.000Z""","""2026-05-09T16:38:11.000Z""",53.13,submitted,"""2026-05-09T16:26:11.000Z""","""2026-05-09T16:38:11.000Z"""
506,123,231,balanced,mock,12,30,"""2026-06-03T14:04:30.000Z""","""2026-06-03T14:34:30.000Z""",52.17,submitted,"""2026-06-03T14:04:30.000Z""","""2026-06-03T14:34:30.000Z"""
507,123,231,balanced,mock,11,30,"""2026-06-04T09:36:24.000Z""","""2026-06-04T10:09:24.000Z""",61.9,submitted,"""2026-06-04T09:36:24.000Z""","""2026-06-04T10:09:24.000Z"""
508,123,231,balanced,mock,13,30,"""2026-06-05T07:38:12.000Z""","""2026-06-05T08:16:12.000Z""",52,submitted,"""2026-06-05T07:38:12.000Z""","""2026-06-05T08:16:12.000Z"""
509,123,228,balanced,mock,14,30,"""2026-06-06T09:28:22.000Z""","""2026-06-06T10:07:22.000Z""",65.52,submitted,"""2026-06-06T09:28:22.000Z""","""2026-06-06T10:07:22.000Z"""
510,123,114,balanced,mock,11,30,"""2026-06-07T13:13:35.000Z""","""2026-06-07T13:31:35.000Z""",66.67,submitted,"""2026-06-07T13:13:35.000Z""","""2026-06-07T13:31:35.000Z"""
511,124,72,balanced,mock,11,30,"""2026-06-05T12:33:26.000Z""","""2026-06-05T12:51:26.000Z""",60.87,submitted,"""2026-06-05T12:33:26.000Z""","""2026-06-05T12:51:26.000Z"""
512,124,72,balanced,mock,10,30,"""2026-06-06T18:55:04.000Z""","""2026-06-06T19:23:04.000Z""",40.91,submitted,"""2026-06-06T18:55:04.000Z""","""2026-06-06T19:23:04.000Z"""
513,124,72,balanced,mock,11,30,"""2026-06-07T18:18:53.000Z""","""2026-06-07T18:55:53.000Z""",32,submitted,"""2026-06-07T18:18:53.000Z""","""2026-06-07T18:55:53.000Z"""
514,124,72,balanced,mock,14,30,"""2026-06-08T15:58:24.000Z""","""2026-06-08T16:30:24.000Z""",61.54,submitted,"""2026-06-08T15:58:24.000Z""","""2026-06-08T16:30:24.000Z"""
515,124,72,balanced,mock,10,30,"""2026-06-09T13:04:31.000Z""","""2026-06-09T13:22:31.000Z""",55,submitted,"""2026-06-09T13:04:31.000Z""","""2026-06-09T13:22:31.000Z"""
516,124,234,balanced,mock,11,30,"""2026-05-04T10:17:19.000Z""","""2026-05-04T10:42:19.000Z""",68.42,submitted,"""2026-05-04T10:17:19.000Z""","""2026-05-04T10:42:19.000Z"""
517,124,8,balanced,mock,11,30,"""2026-05-19T19:31:10.000Z""","""2026-05-19T20:08:10.000Z""",45.83,submitted,"""2026-05-19T19:31:10.000Z""","""2026-05-19T20:08:10.000Z"""
518,125,226,balanced,mock,10,30,"""2026-05-09T08:10:42.000Z""","""2026-05-09T08:25:42.000Z""",45,submitted,"""2026-05-09T08:10:42.000Z""","""2026-05-09T08:25:42.000Z"""
519,125,226,balanced,mock,11,30,"""2026-06-01T10:13:09.000Z""","""2026-06-01T10:42:09.000Z""",63.64,submitted,"""2026-06-01T10:13:09.000Z""","""2026-06-01T10:42:09.000Z"""
520,125,226,balanced,mock,12,30,"""2026-05-03T08:26:31.000Z""","""2026-05-03T08:55:31.000Z""",37.5,submitted,"""2026-05-03T08:26:31.000Z""","""2026-05-03T08:55:31.000Z"""
521,125,137,balanced,mock,13,30,"""2026-05-26T14:07:36.000Z""","""2026-05-26T14:47:36.000Z""",52.17,submitted,"""2026-05-26T14:07:36.000Z""","""2026-05-26T14:47:36.000Z"""
522,125,226,balanced,mock,14,30,"""2026-05-28T08:28:40.000Z""","""2026-05-28T09:06:40.000Z""",81.48,submitted,"""2026-05-28T08:28:40.000Z""","""2026-05-28T09:06:40.000Z"""
523,126,45,balanced,mock,12,30,"""2026-06-03T08:56:34.000Z""","""2026-06-03T09:35:34.000Z""",56.52,submitted,"""2026-06-03T08:56:34.000Z""","""2026-06-03T09:35:34.000Z"""
524,126,45,balanced,mock,13,30,"""2026-06-04T10:44:27.000Z""","""2026-06-04T11:20:27.000Z""",46.67,submitted,"""2026-06-04T10:44:27.000Z""","""2026-06-04T11:20:27.000Z"""
525,126,45,balanced,mock,11,30,"""2026-06-05T11:52:10.000Z""","""2026-06-05T12:23:10.000Z""",50,submitted,"""2026-06-05T11:52:10.000Z""","""2026-06-05T12:23:10.000Z"""
526,126,45,balanced,mock,11,30,"""2026-06-06T12:21:23.000Z""","""2026-06-06T12:51:23.000Z""",54.17,submitted,"""2026-06-06T12:21:23.000Z""","""2026-06-06T12:51:23.000Z"""
527,126,220,balanced,mock,14,30,"""2026-06-07T09:03:04.000Z""","""2026-06-07T09:34:04.000Z""",71.43,submitted,"""2026-06-07T09:03:04.000Z""","""2026-06-07T09:34:04.000Z"""
528,126,79,balanced,mock,12,30,"""2026-06-08T21:24:38.000Z""","""2026-06-08T21:56:38.000Z""",32,submitted,"""2026-06-08T21:24:38.000Z""","""2026-06-08T21:56:38.000Z"""
529,127,51,balanced,mock,13,30,"""2026-06-09T09:56:59.000Z""","""2026-06-09T10:26:59.000Z""",34.48,submitted,"""2026-06-09T09:56:59.000Z""","""2026-06-09T10:26:59.000Z"""
530,127,51,balanced,mock,12,30,"""2026-06-10T19:04:16.000Z""","""2026-06-10T19:40:16.000Z""",56.52,submitted,"""2026-06-10T19:04:16.000Z""","""2026-06-10T19:40:16.000Z"""
531,127,51,balanced,mock,14,30,"""2026-06-11T16:16:05.000Z""","""2026-06-11T16:33:05.000Z""",74.07,submitted,"""2026-06-11T16:16:05.000Z""","""2026-06-11T16:33:05.000Z"""
532,127,51,balanced,mock,10,30,"""2026-06-12T09:03:57.000Z""","""2026-06-12T09:31:57.000Z""",40,submitted,"""2026-06-12T09:03:57.000Z""","""2026-06-12T09:31:57.000Z"""
533,127,51,balanced,mock,14,30,"""2026-06-13T13:41:34.000Z""","""2026-06-13T14:08:34.000Z""",55.56,submitted,"""2026-06-13T13:41:34.000Z""","""2026-06-13T14:08:34.000Z"""
534,127,170,balanced,mock,14,30,"""2026-06-14T15:18:49.000Z""","""2026-06-14T15:39:49.000Z""",67.74,submitted,"""2026-06-14T15:18:49.000Z""","""2026-06-14T15:39:49.000Z"""
535,127,50,balanced,mock,14,30,"""2026-06-15T15:49:26.000Z""","""2026-06-15T16:28:26.000Z""",90.63,submitted,"""2026-06-15T15:49:26.000Z""","""2026-06-15T16:28:26.000Z"""
536,128,82,balanced,mock,11,30,"""2026-05-11T14:19:24.000Z""","""2026-05-11T14:33:24.000Z""",68.18,submitted,"""2026-05-11T14:19:24.000Z""","""2026-05-11T14:33:24.000Z"""
537,128,82,balanced,mock,14,30,"""2026-05-12T20:45:31.000Z""","""2026-05-12T21:21:31.000Z""",36.67,submitted,"""2026-05-12T20:45:31.000Z""","""2026-05-12T21:21:31.000Z"""
538,128,82,balanced,mock,14,30,"""2026-05-13T20:26:49.000Z""","""2026-05-13T20:38:49.000Z""",44.44,submitted,"""2026-05-13T20:26:49.000Z""","""2026-05-13T20:38:49.000Z"""
539,128,82,balanced,mock,11,30,"""2026-05-14T18:17:49.000Z""","""2026-05-14T18:43:49.000Z""",22.73,submitted,"""2026-05-14T18:17:49.000Z""","""2026-05-14T18:43:49.000Z"""
540,128,1,balanced,mock,14,30,"""2026-05-15T15:39:20.000Z""","""2026-05-15T16:18:20.000Z""",68.97,submitted,"""2026-05-15T15:39:20.000Z""","""2026-05-15T16:18:20.000Z"""
541,128,61,balanced,mock,11,30,"""2026-05-18T14:26:46.000Z""","""2026-05-18T14:53:46.000Z""",68.42,submitted,"""2026-05-18T14:26:46.000Z""","""2026-05-18T14:53:46.000Z"""
542,129,126,balanced,mock,10,30,"""2026-05-21T19:18:07.000Z""","""2026-05-21T19:34:07.000Z""",86.36,submitted,"""2026-05-21T19:18:07.000Z""","""2026-05-21T19:34:07.000Z"""
543,129,126,balanced,mock,13,30,"""2026-05-22T17:43:18.000Z""","""2026-05-22T18:14:18.000Z""",82.61,submitted,"""2026-05-22T17:43:18.000Z""","""2026-05-22T18:14:18.000Z"""
544,129,126,balanced,mock,10,30,"""2026-05-23T11:37:59.000Z""","""2026-05-23T11:59:59.000Z""",86.96,submitted,"""2026-05-23T11:37:59.000Z""","""2026-05-23T11:59:59.000Z"""
545,129,10,balanced,mock,14,30,"""2026-05-24T07:39:48.000Z""","""2026-05-24T08:18:48.000Z""",39.13,submitted,"""2026-05-24T07:39:48.000Z""","""2026-05-24T08:18:48.000Z"""
546,129,170,balanced,mock,14,30,"""2026-05-25T09:53:25.000Z""","""2026-05-25T10:27:25.000Z""",46.88,submitted,"""2026-05-25T09:53:25.000Z""","""2026-05-25T10:27:25.000Z"""
547,130,192,balanced,mock,14,30,"""2026-06-06T20:56:48.000Z""","""2026-06-06T21:20:48.000Z""",60,submitted,"""2026-06-06T20:56:48.000Z""","""2026-06-06T21:20:48.000Z"""
548,130,192,balanced,mock,12,30,"""2026-06-07T10:55:08.000Z""","""2026-06-07T11:11:08.000Z""",75,submitted,"""2026-06-07T10:55:08.000Z""","""2026-06-07T11:11:08.000Z"""
549,130,192,balanced,mock,13,30,"""2026-06-08T11:18:59.000Z""","""2026-06-08T11:40:59.000Z""",75.86,submitted,"""2026-06-08T11:18:59.000Z""","""2026-06-08T11:40:59.000Z"""
550,130,192,balanced,mock,13,30,"""2026-06-09T14:34:02.000Z""","""2026-06-09T15:01:02.000Z""",55.56,submitted,"""2026-06-09T14:34:02.000Z""","""2026-06-09T15:01:02.000Z"""
551,130,192,balanced,mock,14,30,"""2026-06-10T09:58:47.000Z""","""2026-06-10T10:17:47.000Z""",51.85,submitted,"""2026-06-10T09:58:47.000Z""","""2026-06-10T10:17:47.000Z"""
552,130,63,balanced,mock,14,30,"""2026-06-11T14:09:22.000Z""","""2026-06-11T14:41:22.000Z""",41.94,submitted,"""2026-06-11T14:09:22.000Z""","""2026-06-11T14:41:22.000Z"""
553,130,134,balanced,mock,14,30,"""2026-06-12T14:20:43.000Z""","""2026-06-12T14:39:43.000Z""",40,submitted,"""2026-06-12T14:20:43.000Z""","""2026-06-12T14:39:43.000Z"""
554,131,31,balanced,mock,10,30,"""2026-05-27T13:32:08.000Z""","""2026-05-27T14:06:08.000Z""",42.86,submitted,"""2026-05-27T13:32:08.000Z""","""2026-05-27T14:06:08.000Z"""
555,131,31,balanced,mock,12,30,"""2026-06-05T09:47:15.000Z""","""2026-06-05T10:16:15.000Z""",75,submitted,"""2026-06-05T09:47:15.000Z""","""2026-06-05T10:16:15.000Z"""
556,131,31,balanced,mock,14,30,"""2026-05-28T09:59:55.000Z""","""2026-05-28T10:19:55.000Z""",44.44,submitted,"""2026-05-28T09:59:55.000Z""","""2026-05-28T10:19:55.000Z"""
557,131,131,balanced,mock,13,30,"""2026-04-28T18:18:41.000Z""","""2026-04-28T18:38:41.000Z""",38.46,submitted,"""2026-04-28T18:18:41.000Z""","""2026-04-28T18:38:41.000Z"""
558,131,95,balanced,mock,12,30,"""2026-06-06T16:19:56.000Z""","""2026-06-06T16:59:56.000Z""",16,submitted,"""2026-06-06T16:19:56.000Z""","""2026-06-06T16:59:56.000Z"""
559,132,238,balanced,mock,11,30,"""2026-06-08T14:18:38.000Z""","""2026-06-08T14:30:38.000Z""",72.73,submitted,"""2026-06-08T14:18:38.000Z""","""2026-06-08T14:30:38.000Z"""
560,132,238,balanced,mock,12,30,"""2026-06-09T14:44:05.000Z""","""2026-06-09T15:01:05.000Z""",39.13,submitted,"""2026-06-09T14:44:05.000Z""","""2026-06-09T15:01:05.000Z"""
561,132,238,balanced,mock,14,30,"""2026-06-10T09:58:14.000Z""","""2026-06-10T10:27:14.000Z""",80.77,submitted,"""2026-06-10T09:58:14.000Z""","""2026-06-10T10:27:14.000Z"""
562,132,98,balanced,mock,13,30,"""2026-06-11T09:59:07.000Z""","""2026-06-11T10:39:07.000Z""",42.86,submitted,"""2026-06-11T09:59:07.000Z""","""2026-06-11T10:39:07.000Z"""
563,132,191,balanced,mock,14,30,"""2026-06-12T15:05:49.000Z""","""2026-06-12T15:28:49.000Z""",50,submitted,"""2026-06-12T15:05:49.000Z""","""2026-06-12T15:28:49.000Z"""
564,133,165,balanced,mock,10,30,"""2026-05-29T08:38:37.000Z""","""2026-05-29T09:07:37.000Z""",47.37,submitted,"""2026-05-29T08:38:37.000Z""","""2026-05-29T09:07:37.000Z"""
565,133,165,balanced,mock,11,30,"""2026-05-30T18:10:56.000Z""","""2026-05-30T18:43:56.000Z""",62.5,submitted,"""2026-05-30T18:10:56.000Z""","""2026-05-30T18:43:56.000Z"""
566,133,165,balanced,mock,11,30,"""2026-05-31T18:14:08.000Z""","""2026-05-31T18:51:08.000Z""",57.89,submitted,"""2026-05-31T18:14:08.000Z""","""2026-05-31T18:51:08.000Z"""
567,133,235,balanced,mock,14,30,"""2026-06-01T12:10:54.000Z""","""2026-06-01T12:41:54.000Z""",81.48,submitted,"""2026-06-01T12:10:54.000Z""","""2026-06-01T12:41:54.000Z"""
568,133,2,balanced,mock,14,30,"""2026-06-02T17:49:17.000Z""","""2026-06-02T18:15:17.000Z""",75.86,submitted,"""2026-06-02T17:49:17.000Z""","""2026-06-02T18:15:17.000Z"""
569,134,12,balanced,mock,10,30,"""2026-05-25T08:09:59.000Z""","""2026-05-25T08:27:59.000Z""",100,submitted,"""2026-05-25T08:09:59.000Z""","""2026-05-25T08:27:59.000Z"""
570,134,12,balanced,mock,14,30,"""2026-05-26T21:03:09.000Z""","""2026-05-26T21:25:09.000Z""",73.33,submitted,"""2026-05-26T21:03:09.000Z""","""2026-05-26T21:25:09.000Z"""
571,134,12,balanced,mock,14,30,"""2026-05-27T10:41:24.000Z""","""2026-05-27T11:00:24.000Z""",70.37,submitted,"""2026-05-27T10:41:24.000Z""","""2026-05-27T11:00:24.000Z"""
572,134,12,balanced,mock,13,30,"""2026-05-28T18:35:16.000Z""","""2026-05-28T18:48:16.000Z""",85.19,submitted,"""2026-05-28T18:35:16.000Z""","""2026-05-28T18:48:16.000Z"""
573,134,12,balanced,mock,11,30,"""2026-05-29T09:13:13.000Z""","""2026-05-29T09:41:13.000Z""",72.73,submitted,"""2026-05-29T09:13:13.000Z""","""2026-05-29T09:41:13.000Z"""
574,134,49,balanced,mock,14,30,"""2026-05-30T20:40:42.000Z""","""2026-05-30T20:52:42.000Z""",75,submitted,"""2026-05-30T20:40:42.000Z""","""2026-05-30T20:52:42.000Z"""
575,134,49,balanced,mock,11,30,"""2026-05-31T08:02:21.000Z""","""2026-05-31T08:19:21.000Z""",70.83,submitted,"""2026-05-31T08:02:21.000Z""","""2026-05-31T08:19:21.000Z"""
576,135,95,balanced,mock,12,30,"""2026-05-26T15:45:59.000Z""","""2026-05-26T16:01:59.000Z""",56.52,submitted,"""2026-05-26T15:45:59.000Z""","""2026-05-26T16:01:59.000Z"""
577,135,95,balanced,mock,11,30,"""2026-05-27T20:01:51.000Z""","""2026-05-27T20:37:51.000Z""",25.93,submitted,"""2026-05-27T20:01:51.000Z""","""2026-05-27T20:37:51.000Z"""
578,135,95,balanced,mock,11,30,"""2026-05-28T18:07:38.000Z""","""2026-05-28T18:27:38.000Z""",59.09,submitted,"""2026-05-28T18:07:38.000Z""","""2026-05-28T18:27:38.000Z"""
579,135,95,balanced,mock,10,30,"""2026-05-29T19:34:15.000Z""","""2026-05-29T19:49:15.000Z""",18.18,submitted,"""2026-05-29T19:34:15.000Z""","""2026-05-29T19:49:15.000Z"""
580,135,224,balanced,mock,12,30,"""2026-05-11T10:02:23.000Z""","""2026-05-11T10:23:23.000Z""",7.41,submitted,"""2026-05-11T10:02:23.000Z""","""2026-05-11T10:23:23.000Z"""
581,136,13,balanced,mock,12,30,"""2026-05-24T14:17:48.000Z""","""2026-05-24T14:52:48.000Z""",52.17,submitted,"""2026-05-24T14:17:48.000Z""","""2026-05-24T14:52:48.000Z"""
582,136,13,balanced,mock,10,30,"""2026-05-25T16:43:04.000Z""","""2026-05-25T17:00:04.000Z""",94.44,submitted,"""2026-05-25T16:43:04.000Z""","""2026-05-25T17:00:04.000Z"""
583,136,13,balanced,mock,12,30,"""2026-05-26T07:53:38.000Z""","""2026-05-26T08:18:38.000Z""",51.72,submitted,"""2026-05-26T07:53:38.000Z""","""2026-05-26T08:18:38.000Z"""
584,136,13,balanced,mock,14,30,"""2026-06-03T09:57:09.000Z""","""2026-06-03T10:10:09.000Z""",35.71,submitted,"""2026-06-03T09:57:09.000Z""","""2026-06-03T10:10:09.000Z"""
585,136,13,balanced,mock,14,30,"""2026-05-25T19:43:13.000Z""","""2026-05-25T19:59:13.000Z""",73.91,submitted,"""2026-05-25T19:43:13.000Z""","""2026-05-25T19:59:13.000Z"""
586,136,134,balanced,mock,11,30,"""2026-05-21T14:08:54.000Z""","""2026-05-21T14:22:54.000Z""",33.33,submitted,"""2026-05-21T14:08:54.000Z""","""2026-05-21T14:22:54.000Z"""
587,136,103,balanced,mock,10,30,"""2026-05-25T17:32:22.000Z""","""2026-05-25T18:04:22.000Z""",33.33,submitted,"""2026-05-25T17:32:22.000Z""","""2026-05-25T18:04:22.000Z"""
588,137,55,balanced,mock,13,30,"""2026-05-15T12:07:34.000Z""","""2026-05-15T12:38:34.000Z""",68,submitted,"""2026-05-15T12:07:34.000Z""","""2026-05-15T12:38:34.000Z"""
589,137,55,balanced,mock,13,30,"""2026-05-16T10:00:49.000Z""","""2026-05-16T10:24:49.000Z""",59.09,submitted,"""2026-05-16T10:00:49.000Z""","""2026-05-16T10:24:49.000Z"""
590,137,55,balanced,mock,11,30,"""2026-05-17T10:00:47.000Z""","""2026-05-17T10:34:47.000Z""",80.77,submitted,"""2026-05-17T10:00:47.000Z""","""2026-05-17T10:34:47.000Z"""
591,137,55,balanced,mock,10,30,"""2026-05-18T20:51:07.000Z""","""2026-05-18T21:07:07.000Z""",43.48,submitted,"""2026-05-18T20:51:07.000Z""","""2026-05-18T21:07:07.000Z"""
592,137,55,balanced,mock,13,30,"""2026-05-19T18:24:47.000Z""","""2026-05-19T18:40:47.000Z""",68.18,submitted,"""2026-05-19T18:24:47.000Z""","""2026-05-19T18:40:47.000Z"""
593,137,183,balanced,mock,12,30,"""2026-04-29T15:16:42.000Z""","""2026-04-29T15:49:42.000Z""",48.28,submitted,"""2026-04-29T15:16:42.000Z""","""2026-04-29T15:49:42.000Z"""
594,137,55,balanced,mock,11,30,"""2026-05-19T10:16:44.000Z""","""2026-05-19T10:55:44.000Z""",80,submitted,"""2026-05-19T10:16:44.000Z""","""2026-05-19T10:55:44.000Z"""
595,138,144,balanced,mock,10,30,"""2026-05-18T20:59:02.000Z""","""2026-05-18T21:20:02.000Z""",0,submitted,"""2026-05-18T20:59:02.000Z""","""2026-05-18T21:20:02.000Z"""
596,138,144,balanced,mock,13,30,"""2026-06-03T17:20:41.000Z""","""2026-06-03T17:43:41.000Z""",10.34,submitted,"""2026-06-03T17:20:41.000Z""","""2026-06-03T17:43:41.000Z"""
597,138,144,balanced,mock,14,30,"""2026-06-05T20:54:42.000Z""","""2026-06-05T21:12:42.000Z""",20.69,submitted,"""2026-06-05T20:54:42.000Z""","""2026-06-05T21:12:42.000Z"""
598,138,144,balanced,mock,14,30,"""2026-05-25T20:07:32.000Z""","""2026-05-25T20:28:32.000Z""",19.23,submitted,"""2026-05-25T20:07:32.000Z""","""2026-05-25T20:28:32.000Z"""
599,138,144,balanced,mock,14,30,"""2026-05-13T14:32:30.000Z""","""2026-05-13T14:55:30.000Z""",30,submitted,"""2026-05-13T14:32:30.000Z""","""2026-05-13T14:55:30.000Z"""
600,138,161,balanced,mock,11,30,"""2026-06-04T08:51:12.000Z""","""2026-06-04T09:13:12.000Z""",45.83,submitted,"""2026-06-04T08:51:12.000Z""","""2026-06-04T09:13:12.000Z"""
601,138,81,balanced,mock,11,30,"""2026-05-17T13:45:08.000Z""","""2026-05-17T13:58:08.000Z""",26.09,submitted,"""2026-05-17T13:45:08.000Z""","""2026-05-17T13:58:08.000Z"""
602,139,40,balanced,mock,14,30,"""2026-05-18T16:53:18.000Z""","""2026-05-18T17:18:18.000Z""",72.41,submitted,"""2026-05-18T16:53:18.000Z""","""2026-05-18T17:18:18.000Z"""
603,139,40,balanced,mock,14,30,"""2026-05-19T16:29:44.000Z""","""2026-05-19T16:52:44.000Z""",46.15,submitted,"""2026-05-19T16:29:44.000Z""","""2026-05-19T16:52:44.000Z"""
604,139,40,balanced,mock,12,30,"""2026-05-20T15:20:01.000Z""","""2026-05-20T15:52:01.000Z""",50,submitted,"""2026-05-20T15:20:01.000Z""","""2026-05-20T15:52:01.000Z"""
605,139,12,balanced,mock,14,30,"""2026-05-21T15:58:38.000Z""","""2026-05-21T16:23:38.000Z""",18.52,submitted,"""2026-05-21T15:58:38.000Z""","""2026-05-21T16:23:38.000Z"""
606,139,130,balanced,mock,12,30,"""2026-05-22T10:54:33.000Z""","""2026-05-22T11:10:33.000Z""",63.16,submitted,"""2026-05-22T10:54:33.000Z""","""2026-05-22T11:10:33.000Z"""
607,140,157,balanced,mock,12,30,"""2026-06-11T17:31:26.000Z""","""2026-06-11T17:45:26.000Z""",80,submitted,"""2026-06-11T17:31:26.000Z""","""2026-06-11T17:45:26.000Z"""
608,140,157,balanced,mock,14,30,"""2026-06-12T13:07:15.000Z""","""2026-06-12T13:42:15.000Z""",83.33,submitted,"""2026-06-12T13:07:15.000Z""","""2026-06-12T13:42:15.000Z"""
609,140,157,balanced,mock,10,30,"""2026-06-13T20:01:32.000Z""","""2026-06-13T20:37:32.000Z""",73.91,submitted,"""2026-06-13T20:01:32.000Z""","""2026-06-13T20:37:32.000Z"""
610,140,21,balanced,mock,10,30,"""2026-06-14T16:35:29.000Z""","""2026-06-14T17:05:29.000Z""",52.63,submitted,"""2026-06-14T16:35:29.000Z""","""2026-06-14T17:05:29.000Z"""
611,140,21,balanced,mock,11,30,"""2026-06-15T08:22:06.000Z""","""2026-06-15T08:45:06.000Z""",43.48,submitted,"""2026-06-15T08:22:06.000Z""","""2026-06-15T08:45:06.000Z"""
612,141,138,balanced,mock,13,30,"""2026-06-03T10:04:58.000Z""","""2026-06-03T10:30:58.000Z""",76.92,submitted,"""2026-06-03T10:04:58.000Z""","""2026-06-03T10:30:58.000Z"""
613,141,138,balanced,mock,14,30,"""2026-06-04T14:11:29.000Z""","""2026-06-04T14:27:29.000Z""",38.71,submitted,"""2026-06-04T14:11:29.000Z""","""2026-06-04T14:27:29.000Z"""
614,141,138,balanced,mock,14,30,"""2026-06-05T16:15:32.000Z""","""2026-06-05T16:53:32.000Z""",60.71,submitted,"""2026-06-05T16:15:32.000Z""","""2026-06-05T16:53:32.000Z"""
615,141,84,balanced,mock,11,30,"""2026-06-06T17:38:54.000Z""","""2026-06-06T18:03:54.000Z""",90.48,submitted,"""2026-06-06T17:38:54.000Z""","""2026-06-06T18:03:54.000Z"""
616,141,126,balanced,mock,12,30,"""2026-06-07T08:59:49.000Z""","""2026-06-07T09:34:49.000Z""",52.63,submitted,"""2026-06-07T08:59:49.000Z""","""2026-06-07T09:34:49.000Z"""
617,142,69,balanced,mock,12,30,"""2026-05-09T08:23:01.000Z""","""2026-05-09T08:37:01.000Z""",50,submitted,"""2026-05-09T08:23:01.000Z""","""2026-05-09T08:37:01.000Z"""
618,142,69,balanced,mock,10,30,"""2026-05-10T16:12:44.000Z""","""2026-05-10T16:44:44.000Z""",72.73,submitted,"""2026-05-10T16:12:44.000Z""","""2026-05-10T16:44:44.000Z"""
619,142,69,balanced,mock,10,30,"""2026-05-11T14:28:25.000Z""","""2026-05-11T14:58:25.000Z""",78.26,submitted,"""2026-05-11T14:28:25.000Z""","""2026-05-11T14:58:25.000Z"""
620,142,45,balanced,mock,14,30,"""2026-05-12T20:04:43.000Z""","""2026-05-12T20:37:43.000Z""",48.28,submitted,"""2026-05-12T20:04:43.000Z""","""2026-05-12T20:37:43.000Z"""
621,142,237,balanced,mock,14,30,"""2026-05-13T15:30:57.000Z""","""2026-05-13T15:53:57.000Z""",59.26,submitted,"""2026-05-13T15:30:57.000Z""","""2026-05-13T15:53:57.000Z"""
622,143,23,balanced,mock,10,30,"""2026-05-16T13:18:26.000Z""","""2026-05-16T13:56:26.000Z""",31.58,submitted,"""2026-05-16T13:18:26.000Z""","""2026-05-16T13:56:26.000Z"""
623,143,23,balanced,mock,12,30,"""2026-05-04T15:25:32.000Z""","""2026-05-04T15:41:32.000Z""",54.55,submitted,"""2026-05-04T15:25:32.000Z""","""2026-05-04T15:41:32.000Z"""
624,143,23,balanced,mock,12,30,"""2026-05-12T16:52:05.000Z""","""2026-05-12T17:04:05.000Z""",80.95,submitted,"""2026-05-12T16:52:05.000Z""","""2026-05-12T17:04:05.000Z"""
625,143,23,balanced,mock,11,30,"""2026-04-30T09:16:54.000Z""","""2026-04-30T09:50:54.000Z""",66.67,submitted,"""2026-04-30T09:16:54.000Z""","""2026-04-30T09:50:54.000Z"""
626,143,23,balanced,mock,12,30,"""2026-05-23T11:31:30.000Z""","""2026-05-23T11:57:30.000Z""",53.85,submitted,"""2026-05-23T11:31:30.000Z""","""2026-05-23T11:57:30.000Z"""
627,143,126,balanced,mock,11,30,"""2026-05-11T10:27:55.000Z""","""2026-05-11T11:01:55.000Z""",63.16,submitted,"""2026-05-11T10:27:55.000Z""","""2026-05-11T11:01:55.000Z"""
628,143,23,balanced,mock,10,30,"""2026-06-05T20:07:24.000Z""","""2026-06-05T20:21:24.000Z""",42.86,submitted,"""2026-06-05T20:07:24.000Z""","""2026-06-05T20:21:24.000Z"""
629,144,70,balanced,mock,11,30,"""2026-06-02T07:48:08.000Z""","""2026-06-02T08:17:08.000Z""",100,submitted,"""2026-06-02T07:48:08.000Z""","""2026-06-02T08:17:08.000Z"""
630,144,70,balanced,mock,14,30,"""2026-06-03T19:41:59.000Z""","""2026-06-03T19:58:59.000Z""",86.67,submitted,"""2026-06-03T19:41:59.000Z""","""2026-06-03T19:58:59.000Z"""
631,144,70,balanced,mock,11,30,"""2026-06-04T15:42:14.000Z""","""2026-06-04T16:01:14.000Z""",76.19,submitted,"""2026-06-04T15:42:14.000Z""","""2026-06-04T16:01:14.000Z"""
632,144,70,balanced,mock,10,30,"""2026-06-05T17:07:31.000Z""","""2026-06-05T17:37:31.000Z""",90,submitted,"""2026-06-05T17:07:31.000Z""","""2026-06-05T17:37:31.000Z"""
633,144,70,balanced,mock,11,30,"""2026-06-06T15:05:45.000Z""","""2026-06-06T15:28:45.000Z""",80.95,submitted,"""2026-06-06T15:05:45.000Z""","""2026-06-06T15:28:45.000Z"""
634,144,224,balanced,mock,12,30,"""2026-06-07T18:01:19.000Z""","""2026-06-07T18:35:19.000Z""",24,submitted,"""2026-06-07T18:01:19.000Z""","""2026-06-07T18:35:19.000Z"""
635,144,25,balanced,mock,11,30,"""2026-06-08T11:36:12.000Z""","""2026-06-08T11:52:12.000Z""",48,submitted,"""2026-06-08T11:36:12.000Z""","""2026-06-08T11:52:12.000Z"""
636,145,61,balanced,mock,10,30,"""2026-05-20T21:07:07.000Z""","""2026-05-20T21:20:07.000Z""",47.06,submitted,"""2026-05-20T21:07:07.000Z""","""2026-05-20T21:20:07.000Z"""
637,145,61,balanced,mock,14,30,"""2026-05-21T16:20:11.000Z""","""2026-05-21T16:57:11.000Z""",68.97,submitted,"""2026-05-21T16:20:11.000Z""","""2026-05-21T16:57:11.000Z"""
638,145,61,balanced,mock,14,30,"""2026-05-22T11:13:14.000Z""","""2026-05-22T11:36:14.000Z""",78.57,submitted,"""2026-05-22T11:13:14.000Z""","""2026-05-22T11:36:14.000Z"""
639,145,61,balanced,mock,14,30,"""2026-05-23T13:17:41.000Z""","""2026-05-23T13:30:41.000Z""",40.74,submitted,"""2026-05-23T13:17:41.000Z""","""2026-05-23T13:30:41.000Z"""
640,145,187,balanced,mock,10,30,"""2026-05-24T18:30:38.000Z""","""2026-05-24T18:48:38.000Z""",59.09,submitted,"""2026-05-24T18:30:38.000Z""","""2026-05-24T18:48:38.000Z"""
641,145,49,balanced,mock,11,30,"""2026-05-25T15:18:33.000Z""","""2026-05-25T15:32:33.000Z""",75,submitted,"""2026-05-25T15:18:33.000Z""","""2026-05-25T15:32:33.000Z"""
642,146,102,balanced,mock,13,30,"""2026-05-27T11:15:48.000Z""","""2026-05-27T11:28:48.000Z""",75,submitted,"""2026-05-27T11:15:48.000Z""","""2026-05-27T11:28:48.000Z"""
643,146,102,balanced,mock,10,30,"""2026-05-28T10:44:06.000Z""","""2026-05-28T11:03:06.000Z""",45,submitted,"""2026-05-28T10:44:06.000Z""","""2026-05-28T11:03:06.000Z"""
644,146,102,balanced,mock,14,30,"""2026-05-29T09:59:53.000Z""","""2026-05-29T10:36:53.000Z""",65.63,submitted,"""2026-05-29T09:59:53.000Z""","""2026-05-29T10:36:53.000Z"""
645,146,102,balanced,mock,11,30,"""2026-05-30T08:19:18.000Z""","""2026-05-30T08:48:18.000Z""",20,submitted,"""2026-05-30T08:19:18.000Z""","""2026-05-30T08:48:18.000Z"""
646,146,102,balanced,mock,13,30,"""2026-05-03T15:06:01.000Z""","""2026-05-03T15:42:01.000Z""",72,submitted,"""2026-05-03T15:06:01.000Z""","""2026-05-03T15:42:01.000Z"""
647,146,102,balanced,mock,14,30,"""2026-05-16T07:59:13.000Z""","""2026-05-16T08:11:13.000Z""",44.44,submitted,"""2026-05-16T07:59:13.000Z""","""2026-05-16T08:11:13.000Z"""
648,147,13,balanced,mock,14,30,"""2026-05-10T08:02:28.000Z""","""2026-05-10T08:21:28.000Z""",36.67,submitted,"""2026-05-10T08:02:28.000Z""","""2026-05-10T08:21:28.000Z"""
649,147,13,balanced,mock,14,30,"""2026-05-11T09:33:36.000Z""","""2026-05-11T09:57:36.000Z""",25,submitted,"""2026-05-11T09:33:36.000Z""","""2026-05-11T09:57:36.000Z"""
650,147,13,balanced,mock,13,30,"""2026-05-12T13:02:30.000Z""","""2026-05-12T13:23:30.000Z""",16,submitted,"""2026-05-12T13:02:30.000Z""","""2026-05-12T13:23:30.000Z"""
651,147,153,balanced,mock,14,30,"""2026-05-13T08:45:25.000Z""","""2026-05-13T09:08:25.000Z""",18.52,submitted,"""2026-05-13T08:45:25.000Z""","""2026-05-13T09:08:25.000Z"""
652,147,120,balanced,mock,12,30,"""2026-05-14T09:30:09.000Z""","""2026-05-14T09:59:09.000Z""",24,submitted,"""2026-05-14T09:30:09.000Z""","""2026-05-14T09:59:09.000Z"""
653,148,51,balanced,mock,10,30,"""2026-05-26T19:07:42.000Z""","""2026-05-26T19:45:42.000Z""",33.33,submitted,"""2026-05-26T19:07:42.000Z""","""2026-05-26T19:45:42.000Z"""
654,148,51,balanced,mock,13,30,"""2026-05-27T12:24:13.000Z""","""2026-05-27T12:37:13.000Z""",44,submitted,"""2026-05-27T12:24:13.000Z""","""2026-05-27T12:37:13.000Z"""
655,148,51,balanced,mock,13,30,"""2026-05-28T14:31:30.000Z""","""2026-05-28T14:52:30.000Z""",40,submitted,"""2026-05-28T14:31:30.000Z""","""2026-05-28T14:52:30.000Z"""
656,148,51,balanced,mock,11,30,"""2026-05-29T13:37:33.000Z""","""2026-05-29T14:02:33.000Z""",30,submitted,"""2026-05-29T13:37:33.000Z""","""2026-05-29T14:02:33.000Z"""
657,148,51,balanced,mock,14,30,"""2026-05-25T11:59:34.000Z""","""2026-05-25T12:21:34.000Z""",65.38,submitted,"""2026-05-25T11:59:34.000Z""","""2026-05-25T12:21:34.000Z"""
658,148,17,balanced,mock,13,30,"""2026-05-25T14:51:24.000Z""","""2026-05-25T15:22:24.000Z""",80.77,submitted,"""2026-05-25T14:51:24.000Z""","""2026-05-25T15:22:24.000Z"""
659,148,25,balanced,mock,11,30,"""2026-05-15T09:25:34.000Z""","""2026-05-15T10:03:34.000Z""",70.83,submitted,"""2026-05-15T09:25:34.000Z""","""2026-05-15T10:03:34.000Z"""
660,149,152,balanced,mock,12,30,"""2026-06-11T11:47:43.000Z""","""2026-06-11T12:00:43.000Z""",75,submitted,"""2026-06-11T11:47:43.000Z""","""2026-06-11T12:00:43.000Z"""
661,149,152,balanced,mock,10,30,"""2026-06-12T10:32:51.000Z""","""2026-06-12T11:07:51.000Z""",100,submitted,"""2026-06-12T10:32:51.000Z""","""2026-06-12T11:07:51.000Z"""
662,149,152,balanced,mock,12,30,"""2026-06-13T15:19:21.000Z""","""2026-06-13T15:34:21.000Z""",76.19,submitted,"""2026-06-13T15:19:21.000Z""","""2026-06-13T15:34:21.000Z"""
663,149,152,balanced,mock,13,30,"""2026-06-14T13:21:33.000Z""","""2026-06-14T13:35:33.000Z""",89.29,submitted,"""2026-06-14T13:21:33.000Z""","""2026-06-14T13:35:33.000Z"""
664,149,152,balanced,mock,10,30,"""2026-06-15T18:07:24.000Z""","""2026-06-15T18:38:24.000Z""",90,submitted,"""2026-06-15T18:07:24.000Z""","""2026-06-15T18:38:24.000Z"""
665,149,51,balanced,mock,11,30,"""2026-06-01T17:02:59.000Z""","""2026-06-01T17:29:59.000Z""",90.91,submitted,"""2026-06-01T17:02:59.000Z""","""2026-06-01T17:29:59.000Z"""
666,149,55,balanced,mock,11,30,"""2026-05-07T12:23:46.000Z""","""2026-05-07T12:57:46.000Z""",59.09,submitted,"""2026-05-07T12:23:46.000Z""","""2026-05-07T12:57:46.000Z"""
667,150,163,balanced,mock,14,30,"""2026-05-12T17:28:04.000Z""","""2026-05-12T17:45:04.000Z""",72,submitted,"""2026-05-12T17:28:04.000Z""","""2026-05-12T17:45:04.000Z"""
668,150,163,balanced,mock,14,30,"""2026-05-13T17:42:36.000Z""","""2026-05-13T18:04:36.000Z""",35.48,submitted,"""2026-05-13T17:42:36.000Z""","""2026-05-13T18:04:36.000Z"""
669,150,163,balanced,mock,11,30,"""2026-05-14T12:32:17.000Z""","""2026-05-14T13:12:17.000Z""",54.55,submitted,"""2026-05-14T12:32:17.000Z""","""2026-05-14T13:12:17.000Z"""
670,150,163,balanced,mock,14,30,"""2026-05-15T15:59:00.000Z""","""2026-05-15T16:11:00.000Z""",33.33,submitted,"""2026-05-15T15:59:00.000Z""","""2026-05-15T16:11:00.000Z"""
671,150,163,balanced,mock,11,30,"""2026-05-16T16:26:34.000Z""","""2026-05-16T16:52:34.000Z""",27.27,submitted,"""2026-05-16T16:26:34.000Z""","""2026-05-16T16:52:34.000Z"""
672,150,11,balanced,mock,10,30,"""2026-05-17T13:24:37.000Z""","""2026-05-17T13:38:37.000Z""",77.78,submitted,"""2026-05-17T13:24:37.000Z""","""2026-05-17T13:38:37.000Z"""
673,150,163,balanced,mock,12,30,"""2026-05-18T20:37:34.000Z""","""2026-05-18T21:00:34.000Z""",48,submitted,"""2026-05-18T20:37:34.000Z""","""2026-05-18T21:00:34.000Z"""
674,151,208,balanced,mock,14,30,"""2026-05-22T19:42:52.000Z""","""2026-05-22T20:19:52.000Z""",80.77,submitted,"""2026-05-22T19:42:52.000Z""","""2026-05-22T20:19:52.000Z"""
675,151,208,balanced,mock,12,30,"""2026-05-23T20:03:17.000Z""","""2026-05-23T20:15:17.000Z""",71.43,submitted,"""2026-05-23T20:03:17.000Z""","""2026-05-23T20:15:17.000Z"""
676,151,208,balanced,mock,11,30,"""2026-05-24T08:26:25.000Z""","""2026-05-24T08:52:25.000Z""",42.11,submitted,"""2026-05-24T08:26:25.000Z""","""2026-05-24T08:52:25.000Z"""
677,151,208,balanced,mock,13,30,"""2026-05-25T16:54:22.000Z""","""2026-05-25T17:17:22.000Z""",73.91,submitted,"""2026-05-25T16:54:22.000Z""","""2026-05-25T17:17:22.000Z"""
678,151,208,balanced,mock,13,30,"""2026-06-10T14:51:37.000Z""","""2026-06-10T15:18:37.000Z""",66.67,submitted,"""2026-06-10T14:51:37.000Z""","""2026-06-10T15:18:37.000Z"""
679,151,45,balanced,mock,11,30,"""2026-05-13T14:20:52.000Z""","""2026-05-13T14:56:52.000Z""",100,submitted,"""2026-05-13T14:20:52.000Z""","""2026-05-13T14:56:52.000Z"""
680,151,68,balanced,mock,10,30,"""2026-05-03T07:49:13.000Z""","""2026-05-03T08:21:13.000Z""",42.11,submitted,"""2026-05-03T07:49:13.000Z""","""2026-05-03T08:21:13.000Z"""
681,152,144,balanced,mock,14,30,"""2026-05-21T10:25:10.000Z""","""2026-05-21T10:55:10.000Z""",67.86,submitted,"""2026-05-21T10:25:10.000Z""","""2026-05-21T10:55:10.000Z"""
682,152,144,balanced,mock,13,30,"""2026-05-22T11:23:18.000Z""","""2026-05-22T11:36:18.000Z""",21.74,submitted,"""2026-05-22T11:23:18.000Z""","""2026-05-22T11:36:18.000Z"""
683,152,144,balanced,mock,10,30,"""2026-05-23T11:48:28.000Z""","""2026-05-23T12:15:28.000Z""",21.05,submitted,"""2026-05-23T11:48:28.000Z""","""2026-05-23T12:15:28.000Z"""
684,152,144,balanced,mock,14,30,"""2026-05-24T18:56:18.000Z""","""2026-05-24T19:22:18.000Z""",20.83,submitted,"""2026-05-24T18:56:18.000Z""","""2026-05-24T19:22:18.000Z"""
685,152,166,balanced,mock,10,30,"""2026-05-23T20:55:00.000Z""","""2026-05-23T21:16:00.000Z""",43.75,submitted,"""2026-05-23T20:55:00.000Z""","""2026-05-23T21:16:00.000Z"""
686,152,27,balanced,mock,11,30,"""2026-05-29T16:41:17.000Z""","""2026-05-29T17:12:17.000Z""",68.18,submitted,"""2026-05-29T16:41:17.000Z""","""2026-05-29T17:12:17.000Z"""
687,153,83,balanced,mock,11,30,"""2026-05-11T14:19:01.000Z""","""2026-05-11T14:40:01.000Z""",59.09,submitted,"""2026-05-11T14:19:01.000Z""","""2026-05-11T14:40:01.000Z"""
688,153,83,balanced,mock,10,30,"""2026-05-26T13:36:44.000Z""","""2026-05-26T13:48:44.000Z""",70,submitted,"""2026-05-26T13:36:44.000Z""","""2026-05-26T13:48:44.000Z"""
689,153,83,balanced,mock,10,30,"""2026-05-13T16:47:30.000Z""","""2026-05-13T17:26:30.000Z""",57.14,submitted,"""2026-05-13T16:47:30.000Z""","""2026-05-13T17:26:30.000Z"""
690,153,21,balanced,mock,10,30,"""2026-05-15T21:07:54.000Z""","""2026-05-15T21:24:54.000Z""",64.71,submitted,"""2026-05-15T21:07:54.000Z""","""2026-05-15T21:24:54.000Z"""
691,153,21,balanced,mock,11,30,"""2026-05-25T09:00:26.000Z""","""2026-05-25T09:25:26.000Z""",72.73,submitted,"""2026-05-25T09:00:26.000Z""","""2026-05-25T09:25:26.000Z"""
692,154,187,balanced,mock,12,30,"""2026-05-23T14:38:43.000Z""","""2026-05-23T14:56:43.000Z""",89.66,submitted,"""2026-05-23T14:38:43.000Z""","""2026-05-23T14:56:43.000Z"""
693,154,187,balanced,mock,12,30,"""2026-05-24T19:07:50.000Z""","""2026-05-24T19:37:50.000Z""",66.67,submitted,"""2026-05-24T19:07:50.000Z""","""2026-05-24T19:37:50.000Z"""
694,154,187,balanced,mock,11,30,"""2026-05-25T09:22:22.000Z""","""2026-05-25T09:49:22.000Z""",78.26,submitted,"""2026-05-25T09:22:22.000Z""","""2026-05-25T09:49:22.000Z"""
695,154,187,balanced,mock,14,30,"""2026-05-26T18:35:37.000Z""","""2026-05-26T19:09:37.000Z""",93.1,submitted,"""2026-05-26T18:35:37.000Z""","""2026-05-26T19:09:37.000Z"""
696,154,165,balanced,mock,12,30,"""2026-05-27T14:19:05.000Z""","""2026-05-27T14:59:05.000Z""",42.86,submitted,"""2026-05-27T14:19:05.000Z""","""2026-05-27T14:59:05.000Z"""
697,154,165,balanced,mock,11,30,"""2026-05-28T18:14:01.000Z""","""2026-05-28T18:53:01.000Z""",76.19,submitted,"""2026-05-28T18:14:01.000Z""","""2026-05-28T18:53:01.000Z"""
698,155,131,balanced,mock,11,30,"""2026-05-28T13:54:23.000Z""","""2026-05-28T14:33:23.000Z""",50,submitted,"""2026-05-28T13:54:23.000Z""","""2026-05-28T14:33:23.000Z"""
699,155,131,balanced,mock,10,30,"""2026-05-29T08:41:59.000Z""","""2026-05-29T09:07:59.000Z""",42.11,submitted,"""2026-05-29T08:41:59.000Z""","""2026-05-29T09:07:59.000Z"""
700,155,131,balanced,mock,10,30,"""2026-05-30T19:40:58.000Z""","""2026-05-30T20:11:58.000Z""",68.42,submitted,"""2026-05-30T19:40:58.000Z""","""2026-05-30T20:11:58.000Z"""
701,155,131,balanced,mock,11,30,"""2026-05-31T10:13:21.000Z""","""2026-05-31T10:34:21.000Z""",34.78,submitted,"""2026-05-31T10:13:21.000Z""","""2026-05-31T10:34:21.000Z"""
702,155,155,balanced,mock,10,30,"""2026-05-17T09:51:29.000Z""","""2026-05-17T10:29:29.000Z""",61.9,submitted,"""2026-05-17T09:51:29.000Z""","""2026-05-17T10:29:29.000Z"""
703,156,160,balanced,mock,14,30,"""2026-05-13T07:57:10.000Z""","""2026-05-13T08:13:10.000Z""",43.48,submitted,"""2026-05-13T07:57:10.000Z""","""2026-05-13T08:13:10.000Z"""
704,156,160,balanced,mock,13,30,"""2026-05-14T12:14:32.000Z""","""2026-05-14T12:31:32.000Z""",67.86,submitted,"""2026-05-14T12:14:32.000Z""","""2026-05-14T12:31:32.000Z"""
705,156,160,balanced,mock,11,30,"""2026-05-15T08:50:09.000Z""","""2026-05-15T09:14:09.000Z""",66.67,submitted,"""2026-05-15T08:50:09.000Z""","""2026-05-15T09:14:09.000Z"""
706,156,160,balanced,mock,14,30,"""2026-05-16T09:57:09.000Z""","""2026-05-16T10:17:09.000Z""",68.97,submitted,"""2026-05-16T09:57:09.000Z""","""2026-05-16T10:17:09.000Z"""
707,156,160,balanced,mock,10,30,"""2026-05-17T18:19:49.000Z""","""2026-05-17T18:47:49.000Z""",85,submitted,"""2026-05-17T18:19:49.000Z""","""2026-05-17T18:47:49.000Z"""
708,156,167,balanced,mock,10,30,"""2026-05-18T19:39:03.000Z""","""2026-05-18T20:03:03.000Z""",73.68,submitted,"""2026-05-18T19:39:03.000Z""","""2026-05-18T20:03:03.000Z"""
709,156,168,balanced,mock,10,30,"""2026-05-19T15:59:40.000Z""","""2026-05-19T16:21:40.000Z""",33.33,submitted,"""2026-05-19T15:59:40.000Z""","""2026-05-19T16:21:40.000Z"""
710,157,239,balanced,mock,12,30,"""2026-06-07T15:47:24.000Z""","""2026-06-07T16:26:24.000Z""",54.55,submitted,"""2026-06-07T15:47:24.000Z""","""2026-06-07T16:26:24.000Z"""
711,157,239,balanced,mock,13,30,"""2026-06-08T14:15:40.000Z""","""2026-06-08T14:42:40.000Z""",20.69,submitted,"""2026-06-08T14:15:40.000Z""","""2026-06-08T14:42:40.000Z"""
712,157,239,balanced,mock,13,30,"""2026-06-09T19:05:03.000Z""","""2026-06-09T19:30:03.000Z""",42.86,submitted,"""2026-06-09T19:05:03.000Z""","""2026-06-09T19:30:03.000Z"""
713,157,239,balanced,mock,10,30,"""2026-06-10T21:15:51.000Z""","""2026-06-10T21:32:51.000Z""",40,submitted,"""2026-06-10T21:15:51.000Z""","""2026-06-10T21:32:51.000Z"""
714,157,172,balanced,mock,12,30,"""2026-06-11T09:29:59.000Z""","""2026-06-11T10:06:59.000Z""",44.44,submitted,"""2026-06-11T09:29:59.000Z""","""2026-06-11T10:06:59.000Z"""
715,157,165,balanced,mock,13,30,"""2026-05-20T08:52:53.000Z""","""2026-05-20T09:28:53.000Z""",69.23,submitted,"""2026-05-20T08:52:53.000Z""","""2026-05-20T09:28:53.000Z"""
716,158,56,balanced,mock,13,30,"""2026-06-06T13:18:30.000Z""","""2026-06-06T13:35:30.000Z""",58.62,submitted,"""2026-06-06T13:18:30.000Z""","""2026-06-06T13:35:30.000Z"""
717,158,56,balanced,mock,13,30,"""2026-06-07T08:14:59.000Z""","""2026-06-07T08:38:59.000Z""",63.64,submitted,"""2026-06-07T08:14:59.000Z""","""2026-06-07T08:38:59.000Z"""
718,158,56,balanced,mock,10,30,"""2026-06-08T11:26:55.000Z""","""2026-06-08T12:05:55.000Z""",40,submitted,"""2026-06-08T11:26:55.000Z""","""2026-06-08T12:05:55.000Z"""
719,158,56,balanced,mock,13,30,"""2026-06-09T08:08:55.000Z""","""2026-06-09T08:38:55.000Z""",68,submitted,"""2026-06-09T08:08:55.000Z""","""2026-06-09T08:38:55.000Z"""
720,158,56,balanced,mock,10,30,"""2026-06-10T08:51:29.000Z""","""2026-06-10T09:13:29.000Z""",80.95,submitted,"""2026-06-10T08:51:29.000Z""","""2026-06-10T09:13:29.000Z"""
721,158,27,balanced,mock,11,30,"""2026-06-11T16:22:50.000Z""","""2026-06-11T16:39:50.000Z""",56.52,submitted,"""2026-06-11T16:22:50.000Z""","""2026-06-11T16:39:50.000Z"""
722,158,20,balanced,mock,10,30,"""2026-06-12T17:28:42.000Z""","""2026-06-12T18:07:42.000Z""",64,submitted,"""2026-06-12T17:28:42.000Z""","""2026-06-12T18:07:42.000Z"""
723,159,150,balanced,mock,11,30,"""2026-06-10T18:36:06.000Z""","""2026-06-10T19:14:06.000Z""",29.17,submitted,"""2026-06-10T18:36:06.000Z""","""2026-06-10T19:14:06.000Z"""
724,159,150,balanced,mock,13,30,"""2026-06-11T08:27:46.000Z""","""2026-06-11T08:42:46.000Z""",57.14,submitted,"""2026-06-11T08:27:46.000Z""","""2026-06-11T08:42:46.000Z"""
725,159,150,balanced,mock,13,30,"""2026-06-12T16:26:36.000Z""","""2026-06-12T16:52:36.000Z""",17.39,submitted,"""2026-06-12T16:26:36.000Z""","""2026-06-12T16:52:36.000Z"""
726,159,150,balanced,mock,11,30,"""2026-06-13T10:57:38.000Z""","""2026-06-13T11:23:38.000Z""",40.91,submitted,"""2026-06-13T10:57:38.000Z""","""2026-06-13T11:23:38.000Z"""
727,159,150,balanced,mock,12,30,"""2026-06-14T14:52:08.000Z""","""2026-06-14T15:32:08.000Z""",40,submitted,"""2026-06-14T14:52:08.000Z""","""2026-06-14T15:32:08.000Z"""
728,159,137,balanced,mock,10,30,"""2026-06-15T09:37:13.000Z""","""2026-06-15T10:17:13.000Z""",31.58,submitted,"""2026-06-15T09:37:13.000Z""","""2026-06-15T10:17:13.000Z"""
729,159,54,balanced,mock,14,30,"""2026-06-16T12:10:31.000Z""","""2026-06-16T12:35:31.000Z""",50,submitted,"""2026-06-16T12:10:31.000Z""","""2026-06-16T12:35:31.000Z"""
730,160,225,balanced,mock,10,30,"""2026-05-27T07:51:16.000Z""","""2026-05-27T08:04:16.000Z""",42.86,submitted,"""2026-05-27T07:51:16.000Z""","""2026-05-27T08:04:16.000Z"""
731,160,225,balanced,mock,12,30,"""2026-05-28T11:15:22.000Z""","""2026-05-28T11:37:22.000Z""",53.57,submitted,"""2026-05-28T11:15:22.000Z""","""2026-05-28T11:37:22.000Z"""
732,160,225,balanced,mock,12,30,"""2026-05-29T12:55:20.000Z""","""2026-05-29T13:15:20.000Z""",30.43,submitted,"""2026-05-29T12:55:20.000Z""","""2026-05-29T13:15:20.000Z"""
733,160,225,balanced,mock,13,30,"""2026-05-30T13:15:06.000Z""","""2026-05-30T13:48:06.000Z""",61.54,submitted,"""2026-05-30T13:15:06.000Z""","""2026-05-30T13:48:06.000Z"""
734,160,225,balanced,mock,12,30,"""2026-05-06T15:32:17.000Z""","""2026-05-06T15:49:17.000Z""",41.67,submitted,"""2026-05-06T15:32:17.000Z""","""2026-05-06T15:49:17.000Z"""
735,160,227,balanced,mock,13,30,"""2026-05-19T16:22:17.000Z""","""2026-05-19T16:41:17.000Z""",12,submitted,"""2026-05-19T16:22:17.000Z""","""2026-05-19T16:41:17.000Z"""
736,160,225,balanced,mock,14,30,"""2026-05-18T11:36:35.000Z""","""2026-05-18T12:11:35.000Z""",75,submitted,"""2026-05-18T11:36:35.000Z""","""2026-05-18T12:11:35.000Z"""
737,161,53,balanced,mock,11,30,"""2026-05-22T18:57:14.000Z""","""2026-05-22T19:14:14.000Z""",56,submitted,"""2026-05-22T18:57:14.000Z""","""2026-05-22T19:14:14.000Z"""
738,161,53,balanced,mock,12,30,"""2026-05-23T13:13:51.000Z""","""2026-05-23T13:44:51.000Z""",37.93,submitted,"""2026-05-23T13:13:51.000Z""","""2026-05-23T13:44:51.000Z"""
739,161,53,balanced,mock,10,30,"""2026-05-24T20:37:17.000Z""","""2026-05-24T21:15:17.000Z""",90.48,submitted,"""2026-05-24T20:37:17.000Z""","""2026-05-24T21:15:17.000Z"""
740,161,158,balanced,mock,12,30,"""2026-05-25T14:09:45.000Z""","""2026-05-25T14:32:45.000Z""",70,submitted,"""2026-05-25T14:09:45.000Z""","""2026-05-25T14:32:45.000Z"""
741,161,71,balanced,mock,13,30,"""2026-05-26T14:13:56.000Z""","""2026-05-26T14:32:56.000Z""",62.96,submitted,"""2026-05-26T14:13:56.000Z""","""2026-05-26T14:32:56.000Z"""
742,162,8,balanced,mock,11,30,"""2026-06-05T14:22:04.000Z""","""2026-06-05T14:45:04.000Z""",59.09,submitted,"""2026-06-05T14:22:04.000Z""","""2026-06-05T14:45:04.000Z"""
743,162,8,balanced,mock,12,30,"""2026-06-06T11:50:54.000Z""","""2026-06-06T12:11:54.000Z""",40.74,submitted,"""2026-06-06T11:50:54.000Z""","""2026-06-06T12:11:54.000Z"""
744,162,8,balanced,mock,10,30,"""2026-06-07T20:53:23.000Z""","""2026-06-07T21:16:23.000Z""",33.33,submitted,"""2026-06-07T20:53:23.000Z""","""2026-06-07T21:16:23.000Z"""
745,162,8,balanced,mock,10,30,"""2026-06-06T12:46:12.000Z""","""2026-06-06T13:26:12.000Z""",38.1,submitted,"""2026-06-06T12:46:12.000Z""","""2026-06-06T13:26:12.000Z"""
746,162,8,balanced,mock,12,30,"""2026-06-08T08:13:19.000Z""","""2026-06-08T08:36:19.000Z""",19.23,submitted,"""2026-06-08T08:13:19.000Z""","""2026-06-08T08:36:19.000Z"""
747,162,22,balanced,mock,12,30,"""2026-06-09T16:28:57.000Z""","""2026-06-09T16:53:57.000Z""",41.67,submitted,"""2026-06-09T16:28:57.000Z""","""2026-06-09T16:53:57.000Z"""
748,162,8,balanced,mock,11,30,"""2026-05-18T10:38:50.000Z""","""2026-05-18T11:08:50.000Z""",29.17,submitted,"""2026-05-18T10:38:50.000Z""","""2026-05-18T11:08:50.000Z"""
749,163,125,balanced,mock,10,30,"""2026-05-18T15:19:48.000Z""","""2026-05-18T15:57:48.000Z""",65,submitted,"""2026-05-18T15:19:48.000Z""","""2026-05-18T15:57:48.000Z"""
750,163,125,balanced,mock,11,30,"""2026-05-19T11:18:47.000Z""","""2026-05-19T11:34:47.000Z""",64,submitted,"""2026-05-19T11:18:47.000Z""","""2026-05-19T11:34:47.000Z"""
751,163,125,balanced,mock,10,30,"""2026-05-20T17:04:53.000Z""","""2026-05-20T17:16:53.000Z""",50,submitted,"""2026-05-20T17:04:53.000Z""","""2026-05-20T17:16:53.000Z"""
752,163,201,balanced,mock,12,30,"""2026-05-21T21:18:02.000Z""","""2026-05-21T21:48:02.000Z""",37.5,submitted,"""2026-05-21T21:18:02.000Z""","""2026-05-21T21:48:02.000Z"""
753,163,125,balanced,mock,10,30,"""2026-05-22T10:10:55.000Z""","""2026-05-22T10:32:55.000Z""",45,submitted,"""2026-05-22T10:10:55.000Z""","""2026-05-22T10:32:55.000Z"""
754,164,234,balanced,mock,10,30,"""2026-05-24T08:20:51.000Z""","""2026-05-24T08:46:51.000Z""",42.11,submitted,"""2026-05-24T08:20:51.000Z""","""2026-05-24T08:46:51.000Z"""
755,164,234,balanced,mock,14,30,"""2026-05-25T17:19:18.000Z""","""2026-05-25T17:58:18.000Z""",25,submitted,"""2026-05-25T17:19:18.000Z""","""2026-05-25T17:58:18.000Z"""
756,164,234,balanced,mock,10,30,"""2026-05-26T18:29:12.000Z""","""2026-05-26T19:09:12.000Z""",40.91,submitted,"""2026-05-26T18:29:12.000Z""","""2026-05-26T19:09:12.000Z"""
757,164,234,balanced,mock,12,30,"""2026-05-27T16:32:24.000Z""","""2026-05-27T16:54:24.000Z""",43.48,submitted,"""2026-05-27T16:32:24.000Z""","""2026-05-27T16:54:24.000Z"""
758,164,234,balanced,mock,12,30,"""2026-05-28T17:48:28.000Z""","""2026-05-28T18:17:28.000Z""",38.46,submitted,"""2026-05-28T17:48:28.000Z""","""2026-05-28T18:17:28.000Z"""
759,164,55,balanced,mock,14,30,"""2026-05-29T08:17:51.000Z""","""2026-05-29T08:52:51.000Z""",31.03,submitted,"""2026-05-29T08:17:51.000Z""","""2026-05-29T08:52:51.000Z"""
760,164,55,balanced,mock,12,30,"""2026-05-30T16:52:24.000Z""","""2026-05-30T17:29:24.000Z""",68.18,submitted,"""2026-05-30T16:52:24.000Z""","""2026-05-30T17:29:24.000Z"""
761,165,175,balanced,mock,12,30,"""2026-05-29T08:31:28.000Z""","""2026-05-29T08:50:28.000Z""",80,submitted,"""2026-05-29T08:31:28.000Z""","""2026-05-29T08:50:28.000Z"""
762,165,175,balanced,mock,12,30,"""2026-05-30T13:47:09.000Z""","""2026-05-30T14:24:09.000Z""",91.3,submitted,"""2026-05-30T13:47:09.000Z""","""2026-05-30T14:24:09.000Z"""
763,165,175,balanced,mock,10,30,"""2026-05-31T10:54:01.000Z""","""2026-05-31T11:24:01.000Z""",73.68,submitted,"""2026-05-31T10:54:01.000Z""","""2026-05-31T11:24:01.000Z"""
764,165,187,balanced,mock,14,30,"""2026-06-01T07:44:44.000Z""","""2026-06-01T08:06:44.000Z""",89.29,submitted,"""2026-06-01T07:44:44.000Z""","""2026-06-01T08:06:44.000Z"""
765,165,187,balanced,mock,10,30,"""2026-06-06T16:53:37.000Z""","""2026-06-06T17:12:37.000Z""",76.19,submitted,"""2026-06-06T16:53:37.000Z""","""2026-06-06T17:12:37.000Z"""
766,166,13,balanced,mock,13,30,"""2026-05-29T14:23:28.000Z""","""2026-05-29T14:38:28.000Z""",36.36,submitted,"""2026-05-29T14:23:28.000Z""","""2026-05-29T14:38:28.000Z"""
767,166,13,balanced,mock,12,30,"""2026-06-06T11:26:52.000Z""","""2026-06-06T11:47:52.000Z""",23.81,submitted,"""2026-06-06T11:26:52.000Z""","""2026-06-06T11:47:52.000Z"""
768,166,13,balanced,mock,14,30,"""2026-05-09T16:34:15.000Z""","""2026-05-09T16:52:15.000Z""",20.69,submitted,"""2026-05-09T16:34:15.000Z""","""2026-05-09T16:52:15.000Z"""
769,166,190,balanced,mock,14,30,"""2026-06-06T16:07:21.000Z""","""2026-06-06T16:27:21.000Z""",50,submitted,"""2026-06-06T16:07:21.000Z""","""2026-06-06T16:27:21.000Z"""
770,166,79,balanced,mock,10,30,"""2026-05-24T10:13:30.000Z""","""2026-05-24T10:43:30.000Z""",36.84,submitted,"""2026-05-24T10:13:30.000Z""","""2026-05-24T10:43:30.000Z"""
771,167,10,balanced,mock,10,30,"""2026-05-12T10:31:51.000Z""","""2026-05-12T10:45:51.000Z""",100,submitted,"""2026-05-12T10:31:51.000Z""","""2026-05-12T10:45:51.000Z"""
772,167,10,balanced,mock,13,30,"""2026-06-09T20:43:49.000Z""","""2026-06-09T21:14:49.000Z""",58.33,submitted,"""2026-06-09T20:43:49.000Z""","""2026-06-09T21:14:49.000Z"""
773,167,10,balanced,mock,12,30,"""2026-06-03T07:53:58.000Z""","""2026-06-03T08:29:58.000Z""",52.17,submitted,"""2026-06-03T07:53:58.000Z""","""2026-06-03T08:29:58.000Z"""
774,167,10,balanced,mock,11,30,"""2026-04-30T14:56:28.000Z""","""2026-04-30T15:15:28.000Z""",41.67,submitted,"""2026-04-30T14:56:28.000Z""","""2026-04-30T15:15:28.000Z"""
775,167,10,balanced,mock,14,30,"""2026-05-20T09:52:53.000Z""","""2026-05-20T10:10:53.000Z""",44,submitted,"""2026-05-20T09:52:53.000Z""","""2026-05-20T10:10:53.000Z"""
776,167,148,balanced,mock,14,30,"""2026-05-29T16:27:29.000Z""","""2026-05-29T16:51:29.000Z""",60,submitted,"""2026-05-29T16:27:29.000Z""","""2026-05-29T16:51:29.000Z"""
777,168,224,balanced,mock,13,30,"""2026-05-14T19:36:03.000Z""","""2026-05-14T20:02:03.000Z""",92.31,submitted,"""2026-05-14T19:36:03.000Z""","""2026-05-14T20:02:03.000Z"""
778,168,224,balanced,mock,11,30,"""2026-05-15T10:24:35.000Z""","""2026-05-15T10:50:35.000Z""",80,submitted,"""2026-05-15T10:24:35.000Z""","""2026-05-15T10:50:35.000Z"""
779,168,224,balanced,mock,11,30,"""2026-05-16T17:14:16.000Z""","""2026-05-16T17:53:16.000Z""",68.18,submitted,"""2026-05-16T17:14:16.000Z""","""2026-05-16T17:53:16.000Z"""
780,168,224,balanced,mock,12,30,"""2026-05-17T08:01:15.000Z""","""2026-05-17T08:41:15.000Z""",100,submitted,"""2026-05-17T08:01:15.000Z""","""2026-05-17T08:41:15.000Z"""
781,168,140,balanced,mock,11,30,"""2026-05-18T08:10:24.000Z""","""2026-05-18T08:45:24.000Z""",72.22,submitted,"""2026-05-18T08:10:24.000Z""","""2026-05-18T08:45:24.000Z"""
782,168,191,balanced,mock,12,30,"""2026-05-19T10:20:14.000Z""","""2026-05-19T10:52:14.000Z""",76,submitted,"""2026-05-19T10:20:14.000Z""","""2026-05-19T10:52:14.000Z"""
783,169,155,balanced,mock,11,30,"""2026-05-08T16:46:37.000Z""","""2026-05-08T17:05:37.000Z""",78.95,submitted,"""2026-05-08T16:46:37.000Z""","""2026-05-08T17:05:37.000Z"""
784,169,155,balanced,mock,13,30,"""2026-05-09T21:35:20.000Z""","""2026-05-09T21:48:20.000Z""",74.07,submitted,"""2026-05-09T21:35:20.000Z""","""2026-05-09T21:48:20.000Z"""
785,169,155,balanced,mock,14,30,"""2026-05-10T19:18:17.000Z""","""2026-05-10T19:42:17.000Z""",85.19,submitted,"""2026-05-10T19:18:17.000Z""","""2026-05-10T19:42:17.000Z"""
786,169,155,balanced,mock,12,30,"""2026-05-11T07:46:29.000Z""","""2026-05-11T08:20:29.000Z""",87.5,submitted,"""2026-05-11T07:46:29.000Z""","""2026-05-11T08:20:29.000Z"""
787,169,134,balanced,mock,12,30,"""2026-05-12T13:43:02.000Z""","""2026-05-12T14:14:02.000Z""",52,submitted,"""2026-05-12T13:43:02.000Z""","""2026-05-12T14:14:02.000Z"""
788,169,141,balanced,mock,10,30,"""2026-05-17T15:09:26.000Z""","""2026-05-17T15:23:26.000Z""",42.11,submitted,"""2026-05-17T15:09:26.000Z""","""2026-05-17T15:23:26.000Z"""
789,170,230,balanced,mock,12,30,"""2026-05-08T17:11:23.000Z""","""2026-05-08T17:36:23.000Z""",58.33,submitted,"""2026-05-08T17:11:23.000Z""","""2026-05-08T17:36:23.000Z"""
790,170,230,balanced,mock,12,30,"""2026-05-09T18:59:34.000Z""","""2026-05-09T19:29:34.000Z""",81.82,submitted,"""2026-05-09T18:59:34.000Z""","""2026-05-09T19:29:34.000Z"""
791,170,230,balanced,mock,14,30,"""2026-05-10T18:37:23.000Z""","""2026-05-10T18:51:23.000Z""",71.43,submitted,"""2026-05-10T18:37:23.000Z""","""2026-05-10T18:51:23.000Z"""
792,170,230,balanced,mock,14,30,"""2026-05-11T17:08:15.000Z""","""2026-05-11T17:33:15.000Z""",75,submitted,"""2026-05-11T17:08:15.000Z""","""2026-05-11T17:33:15.000Z"""
793,170,230,balanced,mock,14,30,"""2026-06-12T17:55:56.000Z""","""2026-06-12T18:08:56.000Z""",70.37,submitted,"""2026-06-12T17:55:56.000Z""","""2026-06-12T18:08:56.000Z"""
794,170,164,balanced,mock,11,30,"""2026-06-07T11:24:58.000Z""","""2026-06-07T11:56:58.000Z""",26.09,submitted,"""2026-06-07T11:24:58.000Z""","""2026-06-07T11:56:58.000Z"""
795,170,37,balanced,mock,13,30,"""2026-05-12T08:05:41.000Z""","""2026-05-12T08:18:41.000Z""",55.56,submitted,"""2026-05-12T08:05:41.000Z""","""2026-05-12T08:18:41.000Z"""
796,171,4,balanced,mock,10,30,"""2026-05-13T19:13:06.000Z""","""2026-05-13T19:36:06.000Z""",25,submitted,"""2026-05-13T19:13:06.000Z""","""2026-05-13T19:36:06.000Z"""
797,171,4,balanced,mock,13,30,"""2026-05-14T16:37:58.000Z""","""2026-05-14T17:06:58.000Z""",30,submitted,"""2026-05-14T16:37:58.000Z""","""2026-05-14T17:06:58.000Z"""
798,171,4,balanced,mock,14,30,"""2026-05-15T08:59:38.000Z""","""2026-05-15T09:19:38.000Z""",51.85,submitted,"""2026-05-15T08:59:38.000Z""","""2026-05-15T09:19:38.000Z"""
799,171,23,balanced,mock,12,30,"""2026-05-16T09:46:58.000Z""","""2026-05-16T10:00:58.000Z""",64,submitted,"""2026-05-16T09:46:58.000Z""","""2026-05-16T10:00:58.000Z"""
800,171,28,balanced,mock,12,30,"""2026-05-17T16:32:19.000Z""","""2026-05-17T17:07:19.000Z""",12,submitted,"""2026-05-17T16:32:19.000Z""","""2026-05-17T17:07:19.000Z"""
801,172,98,balanced,mock,11,30,"""2026-05-11T15:28:07.000Z""","""2026-05-11T15:44:07.000Z""",78.95,submitted,"""2026-05-11T15:28:07.000Z""","""2026-05-11T15:44:07.000Z"""
802,172,98,balanced,mock,12,30,"""2026-05-12T09:50:23.000Z""","""2026-05-12T10:16:23.000Z""",81.82,submitted,"""2026-05-12T09:50:23.000Z""","""2026-05-12T10:16:23.000Z"""
803,172,98,balanced,mock,11,30,"""2026-05-13T12:41:56.000Z""","""2026-05-13T12:59:56.000Z""",78.95,submitted,"""2026-05-13T12:41:56.000Z""","""2026-05-13T12:59:56.000Z"""
804,172,98,balanced,mock,14,30,"""2026-05-14T21:43:17.000Z""","""2026-05-14T21:59:17.000Z""",81.48,submitted,"""2026-05-14T21:43:17.000Z""","""2026-05-14T21:59:17.000Z"""
805,172,98,balanced,mock,10,30,"""2026-06-12T16:22:43.000Z""","""2026-06-12T16:36:43.000Z""",66.67,submitted,"""2026-06-12T16:22:43.000Z""","""2026-06-12T16:36:43.000Z"""
806,172,103,balanced,mock,14,30,"""2026-05-27T20:35:00.000Z""","""2026-05-27T20:53:00.000Z""",56.67,submitted,"""2026-05-27T20:35:00.000Z""","""2026-05-27T20:53:00.000Z"""
807,172,34,balanced,mock,11,30,"""2026-05-23T15:22:26.000Z""","""2026-05-23T15:56:26.000Z""",91.3,submitted,"""2026-05-23T15:22:26.000Z""","""2026-05-23T15:56:26.000Z"""
808,173,65,balanced,mock,13,30,"""2026-05-21T09:25:30.000Z""","""2026-05-21T09:49:30.000Z""",67.86,submitted,"""2026-05-21T09:25:30.000Z""","""2026-05-21T09:49:30.000Z"""
809,173,65,balanced,mock,10,30,"""2026-05-05T15:52:21.000Z""","""2026-05-05T16:12:21.000Z""",61.9,submitted,"""2026-05-05T15:52:21.000Z""","""2026-05-05T16:12:21.000Z"""
810,173,65,balanced,mock,12,30,"""2026-06-04T10:40:40.000Z""","""2026-06-04T10:57:40.000Z""",67.86,submitted,"""2026-06-04T10:40:40.000Z""","""2026-06-04T10:57:40.000Z"""
811,173,65,balanced,mock,11,30,"""2026-06-11T20:37:27.000Z""","""2026-06-11T21:16:27.000Z""",57.89,submitted,"""2026-06-11T20:37:27.000Z""","""2026-06-11T21:16:27.000Z"""
812,173,139,balanced,mock,10,30,"""2026-05-24T16:48:31.000Z""","""2026-05-24T17:08:31.000Z""",81.25,submitted,"""2026-05-24T16:48:31.000Z""","""2026-05-24T17:08:31.000Z"""
813,173,4,balanced,mock,13,30,"""2026-04-30T07:43:39.000Z""","""2026-04-30T08:21:39.000Z""",62.96,submitted,"""2026-04-30T07:43:39.000Z""","""2026-04-30T08:21:39.000Z"""
814,174,150,balanced,mock,13,30,"""2026-05-30T19:24:01.000Z""","""2026-05-30T19:48:01.000Z""",84.62,submitted,"""2026-05-30T19:24:01.000Z""","""2026-05-30T19:48:01.000Z"""
815,174,150,balanced,mock,14,30,"""2026-05-31T11:33:57.000Z""","""2026-05-31T11:45:57.000Z""",75,submitted,"""2026-05-31T11:33:57.000Z""","""2026-05-31T11:45:57.000Z"""
816,174,150,balanced,mock,12,30,"""2026-06-01T17:46:50.000Z""","""2026-06-01T18:22:50.000Z""",53.85,submitted,"""2026-06-01T17:46:50.000Z""","""2026-06-01T18:22:50.000Z"""
817,174,150,balanced,mock,11,30,"""2026-06-02T17:17:54.000Z""","""2026-06-02T17:44:54.000Z""",50,submitted,"""2026-06-02T17:17:54.000Z""","""2026-06-02T17:44:54.000Z"""
818,174,72,balanced,mock,13,30,"""2026-06-03T20:56:06.000Z""","""2026-06-03T21:18:06.000Z""",54.17,submitted,"""2026-06-03T20:56:06.000Z""","""2026-06-03T21:18:06.000Z"""
819,174,200,balanced,mock,12,30,"""2026-06-04T13:02:52.000Z""","""2026-06-04T13:17:52.000Z""",79.17,submitted,"""2026-06-04T13:02:52.000Z""","""2026-06-04T13:17:52.000Z"""
820,175,226,balanced,mock,10,30,"""2026-05-18T21:16:41.000Z""","""2026-05-18T21:50:41.000Z""",70,submitted,"""2026-05-18T21:16:41.000Z""","""2026-05-18T21:50:41.000Z"""
821,175,226,balanced,mock,11,30,"""2026-05-19T18:27:36.000Z""","""2026-05-19T18:44:36.000Z""",45.83,submitted,"""2026-05-19T18:27:36.000Z""","""2026-05-19T18:44:36.000Z"""
822,175,226,balanced,mock,12,30,"""2026-05-20T10:33:23.000Z""","""2026-05-20T11:11:23.000Z""",56,submitted,"""2026-05-20T10:33:23.000Z""","""2026-05-20T11:11:23.000Z"""
823,175,226,balanced,mock,11,30,"""2026-05-21T10:59:11.000Z""","""2026-05-21T11:23:11.000Z""",65,submitted,"""2026-05-21T10:59:11.000Z""","""2026-05-21T11:23:11.000Z"""
824,175,226,balanced,mock,11,30,"""2026-05-22T18:49:13.000Z""","""2026-05-22T19:07:13.000Z""",40.91,submitted,"""2026-05-22T18:49:13.000Z""","""2026-05-22T19:07:13.000Z"""
825,175,48,balanced,mock,14,30,"""2026-05-23T14:57:31.000Z""","""2026-05-23T15:13:31.000Z""",57.14,submitted,"""2026-05-23T14:57:31.000Z""","""2026-05-23T15:13:31.000Z"""
826,175,69,balanced,mock,10,30,"""2026-05-24T19:15:50.000Z""","""2026-05-24T19:43:50.000Z""",100,submitted,"""2026-05-24T19:15:50.000Z""","""2026-05-24T19:43:50.000Z"""
827,176,100,balanced,mock,10,30,"""2026-05-23T15:14:22.000Z""","""2026-05-23T15:47:22.000Z""",76.47,submitted,"""2026-05-23T15:14:22.000Z""","""2026-05-23T15:47:22.000Z"""
828,176,100,balanced,mock,13,30,"""2026-05-24T20:18:34.000Z""","""2026-05-24T20:33:34.000Z""",92.59,submitted,"""2026-05-24T20:18:34.000Z""","""2026-05-24T20:33:34.000Z"""
829,176,100,balanced,mock,12,30,"""2026-05-25T11:06:06.000Z""","""2026-05-25T11:23:06.000Z""",68.18,submitted,"""2026-05-25T11:06:06.000Z""","""2026-05-25T11:23:06.000Z"""
830,176,93,balanced,mock,14,30,"""2026-05-26T12:08:09.000Z""","""2026-05-26T12:27:09.000Z""",71.43,submitted,"""2026-05-26T12:08:09.000Z""","""2026-05-26T12:27:09.000Z"""
831,176,9,balanced,mock,13,30,"""2026-05-04T20:14:02.000Z""","""2026-05-04T20:30:02.000Z""",48,submitted,"""2026-05-04T20:14:02.000Z""","""2026-05-04T20:30:02.000Z"""
832,177,10,balanced,mock,14,30,"""2026-06-09T19:34:02.000Z""","""2026-06-09T20:03:02.000Z""",50,submitted,"""2026-06-09T19:34:02.000Z""","""2026-06-09T20:03:02.000Z"""
833,177,10,balanced,mock,12,30,"""2026-06-10T16:43:17.000Z""","""2026-06-10T17:12:17.000Z""",45.83,submitted,"""2026-06-10T16:43:17.000Z""","""2026-06-10T17:12:17.000Z"""
834,177,10,balanced,mock,13,30,"""2026-06-11T20:32:15.000Z""","""2026-06-11T20:48:15.000Z""",40,submitted,"""2026-06-11T20:32:15.000Z""","""2026-06-11T20:48:15.000Z"""
835,177,10,balanced,mock,14,30,"""2026-06-12T20:20:55.000Z""","""2026-06-12T20:47:55.000Z""",40,submitted,"""2026-06-12T20:20:55.000Z""","""2026-06-12T20:47:55.000Z"""
836,177,137,balanced,mock,14,30,"""2026-06-13T18:54:01.000Z""","""2026-06-13T19:12:01.000Z""",45.45,submitted,"""2026-06-13T18:54:01.000Z""","""2026-06-13T19:12:01.000Z"""
837,177,132,balanced,mock,14,30,"""2026-06-14T14:50:49.000Z""","""2026-06-14T15:25:49.000Z""",41.38,submitted,"""2026-06-14T14:50:49.000Z""","""2026-06-14T15:25:49.000Z"""
838,178,130,balanced,mock,13,30,"""2026-05-10T21:11:40.000Z""","""2026-05-10T21:29:40.000Z""",60.71,submitted,"""2026-05-10T21:11:40.000Z""","""2026-05-10T21:29:40.000Z"""
839,178,130,balanced,mock,12,30,"""2026-05-11T08:06:28.000Z""","""2026-05-11T08:32:28.000Z""",75,submitted,"""2026-05-11T08:06:28.000Z""","""2026-05-11T08:32:28.000Z"""
840,178,130,balanced,mock,13,30,"""2026-05-12T08:20:56.000Z""","""2026-05-12T08:45:56.000Z""",92.86,submitted,"""2026-05-12T08:20:56.000Z""","""2026-05-12T08:45:56.000Z"""
841,178,44,balanced,mock,10,30,"""2026-05-13T08:25:26.000Z""","""2026-05-13T08:57:26.000Z""",45.83,submitted,"""2026-05-13T08:25:26.000Z""","""2026-05-13T08:57:26.000Z"""
842,178,17,balanced,mock,12,30,"""2026-05-14T20:16:05.000Z""","""2026-05-14T20:42:05.000Z""",64.29,submitted,"""2026-05-14T20:16:05.000Z""","""2026-05-14T20:42:05.000Z"""
843,179,25,balanced,mock,14,30,"""2026-05-29T11:21:38.000Z""","""2026-05-29T11:46:38.000Z""",77.42,submitted,"""2026-05-29T11:21:38.000Z""","""2026-05-29T11:46:38.000Z"""
844,179,25,balanced,mock,14,30,"""2026-05-30T13:11:21.000Z""","""2026-05-30T13:46:21.000Z""",66.67,submitted,"""2026-05-30T13:11:21.000Z""","""2026-05-30T13:46:21.000Z"""
845,179,25,balanced,mock,12,30,"""2026-05-31T11:33:55.000Z""","""2026-05-31T11:53:55.000Z""",36.36,submitted,"""2026-05-31T11:33:55.000Z""","""2026-05-31T11:53:55.000Z"""
846,179,25,balanced,mock,13,30,"""2026-06-01T20:02:40.000Z""","""2026-06-01T20:28:40.000Z""",62.96,submitted,"""2026-06-01T20:02:40.000Z""","""2026-06-01T20:28:40.000Z"""
847,179,25,balanced,mock,14,30,"""2026-06-02T20:23:32.000Z""","""2026-06-02T20:49:32.000Z""",46.88,submitted,"""2026-06-02T20:23:32.000Z""","""2026-06-02T20:49:32.000Z"""
848,179,64,balanced,mock,12,30,"""2026-06-03T17:51:12.000Z""","""2026-06-03T18:25:12.000Z""",44.44,submitted,"""2026-06-03T17:51:12.000Z""","""2026-06-03T18:25:12.000Z"""
849,179,167,balanced,mock,14,30,"""2026-06-04T17:31:09.000Z""","""2026-06-04T17:43:09.000Z""",17.24,submitted,"""2026-06-04T17:31:09.000Z""","""2026-06-04T17:43:09.000Z"""
850,180,51,balanced,mock,11,30,"""2026-05-15T14:15:06.000Z""","""2026-05-15T14:51:06.000Z""",80,submitted,"""2026-05-15T14:15:06.000Z""","""2026-05-15T14:51:06.000Z"""
851,180,51,balanced,mock,14,30,"""2026-04-30T13:31:42.000Z""","""2026-04-30T13:55:42.000Z""",56.67,submitted,"""2026-04-30T13:31:42.000Z""","""2026-04-30T13:55:42.000Z"""
852,180,51,balanced,mock,12,30,"""2026-06-07T17:35:52.000Z""","""2026-06-07T18:15:52.000Z""",31.82,submitted,"""2026-06-07T17:35:52.000Z""","""2026-06-07T18:15:52.000Z"""
853,180,66,balanced,mock,12,30,"""2026-05-26T17:21:04.000Z""","""2026-05-26T17:59:04.000Z""",52,submitted,"""2026-05-26T17:21:04.000Z""","""2026-05-26T17:59:04.000Z"""
854,180,172,balanced,mock,11,30,"""2026-06-03T21:23:00.000Z""","""2026-06-03T21:49:00.000Z""",61.11,submitted,"""2026-06-03T21:23:00.000Z""","""2026-06-03T21:49:00.000Z"""
855,181,160,balanced,mock,11,30,"""2026-05-27T08:56:07.000Z""","""2026-05-27T09:25:07.000Z""",65.22,submitted,"""2026-05-27T08:56:07.000Z""","""2026-05-27T09:25:07.000Z"""
856,181,160,balanced,mock,11,30,"""2026-05-28T16:42:04.000Z""","""2026-05-28T17:07:04.000Z""",66.67,submitted,"""2026-05-28T16:42:04.000Z""","""2026-05-28T17:07:04.000Z"""
857,181,160,balanced,mock,11,30,"""2026-05-29T08:15:10.000Z""","""2026-05-29T08:54:10.000Z""",73.68,submitted,"""2026-05-29T08:15:10.000Z""","""2026-05-29T08:54:10.000Z"""
858,181,65,balanced,mock,14,30,"""2026-05-30T20:33:37.000Z""","""2026-05-30T21:06:37.000Z""",58.62,submitted,"""2026-05-30T20:33:37.000Z""","""2026-05-30T21:06:37.000Z"""
859,181,171,balanced,mock,12,30,"""2026-05-31T12:42:06.000Z""","""2026-05-31T12:56:06.000Z""",78.26,submitted,"""2026-05-31T12:42:06.000Z""","""2026-05-31T12:56:06.000Z"""
860,182,163,balanced,mock,14,30,"""2026-06-02T12:09:49.000Z""","""2026-06-02T12:35:49.000Z""",77.78,submitted,"""2026-06-02T12:09:49.000Z""","""2026-06-02T12:35:49.000Z"""
861,182,163,balanced,mock,14,30,"""2026-06-03T17:08:16.000Z""","""2026-06-03T17:22:16.000Z""",78.57,submitted,"""2026-06-03T17:08:16.000Z""","""2026-06-03T17:22:16.000Z"""
862,182,163,balanced,mock,10,30,"""2026-06-04T20:26:56.000Z""","""2026-06-04T20:43:56.000Z""",63.64,submitted,"""2026-06-04T20:26:56.000Z""","""2026-06-04T20:43:56.000Z"""
863,182,163,balanced,mock,12,30,"""2026-06-05T13:11:28.000Z""","""2026-06-05T13:28:28.000Z""",69.57,submitted,"""2026-06-05T13:11:28.000Z""","""2026-06-05T13:28:28.000Z"""
864,182,98,balanced,mock,10,30,"""2026-06-06T20:43:53.000Z""","""2026-06-06T21:01:53.000Z""",33.33,submitted,"""2026-06-06T20:43:53.000Z""","""2026-06-06T21:01:53.000Z"""
865,182,163,balanced,mock,12,30,"""2026-06-07T11:55:12.000Z""","""2026-06-07T12:18:12.000Z""",43.48,submitted,"""2026-06-07T11:55:12.000Z""","""2026-06-07T12:18:12.000Z"""
866,183,13,balanced,mock,10,30,"""2026-05-23T08:40:39.000Z""","""2026-05-23T09:19:39.000Z""",68.75,submitted,"""2026-05-23T08:40:39.000Z""","""2026-05-23T09:19:39.000Z"""
867,183,13,balanced,mock,14,30,"""2026-05-24T10:19:36.000Z""","""2026-05-24T10:45:36.000Z""",48,submitted,"""2026-05-24T10:19:36.000Z""","""2026-05-24T10:45:36.000Z"""
868,183,13,balanced,mock,14,30,"""2026-05-25T15:26:15.000Z""","""2026-05-25T15:43:15.000Z""",51.85,submitted,"""2026-05-25T15:26:15.000Z""","""2026-05-25T15:43:15.000Z"""
869,183,13,balanced,mock,14,30,"""2026-05-26T10:23:44.000Z""","""2026-05-26T10:57:44.000Z""",78.57,submitted,"""2026-05-26T10:23:44.000Z""","""2026-05-26T10:57:44.000Z"""
870,183,60,balanced,mock,13,30,"""2026-05-27T12:50:12.000Z""","""2026-05-27T13:20:12.000Z""",69.23,submitted,"""2026-05-27T12:50:12.000Z""","""2026-05-27T13:20:12.000Z"""
871,184,224,balanced,mock,10,30,"""2026-05-16T18:09:19.000Z""","""2026-05-16T18:41:19.000Z""",66.67,submitted,"""2026-05-16T18:09:19.000Z""","""2026-05-16T18:41:19.000Z"""
872,184,224,balanced,mock,14,30,"""2026-05-29T11:05:27.000Z""","""2026-05-29T11:21:27.000Z""",48.39,submitted,"""2026-05-29T11:05:27.000Z""","""2026-05-29T11:21:27.000Z"""
873,184,224,balanced,mock,11,30,"""2026-06-07T15:29:06.000Z""","""2026-06-07T15:58:06.000Z""",66.67,submitted,"""2026-06-07T15:29:06.000Z""","""2026-06-07T15:58:06.000Z"""
874,184,224,balanced,mock,10,30,"""2026-05-08T07:33:58.000Z""","""2026-05-08T08:11:58.000Z""",54.55,submitted,"""2026-05-08T07:33:58.000Z""","""2026-05-08T08:11:58.000Z"""
875,184,224,balanced,mock,12,30,"""2026-05-23T14:55:08.000Z""","""2026-05-23T15:18:08.000Z""",64,submitted,"""2026-05-23T14:55:08.000Z""","""2026-05-23T15:18:08.000Z"""
876,184,37,balanced,mock,10,30,"""2026-04-30T08:19:26.000Z""","""2026-04-30T08:51:26.000Z""",47.06,submitted,"""2026-04-30T08:19:26.000Z""","""2026-04-30T08:51:26.000Z"""
877,184,28,balanced,mock,13,30,"""2026-05-15T19:57:33.000Z""","""2026-05-15T20:19:33.000Z""",83.33,submitted,"""2026-05-15T19:57:33.000Z""","""2026-05-15T20:19:33.000Z"""
878,185,83,balanced,mock,12,30,"""2026-05-30T20:12:07.000Z""","""2026-05-30T20:43:07.000Z""",12.5,submitted,"""2026-05-30T20:12:07.000Z""","""2026-05-30T20:43:07.000Z"""
879,185,83,balanced,mock,10,30,"""2026-05-31T11:30:08.000Z""","""2026-05-31T11:59:08.000Z""",50,submitted,"""2026-05-31T11:30:08.000Z""","""2026-05-31T11:59:08.000Z"""
880,185,83,balanced,mock,13,30,"""2026-06-01T15:29:51.000Z""","""2026-06-01T15:51:51.000Z""",50,submitted,"""2026-06-01T15:29:51.000Z""","""2026-06-01T15:51:51.000Z"""
881,185,36,balanced,mock,13,30,"""2026-06-02T19:39:57.000Z""","""2026-06-02T20:00:57.000Z""",23.08,submitted,"""2026-06-02T19:39:57.000Z""","""2026-06-02T20:00:57.000Z"""
882,185,208,balanced,mock,12,30,"""2026-04-29T13:26:55.000Z""","""2026-04-29T13:40:55.000Z""",44.44,submitted,"""2026-04-29T13:26:55.000Z""","""2026-04-29T13:40:55.000Z"""
883,186,13,balanced,mock,14,30,"""2026-05-23T10:43:00.000Z""","""2026-05-23T11:11:00.000Z""",55.56,submitted,"""2026-05-23T10:43:00.000Z""","""2026-05-23T11:11:00.000Z"""
884,186,13,balanced,mock,10,30,"""2026-05-24T17:45:48.000Z""","""2026-05-24T18:12:48.000Z""",69.57,submitted,"""2026-05-24T17:45:48.000Z""","""2026-05-24T18:12:48.000Z"""
885,186,13,balanced,mock,12,30,"""2026-05-25T08:30:20.000Z""","""2026-05-25T09:04:20.000Z""",57.14,submitted,"""2026-05-25T08:30:20.000Z""","""2026-05-25T09:04:20.000Z"""
886,186,13,balanced,mock,13,30,"""2026-05-26T07:59:56.000Z""","""2026-05-26T08:31:56.000Z""",74.07,submitted,"""2026-05-26T07:59:56.000Z""","""2026-05-26T08:31:56.000Z"""
887,186,13,balanced,mock,10,30,"""2026-05-27T20:40:19.000Z""","""2026-05-27T21:18:19.000Z""",78.57,submitted,"""2026-05-27T20:40:19.000Z""","""2026-05-27T21:18:19.000Z"""
888,186,109,balanced,mock,12,30,"""2026-05-28T10:34:53.000Z""","""2026-05-28T10:56:53.000Z""",80.77,submitted,"""2026-05-28T10:34:53.000Z""","""2026-05-28T10:56:53.000Z"""
889,186,158,balanced,mock,10,30,"""2026-05-29T21:13:30.000Z""","""2026-05-29T21:41:30.000Z""",57.89,submitted,"""2026-05-29T21:13:30.000Z""","""2026-05-29T21:41:30.000Z"""
890,187,200,balanced,mock,13,30,"""2026-05-16T13:08:35.000Z""","""2026-05-16T13:43:35.000Z""",29.63,submitted,"""2026-05-16T13:08:35.000Z""","""2026-05-16T13:43:35.000Z"""
891,187,200,balanced,mock,13,30,"""2026-05-17T18:14:23.000Z""","""2026-05-17T18:46:23.000Z""",25.93,submitted,"""2026-05-17T18:14:23.000Z""","""2026-05-17T18:46:23.000Z"""
892,187,200,balanced,mock,10,30,"""2026-05-18T11:17:06.000Z""","""2026-05-18T11:29:06.000Z""",25,submitted,"""2026-05-18T11:17:06.000Z""","""2026-05-18T11:29:06.000Z"""
893,187,200,balanced,mock,14,30,"""2026-05-19T09:51:12.000Z""","""2026-05-19T10:27:12.000Z""",48.15,submitted,"""2026-05-19T09:51:12.000Z""","""2026-05-19T10:27:12.000Z"""
894,187,6,balanced,mock,12,30,"""2026-05-20T18:22:14.000Z""","""2026-05-20T18:48:14.000Z""",53.85,submitted,"""2026-05-20T18:22:14.000Z""","""2026-05-20T18:48:14.000Z"""
895,187,173,balanced,mock,14,30,"""2026-05-21T09:25:01.000Z""","""2026-05-21T09:47:01.000Z""",16.67,submitted,"""2026-05-21T09:25:01.000Z""","""2026-05-21T09:47:01.000Z"""
896,188,131,balanced,mock,12,30,"""2026-06-01T12:09:05.000Z""","""2026-06-01T12:30:05.000Z""",48.15,submitted,"""2026-06-01T12:09:05.000Z""","""2026-06-01T12:30:05.000Z"""
897,188,131,balanced,mock,11,30,"""2026-06-02T15:17:55.000Z""","""2026-06-02T15:55:55.000Z""",24,submitted,"""2026-06-02T15:17:55.000Z""","""2026-06-02T15:55:55.000Z"""
898,188,131,balanced,mock,13,30,"""2026-06-03T16:49:21.000Z""","""2026-06-03T17:13:21.000Z""",30.77,submitted,"""2026-06-03T16:49:21.000Z""","""2026-06-03T17:13:21.000Z"""
899,188,131,balanced,mock,13,30,"""2026-06-04T11:25:53.000Z""","""2026-06-04T11:40:53.000Z""",46.15,submitted,"""2026-06-04T11:25:53.000Z""","""2026-06-04T11:40:53.000Z"""
900,188,166,balanced,mock,13,30,"""2026-06-12T13:43:29.000Z""","""2026-06-12T13:56:29.000Z""",56,submitted,"""2026-06-12T13:43:29.000Z""","""2026-06-12T13:56:29.000Z"""
901,189,104,balanced,mock,12,30,"""2026-05-24T08:50:14.000Z""","""2026-05-24T09:05:14.000Z""",64,submitted,"""2026-05-24T08:50:14.000Z""","""2026-05-24T09:05:14.000Z"""
902,189,104,balanced,mock,14,30,"""2026-05-25T10:32:01.000Z""","""2026-05-25T11:08:01.000Z""",75,submitted,"""2026-05-25T10:32:01.000Z""","""2026-05-25T11:08:01.000Z"""
903,189,104,balanced,mock,12,30,"""2026-05-26T19:06:57.000Z""","""2026-05-26T19:32:57.000Z""",70,submitted,"""2026-05-26T19:06:57.000Z""","""2026-05-26T19:32:57.000Z"""
904,189,104,balanced,mock,13,30,"""2026-05-27T14:38:54.000Z""","""2026-05-27T14:58:54.000Z""",92.86,submitted,"""2026-05-27T14:38:54.000Z""","""2026-05-27T14:58:54.000Z"""
905,189,62,balanced,mock,14,30,"""2026-05-28T18:02:09.000Z""","""2026-05-28T18:17:09.000Z""",48.39,submitted,"""2026-05-28T18:02:09.000Z""","""2026-05-28T18:17:09.000Z"""
906,189,163,balanced,mock,13,30,"""2026-05-29T11:37:41.000Z""","""2026-05-29T12:16:41.000Z""",39.29,submitted,"""2026-05-29T11:37:41.000Z""","""2026-05-29T12:16:41.000Z"""
907,190,38,balanced,mock,13,30,"""2026-06-11T12:19:40.000Z""","""2026-06-11T12:41:40.000Z""",33.33,submitted,"""2026-06-11T12:19:40.000Z""","""2026-06-11T12:41:40.000Z"""
908,190,38,balanced,mock,12,30,"""2026-06-12T11:53:02.000Z""","""2026-06-12T12:31:02.000Z""",26.09,submitted,"""2026-06-12T11:53:02.000Z""","""2026-06-12T12:31:02.000Z"""
909,190,38,balanced,mock,13,30,"""2026-06-13T16:20:53.000Z""","""2026-06-13T16:41:53.000Z""",38.46,submitted,"""2026-06-13T16:20:53.000Z""","""2026-06-13T16:41:53.000Z"""
910,190,38,balanced,mock,12,30,"""2026-05-13T08:47:43.000Z""","""2026-05-13T09:12:43.000Z""",22.73,submitted,"""2026-05-13T08:47:43.000Z""","""2026-05-13T09:12:43.000Z"""
911,190,38,balanced,mock,12,30,"""2026-04-29T07:44:06.000Z""","""2026-04-29T08:20:06.000Z""",26.92,submitted,"""2026-04-29T07:44:06.000Z""","""2026-04-29T08:20:06.000Z"""
912,190,35,balanced,mock,13,30,"""2026-05-09T15:48:03.000Z""","""2026-05-09T16:02:03.000Z""",19.23,submitted,"""2026-05-09T15:48:03.000Z""","""2026-05-09T16:02:03.000Z"""
913,190,188,balanced,mock,10,30,"""2026-05-03T18:21:18.000Z""","""2026-05-03T18:52:18.000Z""",43.75,submitted,"""2026-05-03T18:21:18.000Z""","""2026-05-03T18:52:18.000Z"""
914,191,69,balanced,mock,14,30,"""2026-06-06T09:04:46.000Z""","""2026-06-06T09:37:46.000Z""",27.59,submitted,"""2026-06-06T09:04:46.000Z""","""2026-06-06T09:37:46.000Z"""
915,191,69,balanced,mock,14,30,"""2026-06-07T10:28:27.000Z""","""2026-06-07T10:51:27.000Z""",37.93,submitted,"""2026-06-07T10:28:27.000Z""","""2026-06-07T10:51:27.000Z"""
916,191,69,balanced,mock,12,30,"""2026-06-08T11:38:55.000Z""","""2026-06-08T12:00:55.000Z""",39.13,submitted,"""2026-06-08T11:38:55.000Z""","""2026-06-08T12:00:55.000Z"""
917,191,132,balanced,mock,11,30,"""2026-06-09T08:22:30.000Z""","""2026-06-09T09:01:30.000Z""",52,submitted,"""2026-06-09T08:22:30.000Z""","""2026-06-09T09:01:30.000Z"""
918,191,240,balanced,mock,12,30,"""2026-06-10T18:53:38.000Z""","""2026-06-10T19:20:38.000Z""",29.17,submitted,"""2026-06-10T18:53:38.000Z""","""2026-06-10T19:20:38.000Z"""
919,192,129,balanced,mock,10,30,"""2026-05-15T07:47:50.000Z""","""2026-05-15T08:10:50.000Z""",100,submitted,"""2026-05-15T07:47:50.000Z""","""2026-05-15T08:10:50.000Z"""
920,192,129,balanced,mock,10,30,"""2026-05-16T14:33:26.000Z""","""2026-05-16T14:48:26.000Z""",70,submitted,"""2026-05-16T14:33:26.000Z""","""2026-05-16T14:48:26.000Z"""
921,192,129,balanced,mock,14,30,"""2026-05-17T09:01:38.000Z""","""2026-05-17T09:16:38.000Z""",72,submitted,"""2026-05-17T09:01:38.000Z""","""2026-05-17T09:16:38.000Z"""
922,192,129,balanced,mock,13,30,"""2026-05-18T08:45:09.000Z""","""2026-05-18T09:23:09.000Z""",37.04,submitted,"""2026-05-18T08:45:09.000Z""","""2026-05-18T09:23:09.000Z"""
923,192,129,balanced,mock,14,30,"""2026-05-19T09:14:00.000Z""","""2026-05-19T09:40:00.000Z""",80,submitted,"""2026-05-19T09:14:00.000Z""","""2026-05-19T09:40:00.000Z"""
924,192,131,balanced,mock,13,30,"""2026-05-20T17:41:45.000Z""","""2026-05-20T18:09:45.000Z""",69.23,submitted,"""2026-05-20T17:41:45.000Z""","""2026-05-20T18:09:45.000Z"""
925,192,164,balanced,mock,10,30,"""2026-05-21T08:33:09.000Z""","""2026-05-21T09:10:09.000Z""",56.25,submitted,"""2026-05-21T08:33:09.000Z""","""2026-05-21T09:10:09.000Z"""
926,193,20,balanced,mock,12,30,"""2026-05-28T08:55:25.000Z""","""2026-05-28T09:29:25.000Z""",90,submitted,"""2026-05-28T08:55:25.000Z""","""2026-05-28T09:29:25.000Z"""
927,193,20,balanced,mock,11,30,"""2026-05-29T17:08:13.000Z""","""2026-05-29T17:28:13.000Z""",38.1,submitted,"""2026-05-29T17:08:13.000Z""","""2026-05-29T17:28:13.000Z"""
928,193,20,balanced,mock,11,30,"""2026-05-30T18:06:06.000Z""","""2026-05-30T18:22:06.000Z""",72.73,submitted,"""2026-05-30T18:06:06.000Z""","""2026-05-30T18:22:06.000Z"""
929,193,7,balanced,mock,13,30,"""2026-05-31T09:22:57.000Z""","""2026-05-31T09:50:57.000Z""",64,submitted,"""2026-05-31T09:22:57.000Z""","""2026-05-31T09:50:57.000Z"""
930,193,7,balanced,mock,14,30,"""2026-06-01T16:20:19.000Z""","""2026-06-01T16:32:19.000Z""",38.46,submitted,"""2026-06-01T16:20:19.000Z""","""2026-06-01T16:32:19.000Z"""
931,194,29,balanced,mock,13,30,"""2026-05-28T11:51:59.000Z""","""2026-05-28T12:12:59.000Z""",46.15,submitted,"""2026-05-28T11:51:59.000Z""","""2026-05-28T12:12:59.000Z"""
932,194,29,balanced,mock,12,30,"""2026-05-29T15:27:58.000Z""","""2026-05-29T15:44:58.000Z""",46.15,submitted,"""2026-05-29T15:27:58.000Z""","""2026-05-29T15:44:58.000Z"""
933,194,29,balanced,mock,11,30,"""2026-05-30T20:28:18.000Z""","""2026-05-30T21:06:18.000Z""",33.33,submitted,"""2026-05-30T20:28:18.000Z""","""2026-05-30T21:06:18.000Z"""
934,194,56,balanced,mock,14,30,"""2026-05-31T17:29:09.000Z""","""2026-05-31T17:44:09.000Z""",51.72,submitted,"""2026-05-31T17:29:09.000Z""","""2026-05-31T17:44:09.000Z"""
935,194,34,balanced,mock,13,30,"""2026-06-01T10:58:21.000Z""","""2026-06-01T11:22:21.000Z""",13.79,submitted,"""2026-06-01T10:58:21.000Z""","""2026-06-01T11:22:21.000Z"""
936,195,70,balanced,mock,13,30,"""2026-06-07T12:38:45.000Z""","""2026-06-07T12:52:45.000Z""",17.24,submitted,"""2026-06-07T12:38:45.000Z""","""2026-06-07T12:52:45.000Z"""
937,195,70,balanced,mock,13,30,"""2026-06-08T20:17:48.000Z""","""2026-06-08T20:39:48.000Z""",28,submitted,"""2026-06-08T20:17:48.000Z""","""2026-06-08T20:39:48.000Z"""
938,195,70,balanced,mock,11,30,"""2026-06-09T19:14:09.000Z""","""2026-06-09T19:34:09.000Z""",41.18,submitted,"""2026-06-09T19:14:09.000Z""","""2026-06-09T19:34:09.000Z"""
939,195,70,balanced,mock,14,30,"""2026-06-10T10:49:11.000Z""","""2026-06-10T11:06:11.000Z""",42.86,submitted,"""2026-06-10T10:49:11.000Z""","""2026-06-10T11:06:11.000Z"""
940,195,70,balanced,mock,11,30,"""2026-06-11T19:21:04.000Z""","""2026-06-11T19:37:04.000Z""",50,submitted,"""2026-06-11T19:21:04.000Z""","""2026-06-11T19:37:04.000Z"""
941,195,82,balanced,mock,11,30,"""2026-06-12T11:33:15.000Z""","""2026-06-12T12:05:15.000Z""",30,submitted,"""2026-06-12T11:33:15.000Z""","""2026-06-12T12:05:15.000Z"""
942,195,225,balanced,mock,13,30,"""2026-06-13T10:28:44.000Z""","""2026-06-13T10:53:44.000Z""",26.09,submitted,"""2026-06-13T10:28:44.000Z""","""2026-06-13T10:53:44.000Z"""
943,196,79,balanced,mock,10,30,"""2026-06-04T14:50:48.000Z""","""2026-06-04T15:04:48.000Z""",80.95,submitted,"""2026-06-04T14:50:48.000Z""","""2026-06-04T15:04:48.000Z"""
944,196,79,balanced,mock,13,30,"""2026-06-05T19:39:39.000Z""","""2026-06-05T20:02:39.000Z""",72,submitted,"""2026-06-05T19:39:39.000Z""","""2026-06-05T20:02:39.000Z"""
945,196,79,balanced,mock,13,30,"""2026-06-06T14:37:33.000Z""","""2026-06-06T14:49:33.000Z""",57.69,submitted,"""2026-06-06T14:37:33.000Z""","""2026-06-06T14:49:33.000Z"""
946,196,79,balanced,mock,14,30,"""2026-06-07T08:34:10.000Z""","""2026-06-07T09:00:10.000Z""",93.33,submitted,"""2026-06-07T08:34:10.000Z""","""2026-06-07T09:00:10.000Z"""
947,196,236,balanced,mock,13,30,"""2026-06-07T07:46:19.000Z""","""2026-06-07T08:21:19.000Z""",44,submitted,"""2026-06-07T07:46:19.000Z""","""2026-06-07T08:21:19.000Z"""
948,196,33,balanced,mock,14,30,"""2026-04-29T19:38:37.000Z""","""2026-04-29T20:11:37.000Z""",58.33,submitted,"""2026-04-29T19:38:37.000Z""","""2026-04-29T20:11:37.000Z"""
949,197,47,balanced,mock,13,30,"""2026-05-20T12:43:45.000Z""","""2026-05-20T13:03:45.000Z""",60.71,submitted,"""2026-05-20T12:43:45.000Z""","""2026-05-20T13:03:45.000Z"""
950,197,47,balanced,mock,12,30,"""2026-05-21T19:35:23.000Z""","""2026-05-21T19:59:23.000Z""",84.62,submitted,"""2026-05-21T19:35:23.000Z""","""2026-05-21T19:59:23.000Z"""
951,197,47,balanced,mock,14,30,"""2026-05-22T12:36:12.000Z""","""2026-05-22T13:15:12.000Z""",88,submitted,"""2026-05-22T12:36:12.000Z""","""2026-05-22T13:15:12.000Z"""
952,197,47,balanced,mock,10,30,"""2026-05-23T11:45:30.000Z""","""2026-05-23T12:13:30.000Z""",75,submitted,"""2026-05-23T11:45:30.000Z""","""2026-05-23T12:13:30.000Z"""
953,197,100,balanced,mock,11,30,"""2026-05-24T16:44:13.000Z""","""2026-05-24T16:56:13.000Z""",90,submitted,"""2026-05-24T16:44:13.000Z""","""2026-05-24T16:56:13.000Z"""
954,197,80,balanced,mock,10,30,"""2026-05-25T17:43:28.000Z""","""2026-05-25T18:05:28.000Z""",70.59,submitted,"""2026-05-25T17:43:28.000Z""","""2026-05-25T18:05:28.000Z"""
955,198,171,balanced,mock,11,30,"""2026-05-30T15:46:42.000Z""","""2026-05-30T16:18:42.000Z""",41.18,submitted,"""2026-05-30T15:46:42.000Z""","""2026-05-30T16:18:42.000Z"""
956,198,171,balanced,mock,10,30,"""2026-05-31T19:11:02.000Z""","""2026-05-31T19:47:02.000Z""",41.18,submitted,"""2026-05-31T19:11:02.000Z""","""2026-05-31T19:47:02.000Z"""
957,198,171,balanced,mock,13,30,"""2026-06-01T15:02:52.000Z""","""2026-06-01T15:20:52.000Z""",25,submitted,"""2026-06-01T15:02:52.000Z""","""2026-06-01T15:20:52.000Z"""
958,198,4,balanced,mock,12,30,"""2026-06-02T08:07:04.000Z""","""2026-06-02T08:31:04.000Z""",62.5,submitted,"""2026-06-02T08:07:04.000Z""","""2026-06-02T08:31:04.000Z"""
959,198,227,balanced,mock,12,30,"""2026-06-03T20:45:15.000Z""","""2026-06-03T21:24:15.000Z""",36.36,submitted,"""2026-06-03T20:45:15.000Z""","""2026-06-03T21:24:15.000Z"""
960,199,205,balanced,mock,12,30,"""2026-05-18T17:45:56.000Z""","""2026-05-18T18:08:56.000Z""",60.87,submitted,"""2026-05-18T17:45:56.000Z""","""2026-05-18T18:08:56.000Z"""
961,199,205,balanced,mock,14,30,"""2026-05-19T13:59:25.000Z""","""2026-05-19T14:12:25.000Z""",75.86,submitted,"""2026-05-19T13:59:25.000Z""","""2026-05-19T14:12:25.000Z"""
962,199,205,balanced,mock,11,30,"""2026-05-20T20:42:58.000Z""","""2026-05-20T21:16:58.000Z""",47.83,submitted,"""2026-05-20T20:42:58.000Z""","""2026-05-20T21:16:58.000Z"""
963,199,205,balanced,mock,11,30,"""2026-05-21T20:05:49.000Z""","""2026-05-21T20:41:49.000Z""",50,submitted,"""2026-05-21T20:05:49.000Z""","""2026-05-21T20:41:49.000Z"""
964,199,80,balanced,mock,13,30,"""2026-05-23T10:54:03.000Z""","""2026-05-23T11:08:03.000Z""",25.93,submitted,"""2026-05-23T10:54:03.000Z""","""2026-05-23T11:08:03.000Z"""
965,199,82,balanced,mock,11,30,"""2026-06-08T10:33:56.000Z""","""2026-06-08T10:53:56.000Z""",39.13,submitted,"""2026-06-08T10:33:56.000Z""","""2026-06-08T10:53:56.000Z"""
966,200,138,balanced,mock,10,30,"""2026-05-16T19:40:10.000Z""","""2026-05-16T20:16:10.000Z""",16.67,submitted,"""2026-05-16T19:40:10.000Z""","""2026-05-16T20:16:10.000Z"""
967,200,138,balanced,mock,10,30,"""2026-06-11T10:20:45.000Z""","""2026-06-11T10:44:45.000Z""",44.44,submitted,"""2026-06-11T10:20:45.000Z""","""2026-06-11T10:44:45.000Z"""
968,200,138,balanced,mock,12,30,"""2026-05-08T18:11:10.000Z""","""2026-05-08T18:45:10.000Z""",47.83,submitted,"""2026-05-08T18:11:10.000Z""","""2026-05-08T18:45:10.000Z"""
969,200,138,balanced,mock,14,30,"""2026-04-29T07:36:33.000Z""","""2026-04-29T08:05:33.000Z""",50,submitted,"""2026-04-29T07:36:33.000Z""","""2026-04-29T08:05:33.000Z"""
970,200,138,balanced,mock,10,30,"""2026-06-05T14:34:27.000Z""","""2026-06-05T14:59:27.000Z""",47.62,submitted,"""2026-06-05T14:34:27.000Z""","""2026-06-05T14:59:27.000Z"""
971,200,130,balanced,mock,10,30,"""2026-06-07T11:10:51.000Z""","""2026-06-07T11:31:51.000Z""",36.84,submitted,"""2026-06-07T11:10:51.000Z""","""2026-06-07T11:31:51.000Z"""
972,200,56,balanced,mock,13,30,"""2026-06-11T12:32:01.000Z""","""2026-06-11T12:46:01.000Z""",28,submitted,"""2026-06-11T12:32:01.000Z""","""2026-06-11T12:46:01.000Z"""
973,201,28,balanced,mock,11,30,"""2026-05-27T16:16:07.000Z""","""2026-05-27T16:38:07.000Z""",48,submitted,"""2026-05-27T16:16:07.000Z""","""2026-05-27T16:38:07.000Z"""
974,201,28,balanced,mock,12,30,"""2026-05-02T09:07:59.000Z""","""2026-05-02T09:30:59.000Z""",38.46,submitted,"""2026-05-02T09:07:59.000Z""","""2026-05-02T09:30:59.000Z"""
975,201,28,balanced,mock,13,30,"""2026-06-09T12:31:07.000Z""","""2026-06-09T12:51:07.000Z""",73.08,submitted,"""2026-06-09T12:31:07.000Z""","""2026-06-09T12:51:07.000Z"""
976,201,28,balanced,mock,14,30,"""2026-05-17T08:58:10.000Z""","""2026-05-17T09:30:10.000Z""",59.26,submitted,"""2026-05-17T08:58:10.000Z""","""2026-05-17T09:30:10.000Z"""
977,201,28,balanced,mock,12,30,"""2026-06-08T20:15:35.000Z""","""2026-06-08T20:34:35.000Z""",58.33,submitted,"""2026-06-08T20:15:35.000Z""","""2026-06-08T20:34:35.000Z"""
978,201,28,balanced,mock,13,30,"""2026-06-03T11:46:30.000Z""","""2026-06-03T12:07:30.000Z""",48.28,submitted,"""2026-06-03T11:46:30.000Z""","""2026-06-03T12:07:30.000Z"""
979,201,158,balanced,mock,11,30,"""2026-06-01T11:03:50.000Z""","""2026-06-01T11:23:50.000Z""",79.17,submitted,"""2026-06-01T11:03:50.000Z""","""2026-06-01T11:23:50.000Z"""
980,205,192,balanced,mock,13,30,"""2026-05-30T11:11:21.000Z""","""2026-05-30T11:39:21.000Z""",58.33,submitted,"""2026-05-30T11:11:21.000Z""","""2026-05-30T11:39:21.000Z"""
981,205,192,balanced,mock,14,30,"""2026-05-01T09:14:21.000Z""","""2026-05-01T09:45:21.000Z""",33.33,submitted,"""2026-05-01T09:14:21.000Z""","""2026-05-01T09:45:21.000Z"""
982,205,192,balanced,mock,13,30,"""2026-06-03T18:30:28.000Z""","""2026-06-03T19:08:28.000Z""",46.67,submitted,"""2026-06-03T18:30:28.000Z""","""2026-06-03T19:08:28.000Z"""
983,205,192,balanced,mock,11,30,"""2026-06-10T17:14:07.000Z""","""2026-06-10T17:45:07.000Z""",17.39,submitted,"""2026-06-10T17:14:07.000Z""","""2026-06-10T17:45:07.000Z"""
984,205,192,balanced,mock,13,30,"""2026-05-19T19:05:07.000Z""","""2026-05-19T19:38:07.000Z""",54.17,submitted,"""2026-05-19T19:05:07.000Z""","""2026-05-19T19:38:07.000Z"""
985,205,5,balanced,mock,14,30,"""2026-06-01T09:05:02.000Z""","""2026-06-01T09:18:02.000Z""",53.57,submitted,"""2026-06-01T09:05:02.000Z""","""2026-06-01T09:18:02.000Z"""
986,205,120,balanced,mock,12,30,"""2026-05-20T15:35:43.000Z""","""2026-05-20T16:00:43.000Z""",60,submitted,"""2026-05-20T15:35:43.000Z""","""2026-05-20T16:00:43.000Z"""
987,206,236,balanced,mock,10,30,"""2026-05-25T15:02:55.000Z""","""2026-05-25T15:25:55.000Z""",36.84,submitted,"""2026-05-25T15:02:55.000Z""","""2026-05-25T15:25:55.000Z"""
988,206,236,balanced,mock,11,30,"""2026-05-26T15:03:25.000Z""","""2026-05-26T15:17:25.000Z""",68.42,submitted,"""2026-05-26T15:03:25.000Z""","""2026-05-26T15:17:25.000Z"""
989,206,236,balanced,mock,14,30,"""2026-05-27T15:39:21.000Z""","""2026-05-27T16:14:21.000Z""",44.12,submitted,"""2026-05-27T15:39:21.000Z""","""2026-05-27T16:14:21.000Z"""
990,206,236,balanced,mock,11,30,"""2026-05-28T13:39:46.000Z""","""2026-05-28T14:18:46.000Z""",20,submitted,"""2026-05-28T13:39:46.000Z""","""2026-05-28T14:18:46.000Z"""
991,206,85,balanced,mock,12,30,"""2026-05-29T16:32:29.000Z""","""2026-05-29T17:06:29.000Z""",76.19,submitted,"""2026-05-29T16:32:29.000Z""","""2026-05-29T17:06:29.000Z"""
992,206,168,balanced,mock,10,30,"""2026-05-30T17:38:16.000Z""","""2026-05-30T18:09:16.000Z""",45,submitted,"""2026-05-30T17:38:16.000Z""","""2026-05-30T18:09:16.000Z"""
993,207,21,balanced,mock,10,30,"""2026-06-09T09:25:23.000Z""","""2026-06-09T09:43:23.000Z""",43.48,submitted,"""2026-06-09T09:25:23.000Z""","""2026-06-09T09:43:23.000Z"""
994,207,21,balanced,mock,13,30,"""2026-06-10T07:31:12.000Z""","""2026-06-10T08:02:12.000Z""",65.38,submitted,"""2026-06-10T07:31:12.000Z""","""2026-06-10T08:02:12.000Z"""
995,207,21,balanced,mock,10,30,"""2026-06-11T08:12:39.000Z""","""2026-06-11T08:50:39.000Z""",52.17,submitted,"""2026-06-11T08:12:39.000Z""","""2026-06-11T08:50:39.000Z"""
996,207,21,balanced,mock,14,30,"""2026-06-12T13:47:48.000Z""","""2026-06-12T14:26:48.000Z""",60,submitted,"""2026-06-12T13:47:48.000Z""","""2026-06-12T14:26:48.000Z"""
997,207,21,balanced,mock,14,30,"""2026-06-13T09:06:10.000Z""","""2026-06-13T09:41:10.000Z""",54.84,submitted,"""2026-06-13T09:06:10.000Z""","""2026-06-13T09:41:10.000Z"""
998,207,140,balanced,mock,11,30,"""2026-05-04T12:45:48.000Z""","""2026-05-04T12:58:48.000Z""",66.67,submitted,"""2026-05-04T12:45:48.000Z""","""2026-05-04T12:58:48.000Z"""
999,208,114,balanced,mock,13,30,"""2026-06-11T09:01:59.000Z""","""2026-06-11T09:36:59.000Z""",30.77,submitted,"""2026-06-11T09:01:59.000Z""","""2026-06-11T09:36:59.000Z"""
1000,208,114,balanced,mock,13,30,"""2026-06-12T09:04:33.000Z""","""2026-06-12T09:38:33.000Z""",42.31,submitted,"""2026-06-12T09:04:33.000Z""","""2026-06-12T09:38:33.000Z"""
1001,208,114,balanced,mock,14,30,"""2026-06-13T12:59:27.000Z""","""2026-06-13T13:25:27.000Z""",65.52,submitted,"""2026-06-13T12:59:27.000Z""","""2026-06-13T13:25:27.000Z"""
1002,208,114,balanced,mock,12,30,"""2026-06-14T07:26:28.000Z""","""2026-06-14T08:00:28.000Z""",33.33,submitted,"""2026-06-14T07:26:28.000Z""","""2026-06-14T08:00:28.000Z"""
1003,208,114,balanced,mock,13,30,"""2026-06-15T07:48:56.000Z""","""2026-06-15T08:15:56.000Z""",74.07,submitted,"""2026-06-15T07:48:56.000Z""","""2026-06-15T08:15:56.000Z"""
1004,208,227,balanced,mock,10,30,"""2026-06-01T18:20:10.000Z""","""2026-06-01T18:35:10.000Z""",18.18,submitted,"""2026-06-01T18:20:10.000Z""","""2026-06-01T18:35:10.000Z"""
1005,209,105,balanced,mock,11,30,"""2026-05-27T11:45:33.000Z""","""2026-05-27T12:06:33.000Z""",31.82,submitted,"""2026-05-27T11:45:33.000Z""","""2026-05-27T12:06:33.000Z"""
1006,209,105,balanced,mock,12,30,"""2026-05-28T17:21:45.000Z""","""2026-05-28T17:53:45.000Z""",67.86,submitted,"""2026-05-28T17:21:45.000Z""","""2026-05-28T17:53:45.000Z"""
1007,209,105,balanced,mock,14,30,"""2026-05-29T14:25:33.000Z""","""2026-05-29T14:39:33.000Z""",37.93,submitted,"""2026-05-29T14:25:33.000Z""","""2026-05-29T14:39:33.000Z"""
1008,209,170,balanced,mock,10,30,"""2026-05-06T11:37:35.000Z""","""2026-05-06T12:03:35.000Z""",61.9,submitted,"""2026-05-06T11:37:35.000Z""","""2026-05-06T12:03:35.000Z"""
1009,209,161,balanced,mock,10,30,"""2026-05-18T10:33:16.000Z""","""2026-05-18T11:00:16.000Z""",69.23,submitted,"""2026-05-18T10:33:16.000Z""","""2026-05-18T11:00:16.000Z"""
1010,210,22,balanced,mock,13,30,"""2026-05-25T10:47:58.000Z""","""2026-05-25T11:13:58.000Z""",53.85,submitted,"""2026-05-25T10:47:58.000Z""","""2026-05-25T11:13:58.000Z"""
1011,210,22,balanced,mock,13,30,"""2026-05-26T11:52:04.000Z""","""2026-05-26T12:30:04.000Z""",42.31,submitted,"""2026-05-26T11:52:04.000Z""","""2026-05-26T12:30:04.000Z"""
1012,210,22,balanced,mock,13,30,"""2026-05-27T08:43:16.000Z""","""2026-05-27T09:11:16.000Z""",38.46,submitted,"""2026-05-27T08:43:16.000Z""","""2026-05-27T09:11:16.000Z"""
1013,210,22,balanced,mock,12,30,"""2026-05-28T13:05:23.000Z""","""2026-05-28T13:40:23.000Z""",43.48,submitted,"""2026-05-28T13:05:23.000Z""","""2026-05-28T13:40:23.000Z"""
1014,210,22,balanced,mock,13,30,"""2026-05-05T11:17:40.000Z""","""2026-05-05T11:49:40.000Z""",61.54,submitted,"""2026-05-05T11:17:40.000Z""","""2026-05-05T11:49:40.000Z"""
1015,210,22,balanced,mock,14,30,"""2026-04-29T12:37:44.000Z""","""2026-04-29T13:15:44.000Z""",41.94,submitted,"""2026-04-29T12:37:44.000Z""","""2026-04-29T13:15:44.000Z"""
1016,210,105,balanced,mock,12,30,"""2026-05-12T20:04:36.000Z""","""2026-05-12T20:42:36.000Z""",72,submitted,"""2026-05-12T20:04:36.000Z""","""2026-05-12T20:42:36.000Z"""
1017,211,22,balanced,mock,12,30,"""2026-06-04T16:36:51.000Z""","""2026-06-04T17:11:51.000Z""",34.62,submitted,"""2026-06-04T16:36:51.000Z""","""2026-06-04T17:11:51.000Z"""
1018,211,22,balanced,mock,12,30,"""2026-06-04T17:39:32.000Z""","""2026-06-04T18:14:32.000Z""",26.92,submitted,"""2026-06-04T17:39:32.000Z""","""2026-06-04T18:14:32.000Z"""
1019,211,22,balanced,mock,14,30,"""2026-05-01T13:49:49.000Z""","""2026-05-01T14:27:49.000Z""",48.15,submitted,"""2026-05-01T13:49:49.000Z""","""2026-05-01T14:27:49.000Z"""
1020,211,22,balanced,mock,14,30,"""2026-05-29T11:05:22.000Z""","""2026-05-29T11:39:22.000Z""",50,submitted,"""2026-05-29T11:05:22.000Z""","""2026-05-29T11:39:22.000Z"""
1021,211,22,balanced,mock,11,30,"""2026-06-05T07:55:33.000Z""","""2026-06-05T08:33:33.000Z""",36,submitted,"""2026-06-05T07:55:33.000Z""","""2026-06-05T08:33:33.000Z"""
1022,211,130,balanced,mock,14,30,"""2026-05-14T19:25:29.000Z""","""2026-05-14T19:45:29.000Z""",60.71,submitted,"""2026-05-14T19:25:29.000Z""","""2026-05-14T19:45:29.000Z"""
1023,211,187,balanced,mock,13,30,"""2026-05-08T14:51:34.000Z""","""2026-05-08T15:17:34.000Z""",69.23,submitted,"""2026-05-08T14:51:34.000Z""","""2026-05-08T15:17:34.000Z"""
1024,212,126,balanced,mock,12,30,"""2026-05-27T16:29:35.000Z""","""2026-05-27T17:05:35.000Z""",80.77,submitted,"""2026-05-27T16:29:35.000Z""","""2026-05-27T17:05:35.000Z"""
1025,212,126,balanced,mock,13,30,"""2026-05-28T16:16:38.000Z""","""2026-05-28T16:31:38.000Z""",68,submitted,"""2026-05-28T16:16:38.000Z""","""2026-05-28T16:31:38.000Z"""
1026,212,126,balanced,mock,12,30,"""2026-05-29T14:48:04.000Z""","""2026-05-29T15:22:04.000Z""",65.22,submitted,"""2026-05-29T14:48:04.000Z""","""2026-05-29T15:22:04.000Z"""
1027,212,126,balanced,mock,14,30,"""2026-05-30T12:23:10.000Z""","""2026-05-30T12:35:10.000Z""",78.57,submitted,"""2026-05-30T12:23:10.000Z""","""2026-05-30T12:35:10.000Z"""
1028,212,126,balanced,mock,10,30,"""2026-05-31T19:06:35.000Z""","""2026-05-31T19:34:35.000Z""",86.96,submitted,"""2026-05-31T19:06:35.000Z""","""2026-05-31T19:34:35.000Z"""
1029,212,35,balanced,mock,13,30,"""2026-06-01T15:20:27.000Z""","""2026-06-01T15:38:27.000Z""",46.43,submitted,"""2026-06-01T15:20:27.000Z""","""2026-06-01T15:38:27.000Z"""
1030,212,204,balanced,mock,11,30,"""2026-06-02T08:37:54.000Z""","""2026-06-02T09:13:54.000Z""",84.21,submitted,"""2026-06-02T08:37:54.000Z""","""2026-06-02T09:13:54.000Z"""
1031,213,58,balanced,mock,10,30,"""2026-06-04T12:01:54.000Z""","""2026-06-04T12:39:54.000Z""",52.63,submitted,"""2026-06-04T12:01:54.000Z""","""2026-06-04T12:39:54.000Z"""
1032,213,58,balanced,mock,10,30,"""2026-06-05T21:34:51.000Z""","""2026-06-05T21:56:51.000Z""",65,submitted,"""2026-06-05T21:34:51.000Z""","""2026-06-05T21:56:51.000Z"""
1033,213,58,balanced,mock,12,30,"""2026-06-06T18:01:01.000Z""","""2026-06-06T18:26:01.000Z""",52,submitted,"""2026-06-06T18:01:01.000Z""","""2026-06-06T18:26:01.000Z"""
1034,213,158,balanced,mock,14,30,"""2026-06-07T07:30:37.000Z""","""2026-06-07T08:10:37.000Z""",72.41,submitted,"""2026-06-07T07:30:37.000Z""","""2026-06-07T08:10:37.000Z"""
1035,213,134,balanced,mock,10,30,"""2026-05-07T18:01:11.000Z""","""2026-05-07T18:30:11.000Z""",57.14,submitted,"""2026-05-07T18:01:11.000Z""","""2026-05-07T18:30:11.000Z"""
1036,214,20,balanced,mock,14,30,"""2026-05-16T15:02:49.000Z""","""2026-05-16T15:41:49.000Z""",32.14,submitted,"""2026-05-16T15:02:49.000Z""","""2026-05-16T15:41:49.000Z"""
1037,214,20,balanced,mock,11,30,"""2026-05-17T19:07:59.000Z""","""2026-05-17T19:22:59.000Z""",23.81,submitted,"""2026-05-17T19:07:59.000Z""","""2026-05-17T19:22:59.000Z"""
1038,214,20,balanced,mock,10,30,"""2026-05-18T11:39:49.000Z""","""2026-05-18T12:03:49.000Z""",19.05,submitted,"""2026-05-18T11:39:49.000Z""","""2026-05-18T12:03:49.000Z"""
1039,214,20,balanced,mock,11,30,"""2026-05-19T13:09:10.000Z""","""2026-05-19T13:22:10.000Z""",25,submitted,"""2026-05-19T13:09:10.000Z""","""2026-05-19T13:22:10.000Z"""
1040,214,20,balanced,mock,12,30,"""2026-05-19T10:01:17.000Z""","""2026-05-19T10:37:17.000Z""",36,submitted,"""2026-05-19T10:01:17.000Z""","""2026-05-19T10:37:17.000Z"""
1041,214,35,balanced,mock,13,30,"""2026-05-28T20:15:19.000Z""","""2026-05-28T20:52:19.000Z""",36,submitted,"""2026-05-28T20:15:19.000Z""","""2026-05-28T20:52:19.000Z"""
1042,215,205,balanced,mock,10,30,"""2026-05-31T09:46:16.000Z""","""2026-05-31T09:59:16.000Z""",70,submitted,"""2026-05-31T09:46:16.000Z""","""2026-05-31T09:59:16.000Z"""
1043,215,205,balanced,mock,14,30,"""2026-06-01T15:44:35.000Z""","""2026-06-01T16:16:35.000Z""",61.54,submitted,"""2026-06-01T15:44:35.000Z""","""2026-06-01T16:16:35.000Z"""
1044,215,205,balanced,mock,10,30,"""2026-06-02T14:11:24.000Z""","""2026-06-02T14:28:24.000Z""",57.89,submitted,"""2026-06-02T14:11:24.000Z""","""2026-06-02T14:28:24.000Z"""
1045,215,205,balanced,mock,10,30,"""2026-06-03T08:29:14.000Z""","""2026-06-03T08:51:14.000Z""",40.91,submitted,"""2026-06-03T08:29:14.000Z""","""2026-06-03T08:51:14.000Z"""
1046,215,10,balanced,mock,12,30,"""2026-06-04T12:06:47.000Z""","""2026-06-04T12:23:47.000Z""",82.61,submitted,"""2026-06-04T12:06:47.000Z""","""2026-06-04T12:23:47.000Z"""
1047,215,131,balanced,mock,11,30,"""2026-05-24T13:48:40.000Z""","""2026-05-24T14:17:40.000Z""",57.14,submitted,"""2026-05-24T13:48:40.000Z""","""2026-05-24T14:17:40.000Z"""
1048,216,159,balanced,mock,13,30,"""2026-05-26T19:21:02.000Z""","""2026-05-26T19:36:02.000Z""",34.62,submitted,"""2026-05-26T19:21:02.000Z""","""2026-05-26T19:36:02.000Z"""
1049,216,159,balanced,mock,14,30,"""2026-05-27T07:33:40.000Z""","""2026-05-27T08:03:40.000Z""",26.67,submitted,"""2026-05-27T07:33:40.000Z""","""2026-05-27T08:03:40.000Z"""
1050,216,159,balanced,mock,12,30,"""2026-05-28T20:50:51.000Z""","""2026-05-28T21:11:51.000Z""",16.67,submitted,"""2026-05-28T20:50:51.000Z""","""2026-05-28T21:11:51.000Z"""
1051,216,159,balanced,mock,13,30,"""2026-05-29T20:47:05.000Z""","""2026-05-29T21:23:05.000Z""",24,submitted,"""2026-05-29T20:47:05.000Z""","""2026-05-29T21:23:05.000Z"""
1052,216,159,balanced,mock,10,30,"""2026-05-30T12:25:08.000Z""","""2026-05-30T12:58:08.000Z""",27.78,submitted,"""2026-05-30T12:25:08.000Z""","""2026-05-30T12:58:08.000Z"""
1053,216,102,balanced,mock,14,30,"""2026-05-31T14:37:37.000Z""","""2026-05-31T14:49:37.000Z""",56.67,submitted,"""2026-05-31T14:37:37.000Z""","""2026-05-31T14:49:37.000Z"""
1054,216,62,balanced,mock,14,30,"""2026-06-01T08:49:20.000Z""","""2026-06-01T09:24:20.000Z""",53.33,submitted,"""2026-06-01T08:49:20.000Z""","""2026-06-01T09:24:20.000Z"""
1055,217,32,balanced,mock,12,30,"""2026-06-08T15:32:15.000Z""","""2026-06-08T16:10:15.000Z""",40,submitted,"""2026-06-08T15:32:15.000Z""","""2026-06-08T16:10:15.000Z"""
1056,217,32,balanced,mock,10,30,"""2026-05-24T15:02:50.000Z""","""2026-05-24T15:23:50.000Z""",71.43,submitted,"""2026-05-24T15:02:50.000Z""","""2026-05-24T15:23:50.000Z"""
1057,217,32,balanced,mock,11,30,"""2026-05-05T12:02:33.000Z""","""2026-05-05T12:34:33.000Z""",57.14,submitted,"""2026-05-05T12:02:33.000Z""","""2026-05-05T12:34:33.000Z"""
1058,217,32,balanced,mock,12,30,"""2026-05-04T08:56:26.000Z""","""2026-05-04T09:30:26.000Z""",41.67,submitted,"""2026-05-04T08:56:26.000Z""","""2026-05-04T09:30:26.000Z"""
1059,217,200,balanced,mock,12,30,"""2026-05-14T18:12:04.000Z""","""2026-05-14T18:45:04.000Z""",59.26,submitted,"""2026-05-14T18:12:04.000Z""","""2026-05-14T18:45:04.000Z"""
1060,217,32,balanced,mock,13,30,"""2026-05-04T10:40:03.000Z""","""2026-05-04T11:09:03.000Z""",73.08,submitted,"""2026-05-04T10:40:03.000Z""","""2026-05-04T11:09:03.000Z"""
1061,218,72,balanced,mock,10,30,"""2026-05-23T17:22:54.000Z""","""2026-05-23T17:55:54.000Z""",38.1,submitted,"""2026-05-23T17:22:54.000Z""","""2026-05-23T17:55:54.000Z"""
1062,218,72,balanced,mock,10,30,"""2026-05-24T17:33:08.000Z""","""2026-05-24T17:56:08.000Z""",47.62,submitted,"""2026-05-24T17:33:08.000Z""","""2026-05-24T17:56:08.000Z"""
1063,218,72,balanced,mock,12,30,"""2026-05-25T12:28:15.000Z""","""2026-05-25T12:58:15.000Z""",39.13,submitted,"""2026-05-25T12:28:15.000Z""","""2026-05-25T12:58:15.000Z"""
1064,218,72,balanced,mock,14,30,"""2026-05-26T20:42:01.000Z""","""2026-05-26T21:18:01.000Z""",37.93,submitted,"""2026-05-26T20:42:01.000Z""","""2026-05-26T21:18:01.000Z"""
1065,218,72,balanced,mock,10,30,"""2026-05-27T15:36:28.000Z""","""2026-05-27T16:10:28.000Z""",60.87,submitted,"""2026-05-27T15:36:28.000Z""","""2026-05-27T16:10:28.000Z"""
1066,218,109,balanced,mock,10,30,"""2026-05-28T08:58:15.000Z""","""2026-05-28T09:14:15.000Z""",52.17,submitted,"""2026-05-28T08:58:15.000Z""","""2026-05-28T09:14:15.000Z"""
1067,218,62,balanced,mock,14,30,"""2026-05-29T14:10:15.000Z""","""2026-05-29T14:50:15.000Z""",39.29,submitted,"""2026-05-29T14:10:15.000Z""","""2026-05-29T14:50:15.000Z"""
1068,219,171,balanced,mock,13,30,"""2026-05-29T13:28:16.000Z""","""2026-05-29T14:08:16.000Z""",42.31,submitted,"""2026-05-29T13:28:16.000Z""","""2026-05-29T14:08:16.000Z"""
1069,219,171,balanced,mock,14,30,"""2026-05-30T08:05:10.000Z""","""2026-05-30T08:25:10.000Z""",48.15,submitted,"""2026-05-30T08:05:10.000Z""","""2026-05-30T08:25:10.000Z"""
1070,219,171,balanced,mock,12,30,"""2026-05-31T18:04:51.000Z""","""2026-05-31T18:17:51.000Z""",56,submitted,"""2026-05-31T18:04:51.000Z""","""2026-05-31T18:17:51.000Z"""
1071,219,171,balanced,mock,12,30,"""2026-06-01T14:23:21.000Z""","""2026-06-01T14:37:21.000Z""",72.41,submitted,"""2026-06-01T14:23:21.000Z""","""2026-06-01T14:37:21.000Z"""
1072,219,171,balanced,mock,13,30,"""2026-05-13T19:09:21.000Z""","""2026-05-13T19:43:21.000Z""",62.5,submitted,"""2026-05-13T19:09:21.000Z""","""2026-05-13T19:43:21.000Z"""
1073,219,62,balanced,mock,11,30,"""2026-05-22T10:36:47.000Z""","""2026-05-22T10:51:47.000Z""",37.5,submitted,"""2026-05-22T10:36:47.000Z""","""2026-05-22T10:51:47.000Z"""
1074,219,171,balanced,mock,11,30,"""2026-05-16T20:35:39.000Z""","""2026-05-16T21:08:39.000Z""",73.91,submitted,"""2026-05-16T20:35:39.000Z""","""2026-05-16T21:08:39.000Z"""
1075,220,80,balanced,mock,14,30,"""2026-06-08T12:23:53.000Z""","""2026-06-08T13:02:53.000Z""",71.43,submitted,"""2026-06-08T12:23:53.000Z""","""2026-06-08T13:02:53.000Z"""
1076,220,80,balanced,mock,12,30,"""2026-06-09T15:29:52.000Z""","""2026-06-09T16:07:52.000Z""",40,submitted,"""2026-06-09T15:29:52.000Z""","""2026-06-09T16:07:52.000Z"""
1077,220,80,balanced,mock,12,30,"""2026-06-10T10:56:45.000Z""","""2026-06-10T11:27:45.000Z""",85.71,submitted,"""2026-06-10T10:56:45.000Z""","""2026-06-10T11:27:45.000Z"""
1078,220,80,balanced,mock,13,30,"""2026-05-17T11:50:07.000Z""","""2026-05-17T12:07:07.000Z""",44,submitted,"""2026-05-17T11:50:07.000Z""","""2026-05-17T12:07:07.000Z"""
1079,220,10,balanced,mock,12,30,"""2026-05-13T18:17:30.000Z""","""2026-05-13T18:54:30.000Z""",50,submitted,"""2026-05-13T18:17:30.000Z""","""2026-05-13T18:54:30.000Z"""
1080,220,35,balanced,mock,14,30,"""2026-05-26T10:18:24.000Z""","""2026-05-26T10:42:24.000Z""",27.59,submitted,"""2026-05-26T10:18:24.000Z""","""2026-05-26T10:42:24.000Z"""
1081,221,156,balanced,mock,10,30,"""2026-05-08T09:44:09.000Z""","""2026-05-08T10:12:09.000Z""",47.62,submitted,"""2026-05-08T09:44:09.000Z""","""2026-05-08T10:12:09.000Z"""
1082,221,156,balanced,mock,11,30,"""2026-06-03T14:12:55.000Z""","""2026-06-03T14:31:55.000Z""",66.67,submitted,"""2026-06-03T14:12:55.000Z""","""2026-06-03T14:31:55.000Z"""
1083,221,156,balanced,mock,11,30,"""2026-05-05T19:52:33.000Z""","""2026-05-05T20:09:33.000Z""",71.43,submitted,"""2026-05-05T19:52:33.000Z""","""2026-05-05T20:09:33.000Z"""
1084,221,225,balanced,mock,11,30,"""2026-05-08T20:41:19.000Z""","""2026-05-08T21:14:19.000Z""",87.5,submitted,"""2026-05-08T20:41:19.000Z""","""2026-05-08T21:14:19.000Z"""
1085,221,85,balanced,mock,12,30,"""2026-05-30T10:43:19.000Z""","""2026-05-30T11:03:19.000Z""",58.33,submitted,"""2026-05-30T10:43:19.000Z""","""2026-05-30T11:03:19.000Z"""
1086,222,173,balanced,mock,12,30,"""2026-05-14T09:39:38.000Z""","""2026-05-14T10:05:38.000Z""",38.46,submitted,"""2026-05-14T09:39:38.000Z""","""2026-05-14T10:05:38.000Z"""
1087,222,173,balanced,mock,13,30,"""2026-05-15T19:50:42.000Z""","""2026-05-15T20:07:42.000Z""",16.67,submitted,"""2026-05-15T19:50:42.000Z""","""2026-05-15T20:07:42.000Z"""
1088,222,173,balanced,mock,11,30,"""2026-05-16T10:41:30.000Z""","""2026-05-16T11:02:30.000Z""",41.67,submitted,"""2026-05-16T10:41:30.000Z""","""2026-05-16T11:02:30.000Z"""
1089,222,173,balanced,mock,12,30,"""2026-05-17T17:30:28.000Z""","""2026-05-17T17:44:28.000Z""",20.83,submitted,"""2026-05-17T17:30:28.000Z""","""2026-05-17T17:44:28.000Z"""
1090,222,173,balanced,mock,13,30,"""2026-05-18T20:38:20.000Z""","""2026-05-18T20:54:20.000Z""",14.29,submitted,"""2026-05-18T20:38:20.000Z""","""2026-05-18T20:54:20.000Z"""
1091,222,38,balanced,mock,11,30,"""2026-05-19T11:53:32.000Z""","""2026-05-19T12:18:32.000Z""",42.86,submitted,"""2026-05-19T11:53:32.000Z""","""2026-05-19T12:18:32.000Z"""
1092,222,146,balanced,mock,10,30,"""2026-05-20T16:09:15.000Z""","""2026-05-20T16:36:15.000Z""",42.11,submitted,"""2026-05-20T16:09:15.000Z""","""2026-05-20T16:36:15.000Z"""
1093,223,102,balanced,mock,12,30,"""2026-06-04T19:21:34.000Z""","""2026-06-04T19:40:34.000Z""",52,submitted,"""2026-06-04T19:21:34.000Z""","""2026-06-04T19:40:34.000Z"""
1094,223,102,balanced,mock,11,30,"""2026-06-05T16:12:49.000Z""","""2026-06-05T16:27:49.000Z""",54.17,submitted,"""2026-06-05T16:12:49.000Z""","""2026-06-05T16:27:49.000Z"""
1095,223,102,balanced,mock,11,30,"""2026-06-06T18:04:59.000Z""","""2026-06-06T18:32:59.000Z""",52.38,submitted,"""2026-06-06T18:04:59.000Z""","""2026-06-06T18:32:59.000Z"""
1096,223,140,balanced,mock,11,30,"""2026-05-06T12:06:41.000Z""","""2026-05-06T12:32:41.000Z""",81.82,submitted,"""2026-05-06T12:06:41.000Z""","""2026-05-06T12:32:41.000Z"""
1097,223,7,balanced,mock,12,30,"""2026-05-22T11:31:22.000Z""","""2026-05-22T11:44:22.000Z""",76.19,submitted,"""2026-05-22T11:31:22.000Z""","""2026-05-22T11:44:22.000Z"""
1098,224,161,balanced,mock,14,30,"""2026-05-16T19:02:29.000Z""","""2026-05-16T19:36:29.000Z""",68,submitted,"""2026-05-16T19:02:29.000Z""","""2026-05-16T19:36:29.000Z"""
1099,224,161,balanced,mock,13,30,"""2026-05-17T21:36:08.000Z""","""2026-05-17T21:55:08.000Z""",82.14,submitted,"""2026-05-17T21:36:08.000Z""","""2026-05-17T21:55:08.000Z"""
1100,224,161,balanced,mock,13,30,"""2026-05-18T20:50:16.000Z""","""2026-05-18T21:22:16.000Z""",56,submitted,"""2026-05-18T20:50:16.000Z""","""2026-05-18T21:22:16.000Z"""
1101,224,161,balanced,mock,13,30,"""2026-05-19T17:41:39.000Z""","""2026-05-19T17:58:39.000Z""",62.07,submitted,"""2026-05-19T17:41:39.000Z""","""2026-05-19T17:58:39.000Z"""
1102,224,227,balanced,mock,12,30,"""2026-06-11T13:41:16.000Z""","""2026-06-11T14:02:16.000Z""",33.33,submitted,"""2026-06-11T13:41:16.000Z""","""2026-06-11T14:02:16.000Z"""
1103,224,204,balanced,mock,13,30,"""2026-05-28T12:41:37.000Z""","""2026-05-28T12:53:37.000Z""",38.46,submitted,"""2026-05-28T12:41:37.000Z""","""2026-05-28T12:53:37.000Z"""
1104,225,32,balanced,mock,10,30,"""2026-05-16T17:32:20.000Z""","""2026-05-16T17:54:20.000Z""",38.1,submitted,"""2026-05-16T17:32:20.000Z""","""2026-05-16T17:54:20.000Z"""
1105,225,32,balanced,mock,14,30,"""2026-05-17T17:03:55.000Z""","""2026-05-17T17:34:55.000Z""",70,submitted,"""2026-05-17T17:03:55.000Z""","""2026-05-17T17:34:55.000Z"""
1106,225,32,balanced,mock,14,30,"""2026-05-18T08:44:55.000Z""","""2026-05-18T09:17:55.000Z""",69.7,submitted,"""2026-05-18T08:44:55.000Z""","""2026-05-18T09:17:55.000Z"""
1107,225,32,balanced,mock,13,30,"""2026-05-19T12:48:29.000Z""","""2026-05-19T13:13:29.000Z""",79.17,submitted,"""2026-05-19T12:48:29.000Z""","""2026-05-19T13:13:29.000Z"""
1108,225,130,balanced,mock,12,30,"""2026-05-20T13:12:04.000Z""","""2026-05-20T13:37:04.000Z""",46.15,submitted,"""2026-05-20T13:12:04.000Z""","""2026-05-20T13:37:04.000Z"""
1109,225,54,balanced,mock,10,30,"""2026-05-21T14:40:40.000Z""","""2026-05-21T14:59:40.000Z""",45,submitted,"""2026-05-21T14:40:40.000Z""","""2026-05-21T14:59:40.000Z"""
1110,226,84,balanced,mock,12,30,"""2026-05-16T07:23:44.000Z""","""2026-05-16T08:01:44.000Z""",39.13,submitted,"""2026-05-16T07:23:44.000Z""","""2026-05-16T08:01:44.000Z"""
1111,226,84,balanced,mock,11,30,"""2026-05-17T18:59:12.000Z""","""2026-05-17T19:16:12.000Z""",61.9,submitted,"""2026-05-17T18:59:12.000Z""","""2026-05-17T19:16:12.000Z"""
1112,226,84,balanced,mock,12,30,"""2026-05-18T21:35:29.000Z""","""2026-05-18T21:57:29.000Z""",40.74,submitted,"""2026-05-18T21:35:29.000Z""","""2026-05-18T21:57:29.000Z"""
1113,226,84,balanced,mock,10,30,"""2026-05-19T13:38:27.000Z""","""2026-05-19T14:18:27.000Z""",63.16,submitted,"""2026-05-19T13:38:27.000Z""","""2026-05-19T14:18:27.000Z"""
1114,226,84,balanced,mock,10,30,"""2026-05-20T11:23:41.000Z""","""2026-05-20T11:55:41.000Z""",36.36,submitted,"""2026-05-20T11:23:41.000Z""","""2026-05-20T11:55:41.000Z"""
1115,226,103,balanced,mock,10,30,"""2026-05-21T16:25:21.000Z""","""2026-05-21T16:41:21.000Z""",8.7,submitted,"""2026-05-21T16:25:21.000Z""","""2026-05-21T16:41:21.000Z"""
1116,226,48,balanced,mock,12,30,"""2026-05-22T18:15:46.000Z""","""2026-05-22T18:27:46.000Z""",62.5,submitted,"""2026-05-22T18:15:46.000Z""","""2026-05-22T18:27:46.000Z"""
1117,227,66,balanced,mock,11,30,"""2026-06-11T15:13:10.000Z""","""2026-06-11T15:28:10.000Z""",80,submitted,"""2026-06-11T15:13:10.000Z""","""2026-06-11T15:28:10.000Z"""
1118,227,66,balanced,mock,12,30,"""2026-06-12T17:03:14.000Z""","""2026-06-12T17:26:14.000Z""",58.33,submitted,"""2026-06-12T17:03:14.000Z""","""2026-06-12T17:26:14.000Z"""
1119,227,66,balanced,mock,14,30,"""2026-06-13T17:48:04.000Z""","""2026-06-13T18:02:04.000Z""",50,submitted,"""2026-06-13T17:48:04.000Z""","""2026-06-13T18:02:04.000Z"""
1120,227,153,balanced,mock,11,30,"""2026-06-14T08:40:44.000Z""","""2026-06-14T09:18:44.000Z""",43.48,submitted,"""2026-06-14T08:40:44.000Z""","""2026-06-14T09:18:44.000Z"""
1121,227,191,balanced,mock,14,30,"""2026-06-15T10:26:54.000Z""","""2026-06-15T10:58:54.000Z""",55.88,submitted,"""2026-06-15T10:26:54.000Z""","""2026-06-15T10:58:54.000Z"""
1122,228,5,balanced,mock,10,30,"""2026-05-13T07:35:37.000Z""","""2026-05-13T08:07:37.000Z""",36.84,submitted,"""2026-05-13T07:35:37.000Z""","""2026-05-13T08:07:37.000Z"""
1123,228,5,balanced,mock,13,30,"""2026-05-14T09:57:05.000Z""","""2026-05-14T10:28:05.000Z""",50,submitted,"""2026-05-14T09:57:05.000Z""","""2026-05-14T10:28:05.000Z"""
1124,228,5,balanced,mock,11,30,"""2026-05-15T10:39:00.000Z""","""2026-05-15T10:56:00.000Z""",38.1,submitted,"""2026-05-15T10:39:00.000Z""","""2026-05-15T10:56:00.000Z"""
1125,228,5,balanced,mock,13,30,"""2026-05-16T17:36:42.000Z""","""2026-05-16T18:16:42.000Z""",15.38,submitted,"""2026-05-16T17:36:42.000Z""","""2026-05-16T18:16:42.000Z"""
1126,228,52,balanced,mock,12,30,"""2026-05-17T11:16:05.000Z""","""2026-05-17T11:46:05.000Z""",38.89,submitted,"""2026-05-17T11:16:05.000Z""","""2026-05-17T11:46:05.000Z"""
1127,228,172,balanced,mock,10,30,"""2026-05-18T09:28:00.000Z""","""2026-05-18T10:02:00.000Z""",61.11,submitted,"""2026-05-18T09:28:00.000Z""","""2026-05-18T10:02:00.000Z"""
1128,229,52,balanced,mock,10,30,"""2026-06-10T16:11:23.000Z""","""2026-06-10T16:44:23.000Z""",47.06,submitted,"""2026-06-10T16:11:23.000Z""","""2026-06-10T16:44:23.000Z"""
1129,229,52,balanced,mock,11,30,"""2026-06-11T20:11:21.000Z""","""2026-06-11T20:41:21.000Z""",36.84,submitted,"""2026-06-11T20:11:21.000Z""","""2026-06-11T20:41:21.000Z"""
1130,229,52,balanced,mock,13,30,"""2026-06-12T10:11:40.000Z""","""2026-06-12T10:43:40.000Z""",34.48,submitted,"""2026-06-12T10:11:40.000Z""","""2026-06-12T10:43:40.000Z"""
1131,229,134,balanced,mock,12,30,"""2026-06-13T10:07:37.000Z""","""2026-06-13T10:42:37.000Z""",50,submitted,"""2026-06-13T10:07:37.000Z""","""2026-06-13T10:42:37.000Z"""
1132,229,52,balanced,mock,14,30,"""2026-06-14T19:35:58.000Z""","""2026-06-14T19:55:58.000Z""",70.83,submitted,"""2026-06-14T19:35:58.000Z""","""2026-06-14T19:55:58.000Z"""
1133,230,22,balanced,mock,12,30,"""2026-05-25T10:36:12.000Z""","""2026-05-25T11:15:12.000Z""",40.91,submitted,"""2026-05-25T10:36:12.000Z""","""2026-05-25T11:15:12.000Z"""
1134,230,22,balanced,mock,12,30,"""2026-05-26T12:23:23.000Z""","""2026-05-26T13:02:23.000Z""",62.96,submitted,"""2026-05-26T12:23:23.000Z""","""2026-05-26T13:02:23.000Z"""
1135,230,22,balanced,mock,14,30,"""2026-05-27T18:45:18.000Z""","""2026-05-27T18:57:18.000Z""",64.29,submitted,"""2026-05-27T18:45:18.000Z""","""2026-05-27T18:57:18.000Z"""
1136,230,22,balanced,mock,11,30,"""2026-05-28T10:44:08.000Z""","""2026-05-28T11:11:08.000Z""",80.95,submitted,"""2026-05-28T10:44:08.000Z""","""2026-05-28T11:11:08.000Z"""
1137,230,22,balanced,mock,13,30,"""2026-05-29T21:10:13.000Z""","""2026-05-29T21:48:13.000Z""",88.46,submitted,"""2026-05-29T21:10:13.000Z""","""2026-05-29T21:48:13.000Z"""
1138,230,238,balanced,mock,10,30,"""2026-04-29T19:07:57.000Z""","""2026-04-29T19:43:57.000Z""",60,submitted,"""2026-04-29T19:07:57.000Z""","""2026-04-29T19:43:57.000Z"""
1139,230,17,balanced,mock,13,30,"""2026-05-01T11:38:38.000Z""","""2026-05-01T12:11:38.000Z""",79.17,submitted,"""2026-05-01T11:38:38.000Z""","""2026-05-01T12:11:38.000Z"""
1140,231,170,balanced,mock,12,30,"""2026-06-03T10:06:49.000Z""","""2026-06-03T10:34:49.000Z""",45.45,submitted,"""2026-06-03T10:06:49.000Z""","""2026-06-03T10:34:49.000Z"""
1141,231,170,balanced,mock,14,30,"""2026-05-10T08:50:40.000Z""","""2026-05-10T09:10:40.000Z""",57.14,submitted,"""2026-05-10T08:50:40.000Z""","""2026-05-10T09:10:40.000Z"""
1142,231,170,balanced,mock,12,30,"""2026-05-07T18:02:48.000Z""","""2026-05-07T18:26:48.000Z""",70.37,submitted,"""2026-05-07T18:02:48.000Z""","""2026-05-07T18:26:48.000Z"""
1143,231,125,balanced,mock,14,30,"""2026-05-06T18:24:15.000Z""","""2026-05-06T18:50:15.000Z""",69.23,submitted,"""2026-05-06T18:24:15.000Z""","""2026-05-06T18:50:15.000Z"""
1144,231,133,balanced,mock,10,30,"""2026-05-28T15:59:33.000Z""","""2026-05-28T16:27:33.000Z""",63.16,submitted,"""2026-05-28T15:59:33.000Z""","""2026-05-28T16:27:33.000Z"""
1145,232,239,balanced,mock,14,30,"""2026-05-30T10:50:04.000Z""","""2026-05-30T11:04:04.000Z""",44.83,submitted,"""2026-05-30T10:50:04.000Z""","""2026-05-30T11:04:04.000Z"""
1146,232,239,balanced,mock,13,30,"""2026-05-23T09:20:39.000Z""","""2026-05-23T09:33:39.000Z""",56,submitted,"""2026-05-23T09:20:39.000Z""","""2026-05-23T09:33:39.000Z"""
1147,232,239,balanced,mock,11,30,"""2026-05-19T11:19:38.000Z""","""2026-05-19T11:32:38.000Z""",63.64,submitted,"""2026-05-19T11:19:38.000Z""","""2026-05-19T11:32:38.000Z"""
1148,232,233,balanced,mock,10,30,"""2026-04-30T16:33:39.000Z""","""2026-04-30T17:06:39.000Z""",70.59,submitted,"""2026-04-30T16:33:39.000Z""","""2026-04-30T17:06:39.000Z"""
1149,232,3,balanced,mock,11,30,"""2026-05-06T19:30:04.000Z""","""2026-05-06T19:55:04.000Z""",80,submitted,"""2026-05-06T19:30:04.000Z""","""2026-05-06T19:55:04.000Z"""
1150,233,133,balanced,mock,13,30,"""2026-05-24T18:18:30.000Z""","""2026-05-24T18:47:30.000Z""",47.83,submitted,"""2026-05-24T18:18:30.000Z""","""2026-05-24T18:47:30.000Z"""
1151,233,133,balanced,mock,10,30,"""2026-05-25T16:38:59.000Z""","""2026-05-25T17:09:59.000Z""",66.67,submitted,"""2026-05-25T16:38:59.000Z""","""2026-05-25T17:09:59.000Z"""
1152,233,133,balanced,mock,10,30,"""2026-05-26T09:16:14.000Z""","""2026-05-26T09:30:14.000Z""",31.82,submitted,"""2026-05-26T09:16:14.000Z""","""2026-05-26T09:30:14.000Z"""
1153,233,239,balanced,mock,12,30,"""2026-05-27T09:00:58.000Z""","""2026-05-27T09:21:58.000Z""",38.46,submitted,"""2026-05-27T09:00:58.000Z""","""2026-05-27T09:21:58.000Z"""
1154,233,239,balanced,mock,13,30,"""2026-05-28T15:04:40.000Z""","""2026-05-28T15:24:40.000Z""",34.62,submitted,"""2026-05-28T15:04:40.000Z""","""2026-05-28T15:24:40.000Z"""
1155,234,33,balanced,mock,11,30,"""2026-05-08T12:23:08.000Z""","""2026-05-08T12:59:08.000Z""",95.83,submitted,"""2026-05-08T12:23:08.000Z""","""2026-05-08T12:59:08.000Z"""
1156,234,33,balanced,mock,14,30,"""2026-05-09T20:42:26.000Z""","""2026-05-09T21:06:26.000Z""",75.86,submitted,"""2026-05-09T20:42:26.000Z""","""2026-05-09T21:06:26.000Z"""
1157,234,33,balanced,mock,13,30,"""2026-05-10T16:36:57.000Z""","""2026-05-10T17:13:57.000Z""",96.43,submitted,"""2026-05-10T16:36:57.000Z""","""2026-05-10T17:13:57.000Z"""
1158,234,94,balanced,mock,13,30,"""2026-05-16T14:22:48.000Z""","""2026-05-16T15:01:48.000Z""",92.59,submitted,"""2026-05-16T14:22:48.000Z""","""2026-05-16T15:01:48.000Z"""
1159,234,23,balanced,mock,14,30,"""2026-05-15T14:52:14.000Z""","""2026-05-15T15:11:14.000Z""",61.29,submitted,"""2026-05-15T14:52:14.000Z""","""2026-05-15T15:11:14.000Z"""
1160,235,24,balanced,mock,12,30,"""2026-05-14T13:19:47.000Z""","""2026-05-14T13:47:47.000Z""",46.43,submitted,"""2026-05-14T13:19:47.000Z""","""2026-05-14T13:47:47.000Z"""
1161,235,24,balanced,mock,10,30,"""2026-05-15T14:52:43.000Z""","""2026-05-15T15:24:43.000Z""",33.33,submitted,"""2026-05-15T14:52:43.000Z""","""2026-05-15T15:24:43.000Z"""
1162,235,24,balanced,mock,13,30,"""2026-05-16T10:00:15.000Z""","""2026-05-16T10:17:15.000Z""",57.69,submitted,"""2026-05-16T10:00:15.000Z""","""2026-05-16T10:17:15.000Z"""
1163,235,24,balanced,mock,14,30,"""2026-05-17T15:57:23.000Z""","""2026-05-17T16:22:23.000Z""",55.56,submitted,"""2026-05-17T15:57:23.000Z""","""2026-05-17T16:22:23.000Z"""
1164,235,51,balanced,mock,14,30,"""2026-05-09T21:34:41.000Z""","""2026-05-09T21:58:41.000Z""",60.71,submitted,"""2026-05-09T21:34:41.000Z""","""2026-05-09T21:58:41.000Z"""
1165,236,83,balanced,mock,14,30,"""2026-05-11T12:37:31.000Z""","""2026-05-11T13:13:31.000Z""",65.52,submitted,"""2026-05-11T12:37:31.000Z""","""2026-05-11T13:13:31.000Z"""
1166,236,83,balanced,mock,12,30,"""2026-05-12T21:20:52.000Z""","""2026-05-12T21:48:52.000Z""",52.17,submitted,"""2026-05-12T21:20:52.000Z""","""2026-05-12T21:48:52.000Z"""
1167,236,83,balanced,mock,10,30,"""2026-05-13T08:48:53.000Z""","""2026-05-13T09:20:53.000Z""",52.63,submitted,"""2026-05-13T08:48:53.000Z""","""2026-05-13T09:20:53.000Z"""
1168,236,83,balanced,mock,14,30,"""2026-05-18T13:24:57.000Z""","""2026-05-18T13:50:57.000Z""",77.78,submitted,"""2026-05-18T13:24:57.000Z""","""2026-05-18T13:50:57.000Z"""
1169,236,238,balanced,mock,10,30,"""2026-05-28T19:56:55.000Z""","""2026-05-28T20:10:55.000Z""",71.43,submitted,"""2026-05-28T19:56:55.000Z""","""2026-05-28T20:10:55.000Z"""
1170,236,114,balanced,mock,10,30,"""2026-05-17T15:07:29.000Z""","""2026-05-17T15:26:29.000Z""",62.5,submitted,"""2026-05-17T15:07:29.000Z""","""2026-05-17T15:26:29.000Z"""
1171,237,235,balanced,mock,12,30,"""2026-06-09T18:48:09.000Z""","""2026-06-09T19:10:09.000Z""",76,submitted,"""2026-06-09T18:48:09.000Z""","""2026-06-09T19:10:09.000Z"""
1172,237,235,balanced,mock,12,30,"""2026-06-10T09:33:05.000Z""","""2026-06-10T10:06:05.000Z""",73.91,submitted,"""2026-06-10T09:33:05.000Z""","""2026-06-10T10:06:05.000Z"""
1173,237,235,balanced,mock,14,30,"""2026-06-11T12:04:00.000Z""","""2026-06-11T12:43:00.000Z""",57.14,submitted,"""2026-06-11T12:04:00.000Z""","""2026-06-11T12:43:00.000Z"""
1174,237,235,balanced,mock,12,30,"""2026-06-12T11:55:47.000Z""","""2026-06-12T12:34:47.000Z""",50,submitted,"""2026-06-12T11:55:47.000Z""","""2026-06-12T12:34:47.000Z"""
1175,237,233,balanced,mock,12,30,"""2026-06-13T13:09:29.000Z""","""2026-06-13T13:26:29.000Z""",88.89,submitted,"""2026-06-13T13:09:29.000Z""","""2026-06-13T13:26:29.000Z"""
1176,237,30,balanced,mock,12,30,"""2026-06-14T09:57:28.000Z""","""2026-06-14T10:29:28.000Z""",53.85,submitted,"""2026-06-14T09:57:28.000Z""","""2026-06-14T10:29:28.000Z"""
1177,238,34,balanced,mock,14,30,"""2026-05-15T21:09:17.000Z""","""2026-05-15T21:43:17.000Z""",41.38,submitted,"""2026-05-15T21:09:17.000Z""","""2026-05-15T21:43:17.000Z"""
1178,238,34,balanced,mock,13,30,"""2026-05-16T11:23:53.000Z""","""2026-05-16T11:36:53.000Z""",68.97,submitted,"""2026-05-16T11:23:53.000Z""","""2026-05-16T11:36:53.000Z"""
1179,238,34,balanced,mock,14,30,"""2026-05-17T08:36:31.000Z""","""2026-05-17T09:05:31.000Z""",67.74,submitted,"""2026-05-17T08:36:31.000Z""","""2026-05-17T09:05:31.000Z"""
1180,238,12,balanced,mock,12,30,"""2026-05-18T19:46:32.000Z""","""2026-05-18T20:20:32.000Z""",89.66,submitted,"""2026-05-18T19:46:32.000Z""","""2026-05-18T20:20:32.000Z"""
1181,238,44,balanced,mock,11,30,"""2026-05-19T08:05:07.000Z""","""2026-05-19T08:17:07.000Z""",59.09,submitted,"""2026-05-19T08:05:07.000Z""","""2026-05-19T08:17:07.000Z"""
1182,239,11,balanced,mock,11,30,"""2026-05-09T17:34:16.000Z""","""2026-05-09T17:53:16.000Z""",91.3,submitted,"""2026-05-09T17:34:16.000Z""","""2026-05-09T17:53:16.000Z"""
1183,239,11,balanced,mock,13,30,"""2026-06-07T13:02:46.000Z""","""2026-06-07T13:36:46.000Z""",80,submitted,"""2026-06-07T13:02:46.000Z""","""2026-06-07T13:36:46.000Z"""
1184,239,11,balanced,mock,14,30,"""2026-06-10T11:31:12.000Z""","""2026-06-10T11:58:12.000Z""",89.29,submitted,"""2026-06-10T11:31:12.000Z""","""2026-06-10T11:58:12.000Z"""
1185,239,11,balanced,mock,11,30,"""2026-05-27T09:22:22.000Z""","""2026-05-27T09:38:22.000Z""",86.36,submitted,"""2026-05-27T09:22:22.000Z""","""2026-05-27T09:38:22.000Z"""
1186,239,54,balanced,mock,10,30,"""2026-05-14T09:19:30.000Z""","""2026-05-14T09:37:30.000Z""",86.96,submitted,"""2026-05-14T09:19:30.000Z""","""2026-05-14T09:37:30.000Z"""
1187,239,183,balanced,mock,14,30,"""2026-05-21T20:11:59.000Z""","""2026-05-21T20:24:59.000Z""",57.14,submitted,"""2026-05-21T20:11:59.000Z""","""2026-05-21T20:24:59.000Z"""
1188,240,159,balanced,mock,12,30,"""2026-05-09T10:38:04.000Z""","""2026-05-09T11:14:04.000Z""",34.78,submitted,"""2026-05-09T10:38:04.000Z""","""2026-05-09T11:14:04.000Z"""
1189,240,159,balanced,mock,10,30,"""2026-05-10T09:47:55.000Z""","""2026-05-10T10:08:55.000Z""",86.36,submitted,"""2026-05-10T09:47:55.000Z""","""2026-05-10T10:08:55.000Z"""
1190,240,159,balanced,mock,12,30,"""2026-05-11T11:31:39.000Z""","""2026-05-11T12:08:39.000Z""",73.91,submitted,"""2026-05-11T11:31:39.000Z""","""2026-05-11T12:08:39.000Z"""
1191,240,159,balanced,mock,14,30,"""2026-05-12T08:16:42.000Z""","""2026-05-12T08:46:42.000Z""",62.96,submitted,"""2026-05-12T08:16:42.000Z""","""2026-05-12T08:46:42.000Z"""
1192,240,159,balanced,mock,12,30,"""2026-05-13T21:21:37.000Z""","""2026-05-13T21:56:37.000Z""",52,submitted,"""2026-05-13T21:21:37.000Z""","""2026-05-13T21:56:37.000Z"""
1193,240,140,balanced,mock,12,30,"""2026-05-14T12:27:11.000Z""","""2026-05-14T13:00:11.000Z""",71.43,submitted,"""2026-05-14T12:27:11.000Z""","""2026-05-14T13:00:11.000Z"""
1194,240,125,balanced,mock,12,30,"""2026-05-15T19:37:42.000Z""","""2026-05-15T20:15:42.000Z""",70.83,submitted,"""2026-05-15T19:37:42.000Z""","""2026-05-15T20:15:42.000Z"""
1195,241,29,balanced,mock,10,30,"""2026-06-04T08:20:01.000Z""","""2026-06-04T08:36:01.000Z""",75,submitted,"""2026-06-04T08:20:01.000Z""","""2026-06-04T08:36:01.000Z"""
1196,241,29,balanced,mock,13,30,"""2026-06-05T10:16:29.000Z""","""2026-06-05T10:38:29.000Z""",56,submitted,"""2026-06-05T10:16:29.000Z""","""2026-06-05T10:38:29.000Z"""
1197,241,29,balanced,mock,11,30,"""2026-06-06T13:55:13.000Z""","""2026-06-06T14:20:13.000Z""",62.5,submitted,"""2026-06-06T13:55:13.000Z""","""2026-06-06T14:20:13.000Z"""
1198,241,29,balanced,mock,11,30,"""2026-04-29T12:59:51.000Z""","""2026-04-29T13:39:51.000Z""",57.14,submitted,"""2026-04-29T12:59:51.000Z""","""2026-04-29T13:39:51.000Z"""
1199,241,29,balanced,mock,13,30,"""2026-05-29T07:48:17.000Z""","""2026-05-29T08:17:17.000Z""",55.56,submitted,"""2026-05-29T07:48:17.000Z""","""2026-05-29T08:17:17.000Z"""
1200,241,21,balanced,mock,10,30,"""2026-05-28T12:29:03.000Z""","""2026-05-28T12:58:03.000Z""",59.09,submitted,"""2026-05-28T12:29:03.000Z""","""2026-05-28T12:58:03.000Z"""
1201,241,72,balanced,mock,11,30,"""2026-04-28T18:24:52.000Z""","""2026-04-28T18:59:52.000Z""",52.38,submitted,"""2026-04-28T18:24:52.000Z""","""2026-04-28T18:59:52.000Z"""
1202,242,60,balanced,mock,14,30,"""2026-06-03T18:12:27.000Z""","""2026-06-03T18:30:27.000Z""",62.96,submitted,"""2026-06-03T18:12:27.000Z""","""2026-06-03T18:30:27.000Z"""
1203,242,60,balanced,mock,14,30,"""2026-06-04T12:00:10.000Z""","""2026-06-04T12:12:10.000Z""",67.74,submitted,"""2026-06-04T12:00:10.000Z""","""2026-06-04T12:12:10.000Z"""
1204,242,60,balanced,mock,11,30,"""2026-06-05T13:01:59.000Z""","""2026-06-05T13:41:59.000Z""",41.67,submitted,"""2026-06-05T13:01:59.000Z""","""2026-06-05T13:41:59.000Z"""
1205,242,165,balanced,mock,12,30,"""2026-06-06T16:45:27.000Z""","""2026-06-06T16:57:27.000Z""",62.5,submitted,"""2026-06-06T16:45:27.000Z""","""2026-06-06T16:57:27.000Z"""
1206,242,23,balanced,mock,12,30,"""2026-06-07T14:06:08.000Z""","""2026-06-07T14:37:08.000Z""",69.23,submitted,"""2026-06-07T14:06:08.000Z""","""2026-06-07T14:37:08.000Z"""
1207,243,102,balanced,mock,14,30,"""2026-05-16T11:32:29.000Z""","""2026-05-16T12:03:29.000Z""",64.29,submitted,"""2026-05-16T11:32:29.000Z""","""2026-05-16T12:03:29.000Z"""
1208,243,102,balanced,mock,12,30,"""2026-05-17T17:54:44.000Z""","""2026-05-17T18:33:44.000Z""",56.52,submitted,"""2026-05-17T17:54:44.000Z""","""2026-05-17T18:33:44.000Z"""
1209,243,102,balanced,mock,14,30,"""2026-05-18T14:46:31.000Z""","""2026-05-18T15:09:31.000Z""",43.75,submitted,"""2026-05-18T14:46:31.000Z""","""2026-05-18T15:09:31.000Z"""
1210,243,102,balanced,mock,10,30,"""2026-05-04T11:16:54.000Z""","""2026-05-04T11:35:54.000Z""",5.56,submitted,"""2026-05-04T11:16:54.000Z""","""2026-05-04T11:35:54.000Z"""
1211,243,102,balanced,mock,14,30,"""2026-05-19T08:01:40.000Z""","""2026-05-19T08:28:40.000Z""",39.29,submitted,"""2026-05-19T08:01:40.000Z""","""2026-05-19T08:28:40.000Z"""
1212,243,131,balanced,mock,12,30,"""2026-05-10T14:28:41.000Z""","""2026-05-10T15:07:41.000Z""",36.36,submitted,"""2026-05-10T14:28:41.000Z""","""2026-05-10T15:07:41.000Z"""
1213,243,123,balanced,mock,11,30,"""2026-05-23T10:07:53.000Z""","""2026-05-23T10:43:53.000Z""",72.73,submitted,"""2026-05-23T10:07:53.000Z""","""2026-05-23T10:43:53.000Z"""
1214,244,67,balanced,mock,11,30,"""2026-05-21T08:40:40.000Z""","""2026-05-21T08:59:40.000Z""",100,submitted,"""2026-05-21T08:40:40.000Z""","""2026-05-21T08:59:40.000Z"""
1215,244,67,balanced,mock,10,30,"""2026-05-22T10:10:45.000Z""","""2026-05-22T10:39:45.000Z""",85.71,submitted,"""2026-05-22T10:10:45.000Z""","""2026-05-22T10:39:45.000Z"""
1216,244,67,balanced,mock,14,30,"""2026-05-23T10:38:39.000Z""","""2026-05-23T10:51:39.000Z""",68.97,submitted,"""2026-05-23T10:38:39.000Z""","""2026-05-23T10:51:39.000Z"""
1217,244,67,balanced,mock,10,30,"""2026-05-24T18:24:30.000Z""","""2026-05-24T18:47:30.000Z""",100,submitted,"""2026-05-24T18:24:30.000Z""","""2026-05-24T18:47:30.000Z"""
1218,244,67,balanced,mock,11,30,"""2026-05-27T10:00:45.000Z""","""2026-05-27T10:35:45.000Z""",100,submitted,"""2026-05-27T10:00:45.000Z""","""2026-05-27T10:35:45.000Z"""
1219,244,63,balanced,mock,14,30,"""2026-05-18T17:26:31.000Z""","""2026-05-18T17:59:31.000Z""",37.93,submitted,"""2026-05-18T17:26:31.000Z""","""2026-05-18T17:59:31.000Z"""
1220,244,1,balanced,mock,10,30,"""2026-06-12T11:30:50.000Z""","""2026-06-12T11:59:50.000Z""",84.21,submitted,"""2026-06-12T11:30:50.000Z""","""2026-06-12T11:59:50.000Z"""
1221,245,5,balanced,mock,13,30,"""2026-05-12T11:32:04.000Z""","""2026-05-12T11:48:04.000Z""",50,submitted,"""2026-05-12T11:32:04.000Z""","""2026-05-12T11:48:04.000Z"""
1222,245,5,balanced,mock,11,30,"""2026-05-13T18:03:25.000Z""","""2026-05-13T18:32:25.000Z""",70.83,submitted,"""2026-05-13T18:03:25.000Z""","""2026-05-13T18:32:25.000Z"""
1223,245,5,balanced,mock,13,30,"""2026-05-14T13:56:38.000Z""","""2026-05-14T14:31:38.000Z""",70.83,submitted,"""2026-05-14T13:56:38.000Z""","""2026-05-14T14:31:38.000Z"""
1224,245,158,balanced,mock,10,30,"""2026-05-15T08:50:54.000Z""","""2026-05-15T09:03:54.000Z""",75,submitted,"""2026-05-15T08:50:54.000Z""","""2026-05-15T09:03:54.000Z"""
1225,245,139,balanced,mock,14,30,"""2026-05-03T19:30:30.000Z""","""2026-05-03T20:09:30.000Z""",57.14,submitted,"""2026-05-03T19:30:30.000Z""","""2026-05-03T20:09:30.000Z"""
1226,246,47,balanced,mock,12,30,"""2026-05-21T08:40:24.000Z""","""2026-05-21T08:59:24.000Z""",68.18,submitted,"""2026-05-21T08:40:24.000Z""","""2026-05-21T08:59:24.000Z"""
1227,246,47,balanced,mock,12,30,"""2026-05-22T09:55:43.000Z""","""2026-05-22T10:25:43.000Z""",81.82,submitted,"""2026-05-22T09:55:43.000Z""","""2026-05-22T10:25:43.000Z"""
1228,246,47,balanced,mock,13,30,"""2026-05-23T14:41:32.000Z""","""2026-05-23T15:13:32.000Z""",62.07,submitted,"""2026-05-23T14:41:32.000Z""","""2026-05-23T15:13:32.000Z"""
1229,246,47,balanced,mock,10,30,"""2026-05-24T13:06:41.000Z""","""2026-05-24T13:22:41.000Z""",78.95,submitted,"""2026-05-24T13:06:41.000Z""","""2026-05-24T13:22:41.000Z"""
1230,246,47,balanced,mock,14,30,"""2026-05-25T11:39:11.000Z""","""2026-05-25T11:59:11.000Z""",61.29,submitted,"""2026-05-25T11:39:11.000Z""","""2026-05-25T11:59:11.000Z"""
1231,246,169,balanced,mock,10,30,"""2026-05-26T14:34:58.000Z""","""2026-05-26T15:14:58.000Z""",47.62,submitted,"""2026-05-26T14:34:58.000Z""","""2026-05-26T15:14:58.000Z"""
1232,246,146,balanced,mock,10,30,"""2026-05-27T14:50:13.000Z""","""2026-05-27T15:20:13.000Z""",42.11,submitted,"""2026-05-27T14:50:13.000Z""","""2026-05-27T15:20:13.000Z"""
1233,247,57,balanced,mock,11,30,"""2026-06-05T10:21:41.000Z""","""2026-06-05T10:47:41.000Z""",90.48,submitted,"""2026-06-05T10:21:41.000Z""","""2026-06-05T10:47:41.000Z"""
1234,247,57,balanced,mock,13,30,"""2026-05-25T10:18:36.000Z""","""2026-05-25T10:36:36.000Z""",69.7,submitted,"""2026-05-25T10:18:36.000Z""","""2026-05-25T10:36:36.000Z"""
1235,247,57,balanced,mock,13,30,"""2026-05-12T20:16:38.000Z""","""2026-05-12T20:41:38.000Z""",78.57,submitted,"""2026-05-12T20:16:38.000Z""","""2026-05-12T20:41:38.000Z"""
1236,247,57,balanced,mock,12,30,"""2026-06-07T08:36:12.000Z""","""2026-06-07T08:57:12.000Z""",60.87,submitted,"""2026-06-07T08:36:12.000Z""","""2026-06-07T08:57:12.000Z"""
1237,247,232,balanced,mock,10,30,"""2026-05-12T14:31:02.000Z""","""2026-05-12T15:03:02.000Z""",82.35,submitted,"""2026-05-12T14:31:02.000Z""","""2026-05-12T15:03:02.000Z"""
1238,247,232,balanced,mock,14,30,"""2026-05-02T15:43:51.000Z""","""2026-05-02T16:01:51.000Z""",100,submitted,"""2026-05-02T15:43:51.000Z""","""2026-05-02T16:01:51.000Z"""
1239,248,187,balanced,mock,11,30,"""2026-05-21T15:49:19.000Z""","""2026-05-21T16:21:19.000Z""",66.67,submitted,"""2026-05-21T15:49:19.000Z""","""2026-05-21T16:21:19.000Z"""
1240,248,187,balanced,mock,14,30,"""2026-05-22T13:28:58.000Z""","""2026-05-22T13:53:58.000Z""",66.67,submitted,"""2026-05-22T13:28:58.000Z""","""2026-05-22T13:53:58.000Z"""
1241,248,187,balanced,mock,10,30,"""2026-05-23T17:47:26.000Z""","""2026-05-23T18:03:26.000Z""",85.71,submitted,"""2026-05-23T17:47:26.000Z""","""2026-05-23T18:03:26.000Z"""
1242,248,187,balanced,mock,10,30,"""2026-05-11T12:33:29.000Z""","""2026-05-11T13:10:29.000Z""",77.27,submitted,"""2026-05-11T12:33:29.000Z""","""2026-05-11T13:10:29.000Z"""
1243,248,187,balanced,mock,12,30,"""2026-05-21T18:26:03.000Z""","""2026-05-21T18:47:03.000Z""",79.17,submitted,"""2026-05-21T18:26:03.000Z""","""2026-05-21T18:47:03.000Z"""
1244,248,94,balanced,mock,13,30,"""2026-05-18T12:56:44.000Z""","""2026-05-18T13:30:44.000Z""",77.78,submitted,"""2026-05-18T12:56:44.000Z""","""2026-05-18T13:30:44.000Z"""
1245,248,94,balanced,mock,12,30,"""2026-05-26T17:13:16.000Z""","""2026-05-26T17:25:16.000Z""",100,submitted,"""2026-05-26T17:13:16.000Z""","""2026-05-26T17:25:16.000Z"""
1246,249,139,balanced,mock,13,30,"""2026-06-08T17:31:47.000Z""","""2026-06-08T18:00:47.000Z""",48.15,submitted,"""2026-06-08T17:31:47.000Z""","""2026-06-08T18:00:47.000Z"""
1247,249,139,balanced,mock,13,30,"""2026-06-09T11:08:29.000Z""","""2026-06-09T11:29:29.000Z""",36,submitted,"""2026-06-09T11:08:29.000Z""","""2026-06-09T11:29:29.000Z"""
1248,249,139,balanced,mock,11,30,"""2026-06-10T07:33:55.000Z""","""2026-06-10T08:02:55.000Z""",50,submitted,"""2026-06-10T07:33:55.000Z""","""2026-06-10T08:02:55.000Z"""
1249,249,141,balanced,mock,14,30,"""2026-06-11T08:43:43.000Z""","""2026-06-11T09:05:43.000Z""",27.59,submitted,"""2026-06-11T08:43:43.000Z""","""2026-06-11T09:05:43.000Z"""
1250,249,141,balanced,mock,14,30,"""2026-06-12T17:16:00.000Z""","""2026-06-12T17:38:00.000Z""",48.15,submitted,"""2026-06-12T17:16:00.000Z""","""2026-06-12T17:38:00.000Z"""
1251,250,162,balanced,mock,12,30,"""2026-05-17T15:17:24.000Z""","""2026-05-17T15:31:24.000Z""",56,submitted,"""2026-05-17T15:17:24.000Z""","""2026-05-17T15:31:24.000Z"""
1252,250,162,balanced,mock,14,30,"""2026-05-18T16:00:14.000Z""","""2026-05-18T16:18:14.000Z""",67.86,submitted,"""2026-05-18T16:00:14.000Z""","""2026-05-18T16:18:14.000Z"""
1253,250,162,balanced,mock,14,30,"""2026-05-19T17:18:17.000Z""","""2026-05-19T17:57:17.000Z""",53.33,submitted,"""2026-05-19T17:18:17.000Z""","""2026-05-19T17:57:17.000Z"""
1254,250,162,balanced,mock,13,30,"""2026-05-20T12:12:24.000Z""","""2026-05-20T12:31:24.000Z""",71.43,submitted,"""2026-05-20T12:12:24.000Z""","""2026-05-20T12:31:24.000Z"""
1255,250,26,balanced,mock,13,30,"""2026-05-21T16:16:49.000Z""","""2026-05-21T16:29:49.000Z""",76.92,submitted,"""2026-05-21T16:16:49.000Z""","""2026-05-21T16:29:49.000Z"""
1256,250,162,balanced,mock,10,30,"""2026-05-22T16:55:48.000Z""","""2026-05-22T17:23:48.000Z""",50,submitted,"""2026-05-22T16:55:48.000Z""","""2026-05-22T17:23:48.000Z"""
1257,251,20,balanced,mock,12,30,"""2026-06-06T08:40:56.000Z""","""2026-06-06T09:08:56.000Z""",28.57,submitted,"""2026-06-06T08:40:56.000Z""","""2026-06-06T09:08:56.000Z"""
1258,251,20,balanced,mock,12,30,"""2026-06-07T13:35:10.000Z""","""2026-06-07T14:14:10.000Z""",36,submitted,"""2026-06-07T13:35:10.000Z""","""2026-06-07T14:14:10.000Z"""
1259,251,20,balanced,mock,12,30,"""2026-06-08T10:56:55.000Z""","""2026-06-08T11:08:55.000Z""",36.84,submitted,"""2026-06-08T10:56:55.000Z""","""2026-06-08T11:08:55.000Z"""
1260,251,20,balanced,mock,14,30,"""2026-06-09T17:51:46.000Z""","""2026-06-09T18:08:46.000Z""",41.38,submitted,"""2026-06-09T17:51:46.000Z""","""2026-06-09T18:08:46.000Z"""
1261,251,20,balanced,mock,11,30,"""2026-05-25T18:02:58.000Z""","""2026-05-25T18:22:58.000Z""",47.62,submitted,"""2026-05-25T18:02:58.000Z""","""2026-05-25T18:22:58.000Z"""
1262,251,14,balanced,mock,13,30,"""2026-05-10T18:38:20.000Z""","""2026-05-10T19:13:20.000Z""",55.56,submitted,"""2026-05-10T18:38:20.000Z""","""2026-05-10T19:13:20.000Z"""
1263,251,20,balanced,mock,11,30,"""2026-05-31T19:30:41.000Z""","""2026-05-31T20:07:41.000Z""",40,submitted,"""2026-05-31T19:30:41.000Z""","""2026-05-31T20:07:41.000Z"""
1264,252,53,balanced,mock,14,30,"""2026-05-29T16:18:42.000Z""","""2026-05-29T16:49:42.000Z""",26.67,submitted,"""2026-05-29T16:18:42.000Z""","""2026-05-29T16:49:42.000Z"""
1265,252,53,balanced,mock,14,30,"""2026-05-30T13:09:21.000Z""","""2026-05-30T13:39:21.000Z""",35.48,submitted,"""2026-05-30T13:09:21.000Z""","""2026-05-30T13:39:21.000Z"""
1266,252,53,balanced,mock,14,30,"""2026-05-31T14:16:23.000Z""","""2026-05-31T14:52:23.000Z""",46.43,submitted,"""2026-05-31T14:16:23.000Z""","""2026-05-31T14:52:23.000Z"""
1267,252,53,balanced,mock,10,30,"""2026-06-01T12:53:39.000Z""","""2026-06-01T13:09:39.000Z""",12.5,submitted,"""2026-06-01T12:53:39.000Z""","""2026-06-01T13:09:39.000Z"""
1268,252,52,balanced,mock,10,30,"""2026-06-02T19:29:55.000Z""","""2026-06-02T19:43:55.000Z""",10,submitted,"""2026-06-02T19:29:55.000Z""","""2026-06-02T19:43:55.000Z"""
1269,252,232,balanced,mock,10,30,"""2026-06-03T09:41:40.000Z""","""2026-06-03T10:10:40.000Z""",27.78,submitted,"""2026-06-03T09:41:40.000Z""","""2026-06-03T10:10:40.000Z"""
1270,253,205,balanced,mock,11,30,"""2026-05-19T20:24:58.000Z""","""2026-05-19T20:42:58.000Z""",64.71,submitted,"""2026-05-19T20:24:58.000Z""","""2026-05-19T20:42:58.000Z"""
1271,253,205,balanced,mock,14,30,"""2026-05-20T15:30:52.000Z""","""2026-05-20T16:00:52.000Z""",56.25,submitted,"""2026-05-20T15:30:52.000Z""","""2026-05-20T16:00:52.000Z"""
1272,253,205,balanced,mock,12,30,"""2026-05-21T17:31:57.000Z""","""2026-05-21T17:45:57.000Z""",66.67,submitted,"""2026-05-21T17:31:57.000Z""","""2026-05-21T17:45:57.000Z"""
1273,253,205,balanced,mock,12,30,"""2026-05-22T09:05:04.000Z""","""2026-05-22T09:22:04.000Z""",58.33,submitted,"""2026-05-22T09:05:04.000Z""","""2026-05-22T09:22:04.000Z"""
1274,253,205,balanced,mock,13,30,"""2026-05-17T08:13:34.000Z""","""2026-05-17T08:42:34.000Z""",53.57,submitted,"""2026-05-17T08:13:34.000Z""","""2026-05-17T08:42:34.000Z"""
1275,253,183,balanced,mock,10,30,"""2026-04-29T18:53:07.000Z""","""2026-04-29T19:28:07.000Z""",47.83,submitted,"""2026-04-29T18:53:07.000Z""","""2026-04-29T19:28:07.000Z"""
1276,253,102,balanced,mock,12,30,"""2026-06-04T11:53:08.000Z""","""2026-06-04T12:05:08.000Z""",80,submitted,"""2026-06-04T11:53:08.000Z""","""2026-06-04T12:05:08.000Z"""
1277,254,7,balanced,mock,10,30,"""2026-05-10T09:27:52.000Z""","""2026-05-10T09:42:52.000Z""",22.73,submitted,"""2026-05-10T09:27:52.000Z""","""2026-05-10T09:42:52.000Z"""
1278,254,7,balanced,mock,13,30,"""2026-05-11T08:39:12.000Z""","""2026-05-11T08:56:12.000Z""",25.93,submitted,"""2026-05-11T08:39:12.000Z""","""2026-05-11T08:56:12.000Z"""
1279,254,7,balanced,mock,10,30,"""2026-05-12T11:52:25.000Z""","""2026-05-12T12:24:25.000Z""",20,submitted,"""2026-05-12T11:52:25.000Z""","""2026-05-12T12:24:25.000Z"""
1280,254,7,balanced,mock,10,30,"""2026-05-13T11:54:51.000Z""","""2026-05-13T12:22:51.000Z""",36.84,submitted,"""2026-05-13T11:54:51.000Z""","""2026-05-13T12:22:51.000Z"""
1281,254,171,balanced,mock,13,30,"""2026-05-14T14:03:23.000Z""","""2026-05-14T14:16:23.000Z""",53.85,submitted,"""2026-05-14T14:03:23.000Z""","""2026-05-14T14:16:23.000Z"""
1282,255,38,balanced,mock,11,30,"""2026-05-14T20:44:07.000Z""","""2026-05-14T21:20:07.000Z""",91.3,submitted,"""2026-05-14T20:44:07.000Z""","""2026-05-14T21:20:07.000Z"""
1283,255,38,balanced,mock,10,30,"""2026-05-15T19:45:50.000Z""","""2026-05-15T20:07:50.000Z""",88.89,submitted,"""2026-05-15T19:45:50.000Z""","""2026-05-15T20:07:50.000Z"""
1284,255,38,balanced,mock,10,30,"""2026-05-16T15:45:24.000Z""","""2026-05-16T16:25:24.000Z""",45.45,submitted,"""2026-05-16T15:45:24.000Z""","""2026-05-16T16:25:24.000Z"""
1285,255,38,balanced,mock,12,30,"""2026-05-17T19:52:25.000Z""","""2026-05-17T20:19:25.000Z""",88,submitted,"""2026-05-17T19:52:25.000Z""","""2026-05-17T20:19:25.000Z"""
1286,255,13,balanced,mock,10,30,"""2026-05-18T15:56:40.000Z""","""2026-05-18T16:16:40.000Z""",52.63,submitted,"""2026-05-18T15:56:40.000Z""","""2026-05-18T16:16:40.000Z"""
1287,255,80,balanced,mock,11,30,"""2026-06-06T12:48:59.000Z""","""2026-06-06T13:27:59.000Z""",95,submitted,"""2026-06-06T12:48:59.000Z""","""2026-06-06T13:27:59.000Z"""
1288,256,208,balanced,mock,10,30,"""2026-05-10T07:44:38.000Z""","""2026-05-10T08:04:38.000Z""",100,submitted,"""2026-05-10T07:44:38.000Z""","""2026-05-10T08:04:38.000Z"""
1289,256,208,balanced,mock,12,30,"""2026-05-11T08:36:26.000Z""","""2026-05-11T09:07:26.000Z""",82.14,submitted,"""2026-05-11T08:36:26.000Z""","""2026-05-11T09:07:26.000Z"""
1290,256,208,balanced,mock,14,30,"""2026-05-12T16:09:37.000Z""","""2026-05-12T16:25:37.000Z""",80.77,submitted,"""2026-05-12T16:09:37.000Z""","""2026-05-12T16:25:37.000Z"""
1291,256,208,balanced,mock,13,30,"""2026-05-13T08:58:44.000Z""","""2026-05-13T09:12:44.000Z""",100,submitted,"""2026-05-13T08:58:44.000Z""","""2026-05-13T09:12:44.000Z"""
1292,256,227,balanced,mock,12,30,"""2026-05-15T20:32:16.000Z""","""2026-05-15T21:08:16.000Z""",69.23,submitted,"""2026-05-15T20:32:16.000Z""","""2026-05-15T21:08:16.000Z"""
1293,256,177,balanced,mock,10,30,"""2026-04-28T15:19:32.000Z""","""2026-04-28T15:44:32.000Z""",75,submitted,"""2026-04-28T15:19:32.000Z""","""2026-04-28T15:44:32.000Z"""
1294,257,239,balanced,mock,12,30,"""2026-06-11T10:43:13.000Z""","""2026-06-11T10:58:13.000Z""",79.17,submitted,"""2026-06-11T10:43:13.000Z""","""2026-06-11T10:58:13.000Z"""
1295,257,239,balanced,mock,13,30,"""2026-05-10T13:49:20.000Z""","""2026-05-10T14:25:20.000Z""",92,submitted,"""2026-05-10T13:49:20.000Z""","""2026-05-10T14:25:20.000Z"""
1296,257,239,balanced,mock,10,30,"""2026-06-12T08:37:04.000Z""","""2026-06-12T09:15:04.000Z""",66.67,submitted,"""2026-06-12T08:37:04.000Z""","""2026-06-12T09:15:04.000Z"""
1297,257,239,balanced,mock,10,30,"""2026-05-25T09:45:29.000Z""","""2026-05-25T10:05:29.000Z""",50,submitted,"""2026-05-25T09:45:29.000Z""","""2026-05-25T10:05:29.000Z"""
1298,257,130,balanced,mock,14,30,"""2026-05-08T12:50:00.000Z""","""2026-05-08T13:07:00.000Z""",71.43,submitted,"""2026-05-08T12:50:00.000Z""","""2026-05-08T13:07:00.000Z"""
1299,257,70,balanced,mock,11,30,"""2026-06-09T19:30:53.000Z""","""2026-06-09T19:52:53.000Z""",62.5,submitted,"""2026-06-09T19:30:53.000Z""","""2026-06-09T19:52:53.000Z"""
1300,258,114,balanced,mock,12,30,"""2026-05-14T18:54:34.000Z""","""2026-05-14T19:18:34.000Z""",21.74,submitted,"""2026-05-14T18:54:34.000Z""","""2026-05-14T19:18:34.000Z"""
1301,258,114,balanced,mock,12,30,"""2026-05-15T08:10:24.000Z""","""2026-05-15T08:33:24.000Z""",38.46,submitted,"""2026-05-15T08:10:24.000Z""","""2026-05-15T08:33:24.000Z"""
1302,258,114,balanced,mock,14,30,"""2026-05-16T13:34:40.000Z""","""2026-05-16T13:55:40.000Z""",16.67,submitted,"""2026-05-16T13:34:40.000Z""","""2026-05-16T13:55:40.000Z"""
1303,258,26,balanced,mock,11,30,"""2026-05-17T19:31:42.000Z""","""2026-05-17T20:03:42.000Z""",35,submitted,"""2026-05-17T19:31:42.000Z""","""2026-05-17T20:03:42.000Z"""
1304,258,68,balanced,mock,14,30,"""2026-05-18T10:39:21.000Z""","""2026-05-18T11:16:21.000Z""",20,submitted,"""2026-05-18T10:39:21.000Z""","""2026-05-18T11:16:21.000Z"""
1305,259,23,balanced,mock,12,30,"""2026-05-10T15:57:42.000Z""","""2026-05-10T16:10:42.000Z""",56,submitted,"""2026-05-10T15:57:42.000Z""","""2026-05-10T16:10:42.000Z"""
1306,259,23,balanced,mock,14,30,"""2026-05-11T21:09:30.000Z""","""2026-05-11T21:31:30.000Z""",40,submitted,"""2026-05-11T21:09:30.000Z""","""2026-05-11T21:31:30.000Z"""
1307,259,23,balanced,mock,14,30,"""2026-05-12T11:57:55.000Z""","""2026-05-12T12:24:55.000Z""",55.56,submitted,"""2026-05-12T11:57:55.000Z""","""2026-05-12T12:24:55.000Z"""
1308,259,23,balanced,mock,11,30,"""2026-05-13T16:27:03.000Z""","""2026-05-13T16:42:03.000Z""",30,submitted,"""2026-05-13T16:27:03.000Z""","""2026-05-13T16:42:03.000Z"""
1309,259,23,balanced,mock,11,30,"""2026-05-14T17:22:35.000Z""","""2026-05-14T17:47:35.000Z""",45,submitted,"""2026-05-14T17:22:35.000Z""","""2026-05-14T17:47:35.000Z"""
1310,259,8,balanced,mock,12,30,"""2026-06-03T09:21:01.000Z""","""2026-06-03T10:00:01.000Z""",13.04,submitted,"""2026-06-03T09:21:01.000Z""","""2026-06-03T10:00:01.000Z"""
1311,260,32,balanced,mock,13,30,"""2026-05-22T09:29:16.000Z""","""2026-05-22T10:00:16.000Z""",35.71,submitted,"""2026-05-22T09:29:16.000Z""","""2026-05-22T10:00:16.000Z"""
1312,260,32,balanced,mock,13,30,"""2026-05-23T15:43:27.000Z""","""2026-05-23T16:11:27.000Z""",57.69,submitted,"""2026-05-23T15:43:27.000Z""","""2026-05-23T16:11:27.000Z"""
1313,260,32,balanced,mock,10,30,"""2026-05-24T08:49:25.000Z""","""2026-05-24T09:14:25.000Z""",71.43,submitted,"""2026-05-24T08:49:25.000Z""","""2026-05-24T09:14:25.000Z"""
1314,260,32,balanced,mock,10,30,"""2026-06-01T14:17:38.000Z""","""2026-06-01T14:39:38.000Z""",55,submitted,"""2026-06-01T14:17:38.000Z""","""2026-06-01T14:39:38.000Z"""
1315,260,32,balanced,mock,14,30,"""2026-06-06T11:56:44.000Z""","""2026-06-06T12:19:44.000Z""",25.93,submitted,"""2026-06-06T11:56:44.000Z""","""2026-06-06T12:19:44.000Z"""
1316,260,166,balanced,mock,13,30,"""2026-05-11T17:43:16.000Z""","""2026-05-11T18:19:16.000Z""",69.23,submitted,"""2026-05-11T17:43:16.000Z""","""2026-05-11T18:19:16.000Z"""
1317,260,155,balanced,mock,13,30,"""2026-05-27T20:08:48.000Z""","""2026-05-27T20:40:48.000Z""",53.57,submitted,"""2026-05-27T20:08:48.000Z""","""2026-05-27T20:40:48.000Z"""
1318,261,9,balanced,mock,14,30,"""2026-05-16T16:51:16.000Z""","""2026-05-16T17:26:16.000Z""",80,submitted,"""2026-05-16T16:51:16.000Z""","""2026-05-16T17:26:16.000Z"""
1319,261,9,balanced,mock,10,30,"""2026-05-17T18:46:18.000Z""","""2026-05-17T19:04:18.000Z""",50,submitted,"""2026-05-17T18:46:18.000Z""","""2026-05-17T19:04:18.000Z"""
1320,261,9,balanced,mock,14,30,"""2026-05-18T20:33:08.000Z""","""2026-05-18T20:59:08.000Z""",50,submitted,"""2026-05-18T20:33:08.000Z""","""2026-05-18T20:59:08.000Z"""
1321,261,9,balanced,mock,11,30,"""2026-05-19T10:37:29.000Z""","""2026-05-19T10:55:29.000Z""",56.52,submitted,"""2026-05-19T10:37:29.000Z""","""2026-05-19T10:55:29.000Z"""
1322,261,9,balanced,mock,14,30,"""2026-05-20T15:32:07.000Z""","""2026-05-20T16:04:07.000Z""",40,submitted,"""2026-05-20T15:32:07.000Z""","""2026-05-20T16:04:07.000Z"""
1323,261,9,balanced,mock,13,30,"""2026-05-21T18:50:16.000Z""","""2026-05-21T19:07:16.000Z""",74.07,submitted,"""2026-05-21T18:50:16.000Z""","""2026-05-21T19:07:16.000Z"""
1324,261,9,balanced,mock,10,30,"""2026-05-22T11:21:26.000Z""","""2026-05-22T11:59:26.000Z""",60,submitted,"""2026-05-22T11:21:26.000Z""","""2026-05-22T11:59:26.000Z"""
1325,262,227,balanced,mock,13,30,"""2026-05-09T14:31:28.000Z""","""2026-05-09T15:03:28.000Z""",51.85,submitted,"""2026-05-09T14:31:28.000Z""","""2026-05-09T15:03:28.000Z"""
1326,262,227,balanced,mock,12,30,"""2026-05-10T19:41:15.000Z""","""2026-05-10T20:13:15.000Z""",48.15,submitted,"""2026-05-10T19:41:15.000Z""","""2026-05-10T20:13:15.000Z"""
1327,262,227,balanced,mock,14,30,"""2026-05-11T11:54:15.000Z""","""2026-05-11T12:07:15.000Z""",41.38,submitted,"""2026-05-11T11:54:15.000Z""","""2026-05-11T12:07:15.000Z"""
1328,262,227,balanced,mock,13,30,"""2026-05-12T21:14:16.000Z""","""2026-05-12T21:48:16.000Z""",53.57,submitted,"""2026-05-12T21:14:16.000Z""","""2026-05-12T21:48:16.000Z"""
1329,262,229,balanced,mock,14,30,"""2026-05-13T20:20:08.000Z""","""2026-05-13T20:55:08.000Z""",53.13,submitted,"""2026-05-13T20:20:08.000Z""","""2026-05-13T20:55:08.000Z"""
1330,262,226,balanced,mock,12,30,"""2026-05-14T14:24:24.000Z""","""2026-05-14T15:00:24.000Z""",8.7,submitted,"""2026-05-14T14:24:24.000Z""","""2026-05-14T15:00:24.000Z"""
1331,263,38,balanced,mock,14,30,"""2026-06-01T13:24:37.000Z""","""2026-06-01T13:46:37.000Z""",23.08,submitted,"""2026-06-01T13:24:37.000Z""","""2026-06-01T13:46:37.000Z"""
1332,263,38,balanced,mock,13,30,"""2026-06-02T17:45:14.000Z""","""2026-06-02T17:59:14.000Z""",44.44,submitted,"""2026-06-02T17:45:14.000Z""","""2026-06-02T17:59:14.000Z"""
1333,263,38,balanced,mock,13,30,"""2026-06-03T20:39:27.000Z""","""2026-06-03T21:02:27.000Z""",52,submitted,"""2026-06-03T20:39:27.000Z""","""2026-06-03T21:02:27.000Z"""
1334,263,38,balanced,mock,13,30,"""2026-06-04T16:07:45.000Z""","""2026-06-04T16:33:45.000Z""",36,submitted,"""2026-06-04T16:07:45.000Z""","""2026-06-04T16:33:45.000Z"""
1335,263,38,balanced,mock,10,30,"""2026-05-20T09:08:25.000Z""","""2026-05-20T09:44:25.000Z""",55,submitted,"""2026-05-20T09:08:25.000Z""","""2026-05-20T09:44:25.000Z"""
1336,263,150,balanced,mock,11,30,"""2026-05-13T11:10:29.000Z""","""2026-05-13T11:36:29.000Z""",78.26,submitted,"""2026-05-13T11:10:29.000Z""","""2026-05-13T11:36:29.000Z"""
1337,264,188,balanced,mock,13,30,"""2026-06-03T16:55:58.000Z""","""2026-06-03T17:07:58.000Z""",44.44,submitted,"""2026-06-03T16:55:58.000Z""","""2026-06-03T17:07:58.000Z"""
1338,264,188,balanced,mock,14,30,"""2026-06-04T11:58:50.000Z""","""2026-06-04T12:16:50.000Z""",65.52,submitted,"""2026-06-04T11:58:50.000Z""","""2026-06-04T12:16:50.000Z"""
1339,264,188,balanced,mock,11,30,"""2026-06-05T12:51:20.000Z""","""2026-06-05T13:25:20.000Z""",42.86,submitted,"""2026-06-05T12:51:20.000Z""","""2026-06-05T13:25:20.000Z"""
1340,264,188,balanced,mock,12,30,"""2026-06-06T21:05:26.000Z""","""2026-06-06T21:20:26.000Z""",31.82,submitted,"""2026-06-06T21:05:26.000Z""","""2026-06-06T21:20:26.000Z"""
1341,264,161,balanced,mock,10,30,"""2026-06-07T16:29:41.000Z""","""2026-06-07T16:56:41.000Z""",55,submitted,"""2026-06-07T16:29:41.000Z""","""2026-06-07T16:56:41.000Z"""
1342,264,188,balanced,mock,14,30,"""2026-06-08T17:01:28.000Z""","""2026-06-08T17:39:28.000Z""",75,submitted,"""2026-06-08T17:01:28.000Z""","""2026-06-08T17:39:28.000Z"""
1343,265,38,balanced,mock,11,30,"""2026-06-09T15:39:17.000Z""","""2026-06-09T15:58:17.000Z""",66.67,submitted,"""2026-06-09T15:39:17.000Z""","""2026-06-09T15:58:17.000Z"""
1344,265,38,balanced,mock,11,30,"""2026-06-10T17:53:00.000Z""","""2026-06-10T18:14:00.000Z""",91.3,submitted,"""2026-06-10T17:53:00.000Z""","""2026-06-10T18:14:00.000Z"""
1345,265,38,balanced,mock,10,30,"""2026-06-11T18:41:42.000Z""","""2026-06-11T19:00:42.000Z""",90.91,submitted,"""2026-06-11T18:41:42.000Z""","""2026-06-11T19:00:42.000Z"""
1346,265,38,balanced,mock,13,30,"""2026-06-12T17:37:06.000Z""","""2026-06-12T17:59:06.000Z""",79.17,submitted,"""2026-06-12T17:37:06.000Z""","""2026-06-12T17:59:06.000Z"""
1347,265,38,balanced,mock,11,30,"""2026-06-13T14:02:10.000Z""","""2026-06-13T14:40:10.000Z""",79.17,submitted,"""2026-06-13T14:02:10.000Z""","""2026-06-13T14:40:10.000Z"""
1348,265,97,balanced,mock,12,30,"""2026-06-14T19:51:28.000Z""","""2026-06-14T20:04:28.000Z""",63.64,submitted,"""2026-06-14T19:51:28.000Z""","""2026-06-14T20:04:28.000Z"""
1349,265,175,balanced,mock,14,30,"""2026-06-15T15:04:36.000Z""","""2026-06-15T15:18:36.000Z""",75,submitted,"""2026-06-15T15:04:36.000Z""","""2026-06-15T15:18:36.000Z"""
1350,266,79,balanced,mock,10,30,"""2026-06-07T12:49:27.000Z""","""2026-06-07T13:14:27.000Z""",50,submitted,"""2026-06-07T12:49:27.000Z""","""2026-06-07T13:14:27.000Z"""
1351,266,79,balanced,mock,10,30,"""2026-06-08T13:37:39.000Z""","""2026-06-08T14:01:39.000Z""",40,submitted,"""2026-06-08T13:37:39.000Z""","""2026-06-08T14:01:39.000Z"""
1352,266,79,balanced,mock,11,30,"""2026-06-09T14:46:35.000Z""","""2026-06-09T15:23:35.000Z""",54.55,submitted,"""2026-06-09T14:46:35.000Z""","""2026-06-09T15:23:35.000Z"""
1353,266,79,balanced,mock,10,30,"""2026-06-10T18:32:11.000Z""","""2026-06-10T18:44:11.000Z""",70,submitted,"""2026-06-10T18:32:11.000Z""","""2026-06-10T18:44:11.000Z"""
1354,266,79,balanced,mock,13,30,"""2026-06-11T14:33:35.000Z""","""2026-06-11T15:04:35.000Z""",33.33,submitted,"""2026-06-11T14:33:35.000Z""","""2026-06-11T15:04:35.000Z"""
1355,266,165,balanced,mock,13,30,"""2026-06-12T10:04:24.000Z""","""2026-06-12T10:18:24.000Z""",62.96,submitted,"""2026-06-12T10:04:24.000Z""","""2026-06-12T10:18:24.000Z"""
1356,266,97,balanced,mock,10,30,"""2026-06-13T16:35:35.000Z""","""2026-06-13T17:10:35.000Z""",100,submitted,"""2026-06-13T16:35:35.000Z""","""2026-06-13T17:10:35.000Z"""
1357,267,107,balanced,mock,11,30,"""2026-05-17T15:06:25.000Z""","""2026-05-17T15:29:25.000Z""",45.45,submitted,"""2026-05-17T15:06:25.000Z""","""2026-05-17T15:29:25.000Z"""
1358,267,107,balanced,mock,14,30,"""2026-05-18T09:22:23.000Z""","""2026-05-18T09:38:23.000Z""",22.22,submitted,"""2026-05-18T09:22:23.000Z""","""2026-05-18T09:38:23.000Z"""
1359,267,107,balanced,mock,14,30,"""2026-05-19T10:57:55.000Z""","""2026-05-19T11:16:55.000Z""",17.86,submitted,"""2026-05-19T10:57:55.000Z""","""2026-05-19T11:16:55.000Z"""
1360,267,34,balanced,mock,12,30,"""2026-06-06T17:44:20.000Z""","""2026-06-06T18:04:20.000Z""",72.73,submitted,"""2026-06-06T17:44:20.000Z""","""2026-06-06T18:04:20.000Z"""
1361,267,172,balanced,mock,14,30,"""2026-05-29T12:55:34.000Z""","""2026-05-29T13:28:34.000Z""",60,submitted,"""2026-05-29T12:55:34.000Z""","""2026-05-29T13:28:34.000Z"""
1362,268,38,balanced,mock,12,30,"""2026-05-17T10:39:57.000Z""","""2026-05-17T11:15:57.000Z""",52,submitted,"""2026-05-17T10:39:57.000Z""","""2026-05-17T11:15:57.000Z"""
1363,268,38,balanced,mock,14,30,"""2026-05-18T16:14:08.000Z""","""2026-05-18T16:43:08.000Z""",39.29,submitted,"""2026-05-18T16:14:08.000Z""","""2026-05-18T16:43:08.000Z"""
1364,268,38,balanced,mock,11,30,"""2026-05-19T10:28:05.000Z""","""2026-05-19T10:40:05.000Z""",59.09,submitted,"""2026-05-19T10:28:05.000Z""","""2026-05-19T10:40:05.000Z"""
1365,268,126,balanced,mock,11,30,"""2026-05-20T09:49:59.000Z""","""2026-05-20T10:29:59.000Z""",45,submitted,"""2026-05-20T09:49:59.000Z""","""2026-05-20T10:29:59.000Z"""
1366,268,46,balanced,mock,10,30,"""2026-05-14T15:49:12.000Z""","""2026-05-14T16:17:12.000Z""",50,submitted,"""2026-05-14T15:49:12.000Z""","""2026-05-14T16:17:12.000Z"""
1367,269,226,balanced,mock,13,30,"""2026-05-18T17:50:00.000Z""","""2026-05-18T18:25:00.000Z""",37.5,submitted,"""2026-05-18T17:50:00.000Z""","""2026-05-18T18:25:00.000Z"""
1368,269,226,balanced,mock,14,30,"""2026-05-19T12:15:39.000Z""","""2026-05-19T12:38:39.000Z""",56.67,submitted,"""2026-05-19T12:15:39.000Z""","""2026-05-19T12:38:39.000Z"""
1369,269,226,balanced,mock,11,30,"""2026-05-20T11:13:46.000Z""","""2026-05-20T11:51:46.000Z""",54.55,submitted,"""2026-05-20T11:13:46.000Z""","""2026-05-20T11:51:46.000Z"""
1370,269,168,balanced,mock,12,30,"""2026-05-30T08:55:02.000Z""","""2026-05-30T09:10:02.000Z""",83.33,submitted,"""2026-05-30T08:55:02.000Z""","""2026-05-30T09:10:02.000Z"""
1371,269,201,balanced,mock,11,30,"""2026-06-04T17:12:31.000Z""","""2026-06-04T17:25:31.000Z""",78.26,submitted,"""2026-06-04T17:12:31.000Z""","""2026-06-04T17:25:31.000Z"""
1372,270,168,balanced,mock,11,30,"""2026-06-03T20:50:46.000Z""","""2026-06-03T21:24:46.000Z""",8.7,submitted,"""2026-06-03T20:50:46.000Z""","""2026-06-03T21:24:46.000Z"""
1373,270,168,balanced,mock,12,30,"""2026-05-22T14:49:29.000Z""","""2026-05-22T15:07:29.000Z""",27.27,submitted,"""2026-05-22T14:49:29.000Z""","""2026-05-22T15:07:29.000Z"""
1374,270,168,balanced,mock,12,30,"""2026-05-25T09:14:34.000Z""","""2026-05-25T09:44:34.000Z""",37.04,submitted,"""2026-05-25T09:14:34.000Z""","""2026-05-25T09:44:34.000Z"""
1375,270,168,balanced,mock,11,30,"""2026-05-29T13:31:56.000Z""","""2026-05-29T13:58:56.000Z""",7.69,submitted,"""2026-05-29T13:31:56.000Z""","""2026-05-29T13:58:56.000Z"""
1376,270,129,balanced,mock,12,30,"""2026-06-06T09:05:28.000Z""","""2026-06-06T09:23:28.000Z""",36,submitted,"""2026-06-06T09:05:28.000Z""","""2026-06-06T09:23:28.000Z"""
1377,270,155,balanced,mock,14,30,"""2026-05-28T15:18:34.000Z""","""2026-05-28T15:45:34.000Z""",65.63,submitted,"""2026-05-28T15:18:34.000Z""","""2026-05-28T15:45:34.000Z"""
1378,271,26,balanced,mock,11,30,"""2026-05-18T13:34:05.000Z""","""2026-05-18T14:11:05.000Z""",77.27,submitted,"""2026-05-18T13:34:05.000Z""","""2026-05-18T14:11:05.000Z"""
1379,271,26,balanced,mock,13,30,"""2026-06-03T11:49:53.000Z""","""2026-06-03T12:23:53.000Z""",20,submitted,"""2026-06-03T11:49:53.000Z""","""2026-06-03T12:23:53.000Z"""
1380,271,26,balanced,mock,13,30,"""2026-04-29T20:22:34.000Z""","""2026-04-29T20:59:34.000Z""",50,submitted,"""2026-04-29T20:22:34.000Z""","""2026-04-29T20:59:34.000Z"""
1381,271,26,balanced,mock,11,30,"""2026-05-07T08:02:41.000Z""","""2026-05-07T08:20:41.000Z""",54.17,submitted,"""2026-05-07T08:02:41.000Z""","""2026-05-07T08:20:41.000Z"""
1382,271,8,balanced,mock,14,30,"""2026-05-15T16:07:35.000Z""","""2026-05-15T16:44:35.000Z""",25.93,submitted,"""2026-05-15T16:07:35.000Z""","""2026-05-15T16:44:35.000Z"""
1383,271,3,balanced,mock,10,30,"""2026-06-04T09:13:38.000Z""","""2026-06-04T09:50:38.000Z""",57.89,submitted,"""2026-06-04T09:13:38.000Z""","""2026-06-04T09:50:38.000Z"""
1384,272,35,balanced,mock,14,30,"""2026-06-07T19:45:52.000Z""","""2026-06-07T20:21:52.000Z""",25.93,submitted,"""2026-06-07T19:45:52.000Z""","""2026-06-07T20:21:52.000Z"""
1385,272,35,balanced,mock,13,30,"""2026-06-08T21:18:31.000Z""","""2026-06-08T21:32:31.000Z""",50,submitted,"""2026-06-08T21:18:31.000Z""","""2026-06-08T21:32:31.000Z"""
1386,272,35,balanced,mock,11,30,"""2026-06-09T09:33:10.000Z""","""2026-06-09T10:01:10.000Z""",42.86,submitted,"""2026-06-09T09:33:10.000Z""","""2026-06-09T10:01:10.000Z"""
1387,272,35,balanced,mock,12,30,"""2026-06-10T18:38:25.000Z""","""2026-06-10T18:52:25.000Z""",50,submitted,"""2026-06-10T18:38:25.000Z""","""2026-06-10T18:52:25.000Z"""
1388,272,14,balanced,mock,11,30,"""2026-06-11T11:08:36.000Z""","""2026-06-11T11:45:36.000Z""",41.67,submitted,"""2026-06-11T11:08:36.000Z""","""2026-06-11T11:45:36.000Z"""
1389,272,172,balanced,mock,14,30,"""2026-05-10T18:39:05.000Z""","""2026-05-10T19:03:05.000Z""",62.5,submitted,"""2026-05-10T18:39:05.000Z""","""2026-05-10T19:03:05.000Z"""
1390,273,121,balanced,mock,10,30,"""2026-06-10T14:08:15.000Z""","""2026-06-10T14:45:15.000Z""",85,submitted,"""2026-06-10T14:08:15.000Z""","""2026-06-10T14:45:15.000Z"""
1391,273,121,balanced,mock,12,30,"""2026-05-12T14:25:23.000Z""","""2026-05-12T14:48:23.000Z""",63.64,submitted,"""2026-05-12T14:25:23.000Z""","""2026-05-12T14:48:23.000Z"""
1392,273,121,balanced,mock,11,30,"""2026-06-05T14:22:50.000Z""","""2026-06-05T14:52:50.000Z""",50,submitted,"""2026-06-05T14:22:50.000Z""","""2026-06-05T14:52:50.000Z"""
1393,273,121,balanced,mock,13,30,"""2026-06-03T17:05:44.000Z""","""2026-06-03T17:29:44.000Z""",46.15,submitted,"""2026-06-03T17:05:44.000Z""","""2026-06-03T17:29:44.000Z"""
1394,273,32,balanced,mock,13,30,"""2026-05-27T11:56:33.000Z""","""2026-05-27T12:09:33.000Z""",68,submitted,"""2026-05-27T11:56:33.000Z""","""2026-05-27T12:09:33.000Z"""
1395,273,27,balanced,mock,14,30,"""2026-05-31T17:42:59.000Z""","""2026-05-31T18:11:59.000Z""",16.67,submitted,"""2026-05-31T17:42:59.000Z""","""2026-05-31T18:11:59.000Z"""
1396,274,139,balanced,mock,13,30,"""2026-05-30T07:47:40.000Z""","""2026-05-30T08:20:40.000Z""",83.33,submitted,"""2026-05-30T07:47:40.000Z""","""2026-05-30T08:20:40.000Z"""
1397,274,139,balanced,mock,11,30,"""2026-05-31T21:33:05.000Z""","""2026-05-31T21:55:05.000Z""",86.96,submitted,"""2026-05-31T21:33:05.000Z""","""2026-05-31T21:55:05.000Z"""
1398,274,139,balanced,mock,13,30,"""2026-06-01T08:26:26.000Z""","""2026-06-01T09:03:26.000Z""",92,submitted,"""2026-06-01T08:26:26.000Z""","""2026-06-01T09:03:26.000Z"""
1399,274,139,balanced,mock,13,30,"""2026-06-06T16:43:47.000Z""","""2026-06-06T17:10:47.000Z""",92.31,submitted,"""2026-06-06T16:43:47.000Z""","""2026-06-06T17:10:47.000Z"""
1400,274,236,balanced,mock,13,30,"""2026-06-09T10:40:50.000Z""","""2026-06-09T11:17:50.000Z""",75,submitted,"""2026-06-09T10:40:50.000Z""","""2026-06-09T11:17:50.000Z"""
1401,274,58,balanced,mock,13,30,"""2026-05-11T07:57:55.000Z""","""2026-05-11T08:31:55.000Z""",40.63,submitted,"""2026-05-11T07:57:55.000Z""","""2026-05-11T08:31:55.000Z"""
1402,275,146,balanced,mock,10,30,"""2026-05-30T12:00:24.000Z""","""2026-05-30T12:38:24.000Z""",47.06,submitted,"""2026-05-30T12:00:24.000Z""","""2026-05-30T12:38:24.000Z"""
1403,275,146,balanced,mock,13,30,"""2026-05-31T16:04:06.000Z""","""2026-05-31T16:33:06.000Z""",75,submitted,"""2026-05-31T16:04:06.000Z""","""2026-05-31T16:33:06.000Z"""
1404,275,146,balanced,mock,11,30,"""2026-06-01T16:58:30.000Z""","""2026-06-01T17:23:30.000Z""",57.14,submitted,"""2026-06-01T16:58:30.000Z""","""2026-06-01T17:23:30.000Z"""
1405,275,146,balanced,mock,10,30,"""2026-06-02T10:28:12.000Z""","""2026-06-02T10:41:12.000Z""",80,submitted,"""2026-06-02T10:28:12.000Z""","""2026-06-02T10:41:12.000Z"""
1406,275,233,balanced,mock,10,30,"""2026-05-29T19:15:41.000Z""","""2026-05-29T19:38:41.000Z""",79.17,submitted,"""2026-05-29T19:15:41.000Z""","""2026-05-29T19:38:41.000Z"""
1407,275,9,balanced,mock,14,30,"""2026-05-04T13:11:23.000Z""","""2026-05-04T13:25:23.000Z""",39.29,submitted,"""2026-05-04T13:11:23.000Z""","""2026-05-04T13:25:23.000Z"""
1408,276,205,balanced,mock,11,30,"""2026-05-21T07:50:50.000Z""","""2026-05-21T08:29:50.000Z""",72.73,submitted,"""2026-05-21T07:50:50.000Z""","""2026-05-21T08:29:50.000Z"""
1409,276,205,balanced,mock,14,30,"""2026-05-22T09:33:54.000Z""","""2026-05-22T09:53:54.000Z""",75,submitted,"""2026-05-22T09:33:54.000Z""","""2026-05-22T09:53:54.000Z"""
1410,276,205,balanced,mock,11,30,"""2026-05-23T09:02:00.000Z""","""2026-05-23T09:28:00.000Z""",62.5,submitted,"""2026-05-23T09:02:00.000Z""","""2026-05-23T09:28:00.000Z"""
1411,276,61,balanced,mock,10,30,"""2026-05-24T13:04:24.000Z""","""2026-05-24T13:21:24.000Z""",68.18,submitted,"""2026-05-24T13:04:24.000Z""","""2026-05-24T13:21:24.000Z"""
1412,276,46,balanced,mock,12,30,"""2026-05-25T20:44:27.000Z""","""2026-05-25T21:01:27.000Z""",66.67,submitted,"""2026-05-25T20:44:27.000Z""","""2026-05-25T21:01:27.000Z"""
1413,277,133,balanced,mock,11,30,"""2026-06-05T19:33:57.000Z""","""2026-06-05T20:13:57.000Z""",50,submitted,"""2026-06-05T19:33:57.000Z""","""2026-06-05T20:13:57.000Z"""
1414,277,133,balanced,mock,12,30,"""2026-06-06T13:45:57.000Z""","""2026-06-06T14:02:57.000Z""",60.87,submitted,"""2026-06-06T13:45:57.000Z""","""2026-06-06T14:02:57.000Z"""
1415,277,133,balanced,mock,14,30,"""2026-06-07T09:58:16.000Z""","""2026-06-07T10:18:16.000Z""",60.71,submitted,"""2026-06-07T09:58:16.000Z""","""2026-06-07T10:18:16.000Z"""
1416,277,133,balanced,mock,13,30,"""2026-06-08T15:32:30.000Z""","""2026-06-08T15:55:30.000Z""",61.54,submitted,"""2026-06-08T15:32:30.000Z""","""2026-06-08T15:55:30.000Z"""
1417,277,69,balanced,mock,13,30,"""2026-06-10T15:30:14.000Z""","""2026-06-10T16:10:14.000Z""",20.69,submitted,"""2026-06-10T15:30:14.000Z""","""2026-06-10T16:10:14.000Z"""
1418,277,69,balanced,mock,13,30,"""2026-04-29T20:26:11.000Z""","""2026-04-29T20:59:11.000Z""",55.17,submitted,"""2026-04-29T20:26:11.000Z""","""2026-04-29T20:59:11.000Z"""
1419,278,82,balanced,mock,10,30,"""2026-06-08T09:01:21.000Z""","""2026-06-08T09:27:21.000Z""",52.38,submitted,"""2026-06-08T09:01:21.000Z""","""2026-06-08T09:27:21.000Z"""
1420,278,82,balanced,mock,14,30,"""2026-06-09T20:44:06.000Z""","""2026-06-09T21:09:06.000Z""",55.17,submitted,"""2026-06-09T20:44:06.000Z""","""2026-06-09T21:09:06.000Z"""
1421,278,82,balanced,mock,13,30,"""2026-06-10T17:37:51.000Z""","""2026-06-10T18:16:51.000Z""",37.04,submitted,"""2026-06-10T17:37:51.000Z""","""2026-06-10T18:16:51.000Z"""
1422,278,82,balanced,mock,11,30,"""2026-05-30T16:49:42.000Z""","""2026-05-30T17:19:42.000Z""",77.27,submitted,"""2026-05-30T16:49:42.000Z""","""2026-05-30T17:19:42.000Z"""
1423,278,122,balanced,mock,13,30,"""2026-06-12T11:14:52.000Z""","""2026-06-12T11:48:52.000Z""",35.71,submitted,"""2026-06-12T11:14:52.000Z""","""2026-06-12T11:48:52.000Z"""
1424,278,104,balanced,mock,12,30,"""2026-05-01T12:46:56.000Z""","""2026-05-01T13:09:56.000Z""",92,submitted,"""2026-05-01T12:46:56.000Z""","""2026-05-01T13:09:56.000Z"""
1425,279,205,balanced,mock,10,30,"""2026-05-09T11:50:15.000Z""","""2026-05-09T12:27:15.000Z""",63.16,submitted,"""2026-05-09T11:50:15.000Z""","""2026-05-09T12:27:15.000Z"""
1426,279,205,balanced,mock,12,30,"""2026-05-10T17:37:18.000Z""","""2026-05-10T18:03:18.000Z""",81.82,submitted,"""2026-05-10T17:37:18.000Z""","""2026-05-10T18:03:18.000Z"""
1427,279,205,balanced,mock,10,30,"""2026-05-11T15:39:19.000Z""","""2026-05-11T15:54:19.000Z""",80,submitted,"""2026-05-11T15:39:19.000Z""","""2026-05-11T15:54:19.000Z"""
1428,279,205,balanced,mock,11,30,"""2026-05-12T18:15:28.000Z""","""2026-05-12T18:50:28.000Z""",50,submitted,"""2026-05-12T18:15:28.000Z""","""2026-05-12T18:50:28.000Z"""
1429,279,205,balanced,mock,11,30,"""2026-05-19T15:26:52.000Z""","""2026-05-19T16:03:52.000Z""",42.86,submitted,"""2026-05-19T15:26:52.000Z""","""2026-05-19T16:03:52.000Z"""
1430,279,238,balanced,mock,14,30,"""2026-05-01T20:33:09.000Z""","""2026-05-01T21:10:09.000Z""",83.87,submitted,"""2026-05-01T20:33:09.000Z""","""2026-05-01T21:10:09.000Z"""
1431,279,230,balanced,mock,10,30,"""2026-06-11T18:40:35.000Z""","""2026-06-11T19:15:35.000Z""",84.21,submitted,"""2026-06-11T18:40:35.000Z""","""2026-06-11T19:15:35.000Z"""
1432,280,166,balanced,mock,10,30,"""2026-05-30T07:40:47.000Z""","""2026-05-30T08:09:47.000Z""",84.21,submitted,"""2026-05-30T07:40:47.000Z""","""2026-05-30T08:09:47.000Z"""
1433,280,166,balanced,mock,12,30,"""2026-05-31T10:41:30.000Z""","""2026-05-31T11:00:30.000Z""",36,submitted,"""2026-05-31T10:41:30.000Z""","""2026-05-31T11:00:30.000Z"""
1434,280,166,balanced,mock,11,30,"""2026-06-01T21:35:47.000Z""","""2026-06-01T21:50:47.000Z""",63.64,submitted,"""2026-06-01T21:35:47.000Z""","""2026-06-01T21:50:47.000Z"""
1435,280,33,balanced,mock,11,30,"""2026-06-02T18:19:52.000Z""","""2026-06-02T18:31:52.000Z""",83.33,submitted,"""2026-06-02T18:19:52.000Z""","""2026-06-02T18:31:52.000Z"""
1436,280,103,balanced,mock,12,30,"""2026-06-03T07:57:26.000Z""","""2026-06-03T08:10:26.000Z""",46.15,submitted,"""2026-06-03T07:57:26.000Z""","""2026-06-03T08:10:26.000Z"""
1437,281,26,balanced,mock,13,30,"""2026-05-15T18:17:10.000Z""","""2026-05-15T18:52:10.000Z""",65.38,submitted,"""2026-05-15T18:17:10.000Z""","""2026-05-15T18:52:10.000Z"""
1438,281,26,balanced,mock,11,30,"""2026-05-16T19:57:58.000Z""","""2026-05-16T20:16:58.000Z""",62.5,submitted,"""2026-05-16T19:57:58.000Z""","""2026-05-16T20:16:58.000Z"""
1439,281,26,balanced,mock,12,30,"""2026-05-17T09:39:01.000Z""","""2026-05-17T09:57:01.000Z""",52,submitted,"""2026-05-17T09:39:01.000Z""","""2026-05-17T09:57:01.000Z"""
1440,281,26,balanced,mock,14,30,"""2026-05-18T16:20:54.000Z""","""2026-05-18T16:43:54.000Z""",45.16,submitted,"""2026-05-18T16:20:54.000Z""","""2026-05-18T16:43:54.000Z"""
1441,281,26,balanced,mock,12,30,"""2026-05-19T11:15:44.000Z""","""2026-05-19T11:55:44.000Z""",36.36,submitted,"""2026-05-19T11:15:44.000Z""","""2026-05-19T11:55:44.000Z"""
