id,user_id,type,title,message,related_entity_type,related_entity_id,status,created_at,read_at,action_url
1,1,milestone,Milestone achieved,"You reached the ""first practice completed"" milestone.",milestone,,unread,"""2026-06-11T18:00:00.000Z""",,/engagement
2,1,milestone,Milestone achieved,"You reached the ""five practice sessions"" milestone.",milestone,,unread,"""2026-06-11T18:00:00.000Z""",,/engagement
3,1,milestone,Milestone achieved,"You reached the ""first mock exam completed"" milestone.",milestone,,unread,"""2026-06-11T18:00:00.000Z""",,/engagement
4,1,streak_update,Milestone achieved,"You reached the ""three day streak"" milestone.",milestone,,unread,"""2026-06-11T18:00:00.000Z""",,/engagement
5,4,milestone,Milestone achieved,"You reached the ""first practice completed"" milestone.",milestone,,unread,"""2026-05-31T18:00:00.000Z""",,/engagement
6,4,milestone,Milestone achieved,"You reached the ""five practice sessions"" milestone.",milestone,,unread,"""2026-05-31T18:00:00.000Z""",,/engagement
7,4,milestone,Milestone achieved,"You reached the ""first mock exam completed"" milestone.",milestone,,unread,"""2026-05-31T18:00:00.000Z""",,/engagement
8,4,milestone,Milestone achieved,"You reached the ""first exam above 80"" milestone.",milestone,,unread,"""2026-05-31T18:00:00.000Z""",,/engagement
9,4,streak_update,Milestone achieved,"You reached the ""three day streak"" milestone.",milestone,,unread,"""2026-05-31T18:00:00.000Z""",,/engagement
10,4,streak_update,Milestone achieved,"You reached the ""seven day streak"" milestone.",milestone,,unread,"""2026-05-31T18:00:00.000Z""",,/engagement
11,5,milestone,Milestone achieved,"You reached the ""first practice completed"" milestone.",milestone,,unread,"""2026-06-20T18:00:00.000Z""",,/engagement
12,5,milestone,Milestone achieved,"You reached the ""first mock exam completed"" milestone.",milestone,,unread,"""2026-06-20T18:00:00.000Z""",,/engagement
13,5,milestone,Milestone achieved,"You reached the ""first exam above 80"" milestone.",milestone,,unread,"""2026-06-20T18:00:00.000Z""",,/engagement
14,5,streak_update,Milestone achieved,"You reached the ""three day streak"" milestone.",milestone,,unread,"""2026-06-20T18:00:00.000Z""",,/engagement
15,5,streak_update,Milestone achieved,"You reached the ""seven day streak"" milestone.",milestone,,unread,"""2026-06-20T18:00:00.000Z""",,/engagement
16,6,weak_area_alert,Weak area detected,Your accuracy in Software Safety Failure Modes is 0%. Consider focused practice.,topic,893,unread,"""2026-06-07T13:08:21.000Z""",,/weak-areas
17,6,weak_area_alert,Weak area detected,Your accuracy in Software Safety Edge Cases is 0%. Consider focused practice.,topic,893,unread,"""2026-05-23T16:39:27.000Z""",,/weak-areas
18,6,milestone,Milestone achieved,"You reached the ""first practice completed"" milestone.",milestone,,unread,"""2026-06-07T18:00:00.000Z""",,/engagement
19,6,milestone,Milestone achieved,"You reached the ""first mock exam completed"" milestone.",milestone,,unread,"""2026-06-07T18:00:00.000Z""",,/engagement
20,6,milestone,Milestone achieved,"You reached the ""first exam above 80"" milestone.",milestone,,unread,"""2026-06-07T18:00:00.000Z""",,/engagement
21,6,streak_update,Milestone achieved,"You reached the ""three day streak"" milestone.",milestone,,unread,"""2026-06-07T18:00:00.000Z""",,/engagement
22,10,milestone,Milestone achieved,"You reached the ""first practice completed"" milestone.",milestone,,unread,"""2026-05-21T18:00:00.000Z""",,/engagement
23,10,milestone,Milestone achieved,"You reached the ""first mock exam completed"" milestone.",milestone,,unread,"""2026-05-21T18:00:00.000Z""",,/engagement
24,10,streak_update,Milestone achieved,"You reached the ""three day streak"" milestone.",milestone,,unread,"""2026-05-21T18:00:00.000Z""",,/engagement
25,10,streak_update,Milestone achieved,"You reached the ""seven day streak"" milestone.",milestone,,unread,"""2026-05-21T18:00:00.000Z""",,/engagement
26,12,weak_area_alert,Weak area detected,Your accuracy in Second-Order Response is 0%. Consider focused practice.,topic,1845,unread,"""2026-05-16T13:07:47.000Z""",,/weak-areas
27,12,weak_area_alert,Weak area detected,Your accuracy in Confusion Matrices is 0%. Consider focused practice.,topic,88,unread,"""2026-05-03T12:11:15.000Z""",,/weak-areas
28,12,milestone,Milestone achieved,"You reached the ""first practice completed"" milestone.",milestone,,unread,"""2026-06-02T18:00:00.000Z""",,/engagement
29,12,milestone,Milestone achieved,"You reached the ""five practice sessions"" milestone.",milestone,,unread,"""2026-06-02T18:00:00.000Z""",,/engagement
30,12,milestone,Milestone achieved,"You reached the ""first mock exam completed"" milestone.",milestone,,unread,"""2026-06-02T18:00:00.000Z""",,/engagement
31,12,milestone,Milestone achieved,"You reached the ""first exam above 80"" milestone.",milestone,,unread,"""2026-06-02T18:00:00.000Z""",,/engagement
32,12,streak_update,Milestone achieved,"You reached the ""three day streak"" milestone.",milestone,,unread,"""2026-06-02T18:00:00.000Z""",,/engagement
33,14,milestone,Milestone achieved,"You reached the ""first practice completed"" milestone.",milestone,,unread,"""2026-06-11T18:00:00.000Z""",,/engagement
34,14,milestone,Milestone achieved,"You reached the ""five practice sessions"" milestone.",milestone,,unread,"""2026-06-11T18:00:00.000Z""",,/engagement
35,14,milestone,Milestone achieved,"You reached the ""first mock exam completed"" milestone.",milestone,,unread,"""2026-06-11T18:00:00.000Z""",,/engagement
36,14,milestone,Milestone achieved,"You reached the ""first exam above 80"" milestone.",milestone,,unread,"""2026-06-11T18:00:00.000Z""",,/engagement
37,16,weak_area_alert,Weak area detected,Your accuracy in Coulomb Force is 0%. Consider focused practice.,topic,1745,unread,"""2026-05-27T17:44:23.000Z""",,/weak-areas
38,16,weak_area_alert,Weak area detected,Your accuracy in Classification Trees is 0%. Consider focused practice.,topic,3273,unread,"""2026-05-25T13:06:16.000Z""",,/weak-areas
39,16,milestone,Milestone achieved,"You reached the ""first practice completed"" milestone.",milestone,,unread,"""2026-06-02T18:00:00.000Z""",,/engagement
40,16,milestone,Milestone achieved,"You reached the ""five practice sessions"" milestone.",milestone,,unread,"""2026-06-02T18:00:00.000Z""",,/engagement
41,16,milestone,Milestone achieved,"You reached the ""first mock exam completed"" milestone.",milestone,,unread,"""2026-06-02T18:00:00.000Z""",,/engagement
42,16,milestone,Milestone achieved,"You reached the ""first exam above 80"" milestone.",milestone,,unread,"""2026-06-02T18:00:00.000Z""",,/engagement
43,16,streak_update,Milestone achieved,"You reached the ""three day streak"" milestone.",milestone,,unread,"""2026-06-02T18:00:00.000Z""",,/engagement
44,16,streak_update,Milestone achieved,"You reached the ""seven day streak"" milestone.",milestone,,unread,"""2026-06-02T18:00:00.000Z""",,/engagement
45,18,milestone,Milestone achieved,"You reached the ""first practice completed"" milestone.",milestone,,unread,"""2026-06-02T18:00:00.000Z""",,/engagement
46,18,milestone,Milestone achieved,"You reached the ""first mock exam completed"" milestone.",milestone,,unread,"""2026-06-02T18:00:00.000Z""",,/engagement
47,18,milestone,Milestone achieved,"You reached the ""first exam above 80"" milestone.",milestone,,unread,"""2026-06-02T18:00:00.000Z""",,/engagement
48,18,streak_update,Milestone achieved,"You reached the ""three day streak"" milestone.",milestone,,unread,"""2026-06-02T18:00:00.000Z""",,/engagement
49,20,milestone,Milestone achieved,"You reached the ""first practice completed"" milestone.",milestone,,unread,"""2026-06-12T18:00:00.000Z""",,/engagement
50,20,milestone,Milestone achieved,"You reached the ""first mock exam completed"" milestone.",milestone,,unread,"""2026-06-12T18:00:00.000Z""",,/engagement
51,20,streak_update,Milestone achieved,"You reached the ""three day streak"" milestone.",milestone,,unread,"""2026-06-12T18:00:00.000Z""",,/engagement
52,21,weak_area_alert,Weak area detected,Your accuracy in Pedigree Analysis is 0%. Consider focused practice.,topic,2497,unread,"""2026-05-21T08:54:49.000Z""",,/weak-areas
53,21,milestone,Milestone achieved,"You reached the ""first practice completed"" milestone.",milestone,,unread,"""2026-05-31T18:00:00.000Z""",,/engagement
54,21,milestone,Milestone achieved,"You reached the ""five practice sessions"" milestone.",milestone,,unread,"""2026-05-31T18:00:00.000Z""",,/engagement
55,21,milestone,Milestone achieved,"You reached the ""first mock exam completed"" milestone.",milestone,,unread,"""2026-05-31T18:00:00.000Z""",,/engagement
56,21,streak_update,Milestone achieved,"You reached the ""three day streak"" milestone.",milestone,,unread,"""2026-05-31T18:00:00.000Z""",,/engagement
57,21,streak_update,Milestone achieved,"You reached the ""seven day streak"" milestone.",milestone,,unread,"""2026-05-31T18:00:00.000Z""",,/engagement
58,22,milestone,Milestone achieved,"You reached the ""first practice completed"" milestone.",milestone,,unread,"""2026-05-24T18:00:00.000Z""",,/engagement
59,22,milestone,Milestone achieved,"You reached the ""five practice sessions"" milestone.",milestone,,unread,"""2026-05-24T18:00:00.000Z""",,/engagement
60,22,milestone,Milestone achieved,"You reached the ""first mock exam completed"" milestone.",milestone,,unread,"""2026-05-24T18:00:00.000Z""",,/engagement
61,22,streak_update,Milestone achieved,"You reached the ""three day streak"" milestone.",milestone,,unread,"""2026-05-24T18:00:00.000Z""",,/engagement
62,22,streak_update,Milestone achieved,"You reached the ""seven day streak"" milestone.",milestone,,unread,"""2026-05-24T18:00:00.000Z""",,/engagement
63,23,weak_area_alert,Weak area detected,Your accuracy in Sample Spaces is 11%. Consider focused practice.,topic,2673,unread,"""2026-06-03T12:04:02.000Z""",,/weak-areas
64,23,weak_area_alert,Weak area detected,Your accuracy in Discrete Distributions is 0%. Consider focused practice.,topic,2677,unread,"""2026-05-31T12:05:37.000Z""",,/weak-areas
65,23,milestone,Milestone achieved,"You reached the ""first practice completed"" milestone.",milestone,,unread,"""2026-06-09T18:00:00.000Z""",,/engagement
66,23,milestone,Milestone achieved,"You reached the ""five practice sessions"" milestone.",milestone,,unread,"""2026-06-09T18:00:00.000Z""",,/engagement
67,23,milestone,Milestone achieved,"You reached the ""first mock exam completed"" milestone.",milestone,,unread,"""2026-06-09T18:00:00.000Z""",,/engagement
68,23,streak_update,Milestone achieved,"You reached the ""three day streak"" milestone.",milestone,,unread,"""2026-06-09T18:00:00.000Z""",,/engagement
69,24,weak_area_alert,Weak area detected,Your accuracy in Conditional Branching is 10%. Consider focused practice.,topic,4,unread,"""2026-06-09T18:04:52.000Z""",,/weak-areas
70,24,milestone,Milestone achieved,"You reached the ""first practice completed"" milestone.",milestone,,unread,"""2026-06-12T18:00:00.000Z""",,/engagement
71,24,milestone,Milestone achieved,"You reached the ""first mock exam completed"" milestone.",milestone,,unread,"""2026-06-12T18:00:00.000Z""",,/engagement
72,24,streak_update,Milestone achieved,"You reached the ""three day streak"" milestone.",milestone,,unread,"""2026-06-12T18:00:00.000Z""",,/engagement
73,25,milestone,Milestone achieved,"You reached the ""first practice completed"" milestone.",milestone,,unread,"""2026-06-14T18:00:00.000Z""",,/engagement
74,25,milestone,Milestone achieved,"You reached the ""five practice sessions"" milestone.",milestone,,unread,"""2026-06-14T18:00:00.000Z""",,/engagement
75,25,milestone,Milestone achieved,"You reached the ""first mock exam completed"" milestone.",milestone,,unread,"""2026-06-14T18:00:00.000Z""",,/engagement
76,25,streak_update,Milestone achieved,"You reached the ""three day streak"" milestone.",milestone,,unread,"""2026-06-14T18:00:00.000Z""",,/engagement
77,25,streak_update,Milestone achieved,"You reached the ""seven day streak"" milestone.",milestone,,unread,"""2026-06-14T18:00:00.000Z""",,/engagement
78,26,weak_area_alert,Weak area detected,Your accuracy in Efficiency is 0%. Consider focused practice.,topic,3509,unread,"""2026-06-01T13:36:47.000Z""",,/weak-areas
79,26,milestone,Milestone achieved,"You reached the ""first practice completed"" milestone.",milestone,,unread,"""2026-06-12T18:00:00.000Z""",,/engagement
80,26,milestone,Milestone achieved,"You reached the ""five practice sessions"" milestone.",milestone,,unread,"""2026-06-12T18:00:00.000Z""",,/engagement
81,26,milestone,Milestone achieved,"You reached the ""first mock exam completed"" milestone.",milestone,,unread,"""2026-06-12T18:00:00.000Z""",,/engagement
82,26,streak_update,Milestone achieved,"You reached the ""three day streak"" milestone.",milestone,,unread,"""2026-06-12T18:00:00.000Z""",,/engagement
83,27,milestone,Milestone achieved,"You reached the ""first practice completed"" milestone.",milestone,,unread,"""2026-06-10T18:00:00.000Z""",,/engagement
84,27,milestone,Milestone achieved,"You reached the ""first mock exam completed"" milestone.",milestone,,unread,"""2026-06-10T18:00:00.000Z""",,/engagement
85,27,milestone,Milestone achieved,"You reached the ""first exam above 80"" milestone.",milestone,,unread,"""2026-06-10T18:00:00.000Z""",,/engagement
86,28,milestone,Milestone achieved,"You reached the ""first practice completed"" milestone.",milestone,,unread,"""2026-06-01T18:00:00.000Z""",,/engagement
87,28,milestone,Milestone achieved,"You reached the ""first mock exam completed"" milestone.",milestone,,unread,"""2026-06-01T18:00:00.000Z""",,/engagement
88,28,streak_update,Milestone achieved,"You reached the ""three day streak"" milestone.",milestone,,unread,"""2026-06-01T18:00:00.000Z""",,/engagement
89,28,streak_update,Milestone achieved,"You reached the ""seven day streak"" milestone.",milestone,,unread,"""2026-06-01T18:00:00.000Z""",,/engagement
90,29,weak_area_alert,Weak area detected,Your accuracy in Molecular Orbitals is 11%. Consider focused practice.,topic,2361,unread,"""2026-05-28T12:55:59.000Z""",,/weak-areas
91,29,weak_area_alert,Weak area detected,Your accuracy in Rate Laws is 10%. Consider focused practice.,topic,2357,unread,"""2026-05-28T12:55:59.000Z""",,/weak-areas
92,29,milestone,Milestone achieved,"You reached the ""first practice completed"" milestone.",milestone,,unread,"""2026-05-29T18:00:00.000Z""",,/engagement
93,29,milestone,Milestone achieved,"You reached the ""five practice sessions"" milestone.",milestone,,unread,"""2026-05-29T18:00:00.000Z""",,/engagement
94,29,milestone,Milestone achieved,"You reached the ""first mock exam completed"" milestone.",milestone,,unread,"""2026-05-29T18:00:00.000Z""",,/engagement
95,29,streak_update,Milestone achieved,"You reached the ""three day streak"" milestone.",milestone,,unread,"""2026-05-29T18:00:00.000Z""",,/engagement
96,29,streak_update,Milestone achieved,"You reached the ""seven day streak"" milestone.",milestone,,unread,"""2026-05-29T18:00:00.000Z""",,/engagement
97,30,weak_area_alert,Weak area detected,Your accuracy in Related Rates is 0%. Consider focused practice.,topic,142,unread,"""2026-05-29T13:38:26.000Z""",,/weak-areas
98,30,weak_area_alert,Weak area detected,Your accuracy in Curve Sketching is 0%. Consider focused practice.,topic,142,unread,"""2026-05-29T13:38:26.000Z""",,/weak-areas
99,30,weak_area_alert,Weak area detected,Your accuracy in NFA and Epsilon Moves is 0%. Consider focused practice.,topic,913,unread,"""2026-05-31T21:49:14.000Z""",,/weak-areas
100,30,weak_area_alert,Weak area detected,Your accuracy in Closure Properties is 0%. Consider focused practice.,topic,917,unread,"""2026-05-31T21:49:14.000Z""",,/weak-areas
101,30,weak_area_alert,Weak area detected,Your accuracy in Parse Trees is 0%. Consider focused practice.,topic,921,unread,"""2026-05-31T21:49:14.000Z""",,/weak-areas
102,30,milestone,Milestone achieved,"You reached the ""first practice completed"" milestone.",milestone,,unread,"""2026-05-31T18:00:00.000Z""",,/engagement
103,30,milestone,Milestone achieved,"You reached the ""first mock exam completed"" milestone.",milestone,,unread,"""2026-05-31T18:00:00.000Z""",,/engagement
104,30,streak_update,Milestone achieved,"You reached the ""three day streak"" milestone.",milestone,,unread,"""2026-05-31T18:00:00.000Z""",,/engagement
105,30,streak_update,Milestone achieved,"You reached the ""seven day streak"" milestone.",milestone,,unread,"""2026-05-31T18:00:00.000Z""",,/engagement
106,31,weak_area_alert,Weak area detected,Your accuracy in Periodic Trends is 0%. Consider focused practice.,topic,325,unread,"""2026-05-24T20:52:55.000Z""",,/weak-areas
107,31,weak_area_alert,Weak area detected,Your accuracy in Limiting Reactants is 0%. Consider focused practice.,topic,328,unread,"""2026-05-27T19:11:00.000Z""",,/weak-areas
108,31,weak_area_alert,Weak area detected,Your accuracy in Electron Configuration is 0%. Consider focused practice.,topic,325,unread,"""2026-05-27T19:11:00.000Z""",,/weak-areas
109,31,weak_area_alert,Weak area detected,Your accuracy in Stacks and Queues is 0%. Consider focused practice.,topic,2961,unread,"""2026-05-31T17:38:41.000Z""",,/weak-areas
110,31,milestone,Milestone achieved,"You reached the ""first practice completed"" milestone.",milestone,,unread,"""2026-05-31T18:00:00.000Z""",,/engagement
111,31,milestone,Milestone achieved,"You reached the ""first mock exam completed"" milestone.",milestone,,unread,"""2026-05-31T18:00:00.000Z""",,/engagement
112,31,streak_update,Milestone achieved,"You reached the ""three day streak"" milestone.",milestone,,unread,"""2026-05-31T18:00:00.000Z""",,/engagement
113,31,streak_update,Milestone achieved,"You reached the ""seven day streak"" milestone.",milestone,,unread,"""2026-05-31T18:00:00.000Z""",,/engagement
114,32,milestone,Milestone achieved,"You reached the ""first practice completed"" milestone.",milestone,,unread,"""2026-06-06T18:00:00.000Z""",,/engagement
115,32,milestone,Milestone achieved,"You reached the ""five practice sessions"" milestone.",milestone,,unread,"""2026-06-06T18:00:00.000Z""",,/engagement
116,32,milestone,Milestone achieved,"You reached the ""first mock exam completed"" milestone.",milestone,,unread,"""2026-06-06T18:00:00.000Z""",,/engagement
117,32,milestone,Milestone achieved,"You reached the ""first exam above 80"" milestone.",milestone,,unread,"""2026-06-06T18:00:00.000Z""",,/engagement
118,32,streak_update,Milestone achieved,"You reached the ""three day streak"" milestone.",milestone,,unread,"""2026-06-06T18:00:00.000Z""",,/engagement
119,33,weak_area_alert,Weak area detected,Your accuracy in Deflection Limits is 0%. Consider focused practice.,topic,1577,unread,"""2026-05-21T19:40:52.000Z""",,/weak-areas
120,33,weak_area_alert,Weak area detected,Your accuracy in Shear Capacity is 0%. Consider focused practice.,topic,1577,unread,"""2026-05-24T12:21:26.000Z""",,/weak-areas
121,33,weak_area_alert,Weak area detected,Your accuracy in Confidence Intervals is 0%. Consider focused practice.,topic,3053,unread,"""2026-05-23T10:13:37.000Z""",,/weak-areas
122,33,weak_area_alert,Weak area detected,Your accuracy in Event Calendar is 0%. Consider focused practice.,topic,3049,unread,"""2026-05-23T10:13:37.000Z""",,/weak-areas
123,33,milestone,Milestone achieved,"You reached the ""first practice completed"" milestone.",milestone,,unread,"""2026-05-24T18:00:00.000Z""",,/engagement
124,33,milestone,Milestone achieved,"You reached the ""first mock exam completed"" milestone.",milestone,,unread,"""2026-05-24T18:00:00.000Z""",,/engagement
125,33,milestone,Milestone achieved,"You reached the ""first exam above 80"" milestone.",milestone,,unread,"""2026-05-24T18:00:00.000Z""",,/engagement
126,33,streak_update,Milestone achieved,"You reached the ""three day streak"" milestone.",milestone,,unread,"""2026-05-24T18:00:00.000Z""",,/engagement
127,33,streak_update,Milestone achieved,"You reached the ""seven day streak"" milestone.",milestone,,unread,"""2026-05-24T18:00:00.000Z""",,/engagement
128,62,weak_area_alert,Weak area detected,Your accuracy in Gain Calculation is 0%. Consider focused practice.,topic,3477,unread,"""2026-05-16T20:30:05.000Z""",,/weak-areas
129,62,weak_area_alert,Weak area detected,Your accuracy in Input and Output Resistance is 0%. Consider focused practice.,topic,3477,unread,"""2026-05-16T20:30:05.000Z""",,/weak-areas
130,62,weak_area_alert,Weak area detected,Your accuracy in MOSFET Operation is 0%. Consider focused practice.,topic,3473,unread,"""2026-04-29T10:30:44.000Z""",,/weak-areas
131,62,milestone,Milestone achieved,"You reached the ""first practice completed"" milestone.",milestone,,unread,"""2026-06-11T18:00:00.000Z""",,/engagement
132,62,milestone,Milestone achieved,"You reached the ""five practice sessions"" milestone.",milestone,,unread,"""2026-06-11T18:00:00.000Z""",,/engagement
133,62,milestone,Milestone achieved,"You reached the ""first mock exam completed"" milestone.",milestone,,unread,"""2026-06-11T18:00:00.000Z""",,/engagement
134,62,streak_update,Milestone achieved,"You reached the ""three day streak"" milestone.",milestone,,unread,"""2026-06-11T18:00:00.000Z""",,/engagement
135,63,weak_area_alert,Weak area detected,Your accuracy in Rate Laws is 0%. Consider focused practice.,topic,355,unread,"""2026-05-02T09:36:54.000Z""",,/weak-areas
136,63,milestone,Milestone achieved,"You reached the ""first practice completed"" milestone.",milestone,,unread,"""2026-06-01T18:00:00.000Z""",,/engagement
137,63,milestone,Milestone achieved,"You reached the ""five practice sessions"" milestone.",milestone,,unread,"""2026-06-01T18:00:00.000Z""",,/engagement
138,63,milestone,Milestone achieved,"You reached the ""first mock exam completed"" milestone.",milestone,,unread,"""2026-06-01T18:00:00.000Z""",,/engagement
139,63,streak_update,Milestone achieved,"You reached the ""three day streak"" milestone.",milestone,,unread,"""2026-06-01T18:00:00.000Z""",,/engagement
140,64,milestone,Milestone achieved,"You reached the ""first practice completed"" milestone.",milestone,,unread,"""2026-06-08T18:00:00.000Z""",,/engagement
141,64,milestone,Milestone achieved,"You reached the ""five practice sessions"" milestone.",milestone,,unread,"""2026-06-08T18:00:00.000Z""",,/engagement
142,64,milestone,Milestone achieved,"You reached the ""first mock exam completed"" milestone.",milestone,,unread,"""2026-06-08T18:00:00.000Z""",,/engagement
143,64,milestone,Milestone achieved,"You reached the ""first exam above 80"" milestone.",milestone,,unread,"""2026-06-08T18:00:00.000Z""",,/engagement
144,64,streak_update,Milestone achieved,"You reached the ""three day streak"" milestone.",milestone,,unread,"""2026-06-08T18:00:00.000Z""",,/engagement
145,65,weak_area_alert,Weak area detected,Your accuracy in Failure Rate is 0%. Consider focused practice.,topic,2765,unread,"""2026-05-31T10:53:29.000Z""",,/weak-areas
146,65,milestone,Milestone achieved,"You reached the ""first practice completed"" milestone.",milestone,,unread,"""2026-06-12T18:00:00.000Z""",,/engagement
147,65,milestone,Milestone achieved,"You reached the ""five practice sessions"" milestone.",milestone,,unread,"""2026-06-12T18:00:00.000Z""",,/engagement
148,65,milestone,Milestone achieved,"You reached the ""first mock exam completed"" milestone.",milestone,,unread,"""2026-06-12T18:00:00.000Z""",,/engagement
149,65,streak_update,Milestone achieved,"You reached the ""three day streak"" milestone.",milestone,,unread,"""2026-06-12T18:00:00.000Z""",,/engagement
150,66,weak_area_alert,Weak area detected,Your accuracy in Binary Search Trees is 0%. Consider focused practice.,topic,2965,unread,"""2026-05-14T21:11:49.000Z""",,/weak-areas
151,66,weak_area_alert,Weak area detected,Your accuracy in Organelles is 0%. Consider focused practice.,topic,2273,unread,"""2026-05-15T18:20:01.000Z""",,/weak-areas
152,66,milestone,Milestone achieved,"You reached the ""first practice completed"" milestone.",milestone,,unread,"""2026-05-21T18:00:00.000Z""",,/engagement
153,66,milestone,Milestone achieved,"You reached the ""five practice sessions"" milestone.",milestone,,unread,"""2026-05-21T18:00:00.000Z""",,/engagement
154,66,milestone,Milestone achieved,"You reached the ""first mock exam completed"" milestone.",milestone,,unread,"""2026-05-21T18:00:00.000Z""",,/engagement
155,66,streak_update,Milestone achieved,"You reached the ""three day streak"" milestone.",milestone,,unread,"""2026-05-21T18:00:00.000Z""",,/engagement
156,66,streak_update,Milestone achieved,"You reached the ""seven day streak"" milestone.",milestone,,unread,"""2026-05-21T18:00:00.000Z""",,/engagement
157,67,weak_area_alert,Weak area detected,Your accuracy in Keyways and Couplings is 0%. Consider focused practice.,topic,3077,unread,"""2026-05-12T19:01:12.000Z""",,/weak-areas
158,67,weak_area_alert,Weak area detected,Your accuracy in Linear Independence is 0%. Consider focused practice.,topic,1029,unread,"""2026-06-01T12:02:49.000Z""",,/weak-areas
159,67,milestone,Milestone achieved,"You reached the ""first practice completed"" milestone.",milestone,,unread,"""2026-06-05T18:00:00.000Z""",,/engagement
160,67,milestone,Milestone achieved,"You reached the ""five practice sessions"" milestone.",milestone,,unread,"""2026-06-05T18:00:00.000Z""",,/engagement
161,67,milestone,Milestone achieved,"You reached the ""first mock exam completed"" milestone.",milestone,,unread,"""2026-06-05T18:00:00.000Z""",,/engagement
162,67,streak_update,Milestone achieved,"You reached the ""three day streak"" milestone.",milestone,,unread,"""2026-06-05T18:00:00.000Z""",,/engagement
163,68,milestone,Milestone achieved,"You reached the ""first practice completed"" milestone.",milestone,,unread,"""2026-06-02T18:00:00.000Z""",,/engagement
164,68,milestone,Milestone achieved,"You reached the ""five practice sessions"" milestone.",milestone,,unread,"""2026-06-02T18:00:00.000Z""",,/engagement
165,68,milestone,Milestone achieved,"You reached the ""first mock exam completed"" milestone.",milestone,,unread,"""2026-06-02T18:00:00.000Z""",,/engagement
166,68,milestone,Milestone achieved,"You reached the ""first exam above 80"" milestone.",milestone,,unread,"""2026-06-02T18:00:00.000Z""",,/engagement
167,68,streak_update,Milestone achieved,"You reached the ""three day streak"" milestone.",milestone,,unread,"""2026-06-02T18:00:00.000Z""",,/engagement
168,69,weak_area_alert,Weak area detected,Your accuracy in Reinforcement Ratio is 0%. Consider focused practice.,topic,1381,unread,"""2026-06-08T17:42:40.000Z""",,/weak-areas
169,69,milestone,Milestone achieved,"You reached the ""first practice completed"" milestone.",milestone,,unread,"""2026-06-08T18:00:00.000Z""",,/engagement
170,69,milestone,Milestone achieved,"You reached the ""five practice sessions"" milestone.",milestone,,unread,"""2026-06-08T18:00:00.000Z""",,/engagement
171,69,milestone,Milestone achieved,"You reached the ""first mock exam completed"" milestone.",milestone,,unread,"""2026-06-08T18:00:00.000Z""",,/engagement
172,70,weak_area_alert,Weak area detected,Your accuracy in Requirement Modeling is 0%. Consider focused practice.,topic,2165,unread,"""2026-06-11T08:43:24.000Z""",,/weak-areas
173,70,weak_area_alert,Weak area detected,Your accuracy in Discrete-Time Signals is 0%. Consider focused practice.,topic,577,unread,"""2026-05-17T18:28:10.000Z""",,/weak-areas
174,70,milestone,Milestone achieved,"You reached the ""first practice completed"" milestone.",milestone,,unread,"""2026-06-12T18:00:00.000Z""",,/engagement
175,70,milestone,Milestone achieved,"You reached the ""five practice sessions"" milestone.",milestone,,unread,"""2026-06-12T18:00:00.000Z""",,/engagement
176,70,milestone,Milestone achieved,"You reached the ""first mock exam completed"" milestone.",milestone,,unread,"""2026-06-12T18:00:00.000Z""",,/engagement
177,70,streak_update,Milestone achieved,"You reached the ""three day streak"" milestone.",milestone,,unread,"""2026-06-12T18:00:00.000Z""",,/engagement
178,70,streak_update,Milestone achieved,"You reached the ""seven day streak"" milestone.",milestone,,unread,"""2026-06-12T18:00:00.000Z""",,/engagement
179,71,weak_area_alert,Weak area detected,Your accuracy in Timers and Counters is 0%. Consider focused practice.,topic,2121,unread,"""2026-05-22T16:43:24.000Z""",,/weak-areas
180,71,weak_area_alert,Weak area detected,Your accuracy in Environment Variables is 0%. Consider focused practice.,topic,1069,unread,"""2026-05-24T17:40:22.000Z""",,/weak-areas
181,71,weak_area_alert,Weak area detected,Your accuracy in Basic Networking Commands is 0%. Consider focused practice.,topic,1069,unread,"""2026-05-24T17:40:22.000Z""",,/weak-areas
182,71,weak_area_alert,Weak area detected,Your accuracy in Distillation is 0%. Consider focused practice.,topic,2341,unread,"""2026-05-26T18:52:42.000Z""",,/weak-areas
183,71,milestone,Milestone achieved,"You reached the ""first practice completed"" milestone.",milestone,,unread,"""2026-06-11T18:00:00.000Z""",,/engagement
184,71,milestone,Milestone achieved,"You reached the ""first mock exam completed"" milestone.",milestone,,unread,"""2026-06-11T18:00:00.000Z""",,/engagement
185,71,streak_update,Milestone achieved,"You reached the ""three day streak"" milestone.",milestone,,unread,"""2026-06-11T18:00:00.000Z""",,/engagement
186,72,milestone,Milestone achieved,"You reached the ""first practice completed"" milestone.",milestone,,unread,"""2026-06-08T18:00:00.000Z""",,/engagement
187,72,milestone,Milestone achieved,"You reached the ""five practice sessions"" milestone.",milestone,,unread,"""2026-06-08T18:00:00.000Z""",,/engagement
188,72,milestone,Milestone achieved,"You reached the ""first mock exam completed"" milestone.",milestone,,unread,"""2026-06-08T18:00:00.000Z""",,/engagement
189,72,milestone,Milestone achieved,"You reached the ""first exam above 80"" milestone.",milestone,,unread,"""2026-06-08T18:00:00.000Z""",,/engagement
190,72,streak_update,Milestone achieved,"You reached the ""three day streak"" milestone.",milestone,,unread,"""2026-06-08T18:00:00.000Z""",,/engagement
191,72,streak_update,Milestone achieved,"You reached the ""seven day streak"" milestone.",milestone,,unread,"""2026-06-08T18:00:00.000Z""",,/engagement
192,73,weak_area_alert,Weak area detected,Your accuracy in Block Flow Diagrams is 0%. Consider focused practice.,topic,2433,unread,"""2026-05-15T19:30:41.000Z""",,/weak-areas
193,73,milestone,Milestone achieved,"You reached the ""first practice completed"" milestone.",milestone,,unread,"""2026-06-10T18:00:00.000Z""",,/engagement
194,73,milestone,Milestone achieved,"You reached the ""five practice sessions"" milestone.",milestone,,unread,"""2026-06-10T18:00:00.000Z""",,/engagement
195,73,milestone,Milestone achieved,"You reached the ""first mock exam completed"" milestone.",milestone,,unread,"""2026-06-10T18:00:00.000Z""",,/engagement
196,73,streak_update,Milestone achieved,"You reached the ""three day streak"" milestone.",milestone,,unread,"""2026-06-10T18:00:00.000Z""",,/engagement
197,73,streak_update,Milestone achieved,"You reached the ""seven day streak"" milestone.",milestone,,unread,"""2026-06-10T18:00:00.000Z""",,/engagement
198,74,weak_area_alert,Weak area detected,Your accuracy in Molecular Orbitals is 0%. Consider focused practice.,topic,2361,unread,"""2026-06-05T14:07:30.000Z""",,/weak-areas
199,74,weak_area_alert,Weak area detected,Your accuracy in Method of Joints is 0%. Consider focused practice.,topic,1401,unread,"""2026-06-07T18:18:09.000Z""",,/weak-areas
200,74,weak_area_alert,Weak area detected,Your accuracy in Zero-Force Members is 0%. Consider focused practice.,topic,1401,unread,"""2026-06-07T18:18:09.000Z""",,/weak-areas
201,74,milestone,Milestone achieved,"You reached the ""first practice completed"" milestone.",milestone,,unread,"""2026-06-07T18:00:00.000Z""",,/engagement
202,74,milestone,Milestone achieved,"You reached the ""five practice sessions"" milestone.",milestone,,unread,"""2026-06-07T18:00:00.000Z""",,/engagement
203,74,milestone,Milestone achieved,"You reached the ""first mock exam completed"" milestone.",milestone,,unread,"""2026-06-07T18:00:00.000Z""",,/engagement
204,74,streak_update,Milestone achieved,"You reached the ""three day streak"" milestone.",milestone,,unread,"""2026-06-07T18:00:00.000Z""",,/engagement
205,74,streak_update,Milestone achieved,"You reached the ""seven day streak"" milestone.",milestone,,unread,"""2026-06-07T18:00:00.000Z""",,/engagement
206,75,weak_area_alert,Weak area detected,Your accuracy in Basis and Dimension is 8%. Consider focused practice.,topic,148,unread,"""2026-06-06T09:39:20.000Z""",,/weak-areas
207,75,milestone,Milestone achieved,"You reached the ""first practice completed"" milestone.",milestone,,unread,"""2026-06-06T18:00:00.000Z""",,/engagement
208,75,milestone,Milestone achieved,"You reached the ""five practice sessions"" milestone.",milestone,,unread,"""2026-06-06T18:00:00.000Z""",,/engagement
209,75,milestone,Milestone achieved,"You reached the ""first mock exam completed"" milestone.",milestone,,unread,"""2026-06-06T18:00:00.000Z""",,/engagement
210,75,milestone,Milestone achieved,"You reached the ""first exam above 80"" milestone.",milestone,,unread,"""2026-06-06T18:00:00.000Z""",,/engagement
211,75,streak_update,Milestone achieved,"You reached the ""three day streak"" milestone.",milestone,,unread,"""2026-06-06T18:00:00.000Z""",,/engagement
212,76,weak_area_alert,Weak area detected,Your accuracy in Yield Strength is 0%. Consider focused practice.,topic,1717,unread,"""2026-05-12T09:16:00.000Z""",,/weak-areas
213,76,milestone,Milestone achieved,"You reached the ""first practice completed"" milestone.",milestone,,unread,"""2026-06-05T18:00:00.000Z""",,/engagement
214,76,milestone,Milestone achieved,"You reached the ""first mock exam completed"" milestone.",milestone,,unread,"""2026-06-05T18:00:00.000Z""",,/engagement
215,76,streak_update,Milestone achieved,"You reached the ""three day streak"" milestone.",milestone,,unread,"""2026-06-05T18:00:00.000Z""",,/engagement
216,77,weak_area_alert,Weak area detected,Your accuracy in Classification Metrics is 0%. Consider focused practice.,topic,85,unread,"""2026-06-04T13:34:06.000Z""",,/weak-areas
217,77,weak_area_alert,Weak area detected,Your accuracy in Overfitting and Underfitting is 0%. Consider focused practice.,topic,88,unread,"""2026-06-04T13:34:06.000Z""",,/weak-areas
218,77,weak_area_alert,Weak area detected,Your accuracy in First-Order Response is 0%. Consider focused practice.,topic,316,unread,"""2026-06-07T20:13:28.000Z""",,/weak-areas
219,77,weak_area_alert,Weak area detected,Your accuracy in Second-Order Response is 0%. Consider focused practice.,topic,316,unread,"""2026-06-07T20:13:28.000Z""",,/weak-areas
220,77,weak_area_alert,Weak area detected,Your accuracy in Kinetic Energy is 0%. Consider focused practice.,topic,367,unread,"""2026-06-04T11:56:12.000Z""",,/weak-areas
221,77,weak_area_alert,Weak area detected,Your accuracy in Frequency Response is 0%. Consider focused practice.,topic,322,unread,"""2026-06-07T20:13:28.000Z""",,/weak-areas
222,77,milestone,Milestone achieved,"You reached the ""first practice completed"" milestone.",milestone,,unread,"""2026-06-07T18:00:00.000Z""",,/engagement
223,77,milestone,Milestone achieved,"You reached the ""five practice sessions"" milestone.",milestone,,unread,"""2026-06-07T18:00:00.000Z""",,/engagement
224,77,milestone,Milestone achieved,"You reached the ""first mock exam completed"" milestone.",milestone,,unread,"""2026-06-07T18:00:00.000Z""",,/engagement
225,78,milestone,Milestone achieved,"You reached the ""first practice completed"" milestone.",milestone,,unread,"""2026-06-18T18:00:00.000Z""",,/engagement
226,78,milestone,Milestone achieved,"You reached the ""five practice sessions"" milestone.",milestone,,unread,"""2026-06-18T18:00:00.000Z""",,/engagement
227,78,milestone,Milestone achieved,"You reached the ""first mock exam completed"" milestone.",milestone,,unread,"""2026-06-18T18:00:00.000Z""",,/engagement
228,78,milestone,Milestone achieved,"You reached the ""first exam above 80"" milestone.",milestone,,unread,"""2026-06-18T18:00:00.000Z""",,/engagement
229,78,streak_update,Milestone achieved,"You reached the ""three day streak"" milestone.",milestone,,unread,"""2026-06-18T18:00:00.000Z""",,/engagement
230,78,streak_update,Milestone achieved,"You reached the ""seven day streak"" milestone.",milestone,,unread,"""2026-06-18T18:00:00.000Z""",,/engagement
231,79,weak_area_alert,Weak area detected,Your accuracy in Main Memory Access is 0%. Consider focused practice.,topic,777,unread,"""2026-05-15T21:11:50.000Z""",,/weak-areas
232,79,weak_area_alert,Weak area detected,Your accuracy in Pipeline Hazards is 0%. Consider focused practice.,topic,781,unread,"""2026-05-15T12:42:59.000Z""",,/weak-areas
233,79,weak_area_alert,Weak area detected,Your accuracy in Hit and Miss Rates is 14%. Consider focused practice.,topic,777,unread,"""2026-05-30T12:14:16.000Z""",,/weak-areas
234,79,weak_area_alert,Weak area detected,Your accuracy in Cache Mapping is 0%. Consider focused practice.,topic,777,unread,"""2026-05-15T21:11:50.000Z""",,/weak-areas
235,79,weak_area_alert,Weak area detected,Your accuracy in Two's Complement is 0%. Consider focused practice.,topic,769,unread,"""2026-05-15T12:42:59.000Z""",,/weak-areas
236,79,weak_area_alert,Weak area detected,Your accuracy in Bioreactors is 0%. Consider focused practice.,topic,2401,unread,"""2026-05-17T11:54:33.000Z""",,/weak-areas
237,79,milestone,Milestone achieved,"You reached the ""first practice completed"" milestone.",milestone,,unread,"""2026-05-30T18:00:00.000Z""",,/engagement
238,79,milestone,Milestone achieved,"You reached the ""first mock exam completed"" milestone.",milestone,,unread,"""2026-05-30T18:00:00.000Z""",,/engagement
239,79,streak_update,Milestone achieved,"You reached the ""three day streak"" milestone.",milestone,,unread,"""2026-05-30T18:00:00.000Z""",,/engagement
240,79,streak_update,Milestone achieved,"You reached the ""seven day streak"" milestone.",milestone,,unread,"""2026-05-30T18:00:00.000Z""",,/engagement
241,80,weak_area_alert,Weak area detected,Your accuracy in Units and Dimensions is 0%. Consider focused practice.,topic,337,unread,"""2026-05-16T21:19:57.000Z""",,/weak-areas
242,80,milestone,Milestone achieved,"You reached the ""first practice completed"" milestone.",milestone,,unread,"""2026-05-23T18:00:00.000Z""",,/engagement
243,80,milestone,Milestone achieved,"You reached the ""first mock exam completed"" milestone.",milestone,,unread,"""2026-05-23T18:00:00.000Z""",,/engagement
244,80,streak_update,Milestone achieved,"You reached the ""three day streak"" milestone.",milestone,,unread,"""2026-05-23T18:00:00.000Z""",,/engagement
245,80,streak_update,Milestone achieved,"You reached the ""seven day streak"" milestone.",milestone,,unread,"""2026-05-23T18:00:00.000Z""",,/engagement
246,81,milestone,Milestone achieved,"You reached the ""first practice completed"" milestone.",milestone,,unread,"""2026-06-09T18:00:00.000Z""",,/engagement
247,81,milestone,Milestone achieved,"You reached the ""first mock exam completed"" milestone.",milestone,,unread,"""2026-06-09T18:00:00.000Z""",,/engagement
248,81,milestone,Milestone achieved,"You reached the ""first exam above 80"" milestone.",milestone,,unread,"""2026-06-09T18:00:00.000Z""",,/engagement
249,81,streak_update,Milestone achieved,"You reached the ""three day streak"" milestone.",milestone,,unread,"""2026-06-09T18:00:00.000Z""",,/engagement
250,81,streak_update,Milestone achieved,"You reached the ""seven day streak"" milestone.",milestone,,unread,"""2026-06-09T18:00:00.000Z""",,/engagement
251,82,milestone,Milestone achieved,"You reached the ""first practice completed"" milestone.",milestone,,unread,"""2026-05-29T18:00:00.000Z""",,/engagement
252,82,milestone,Milestone achieved,"You reached the ""first mock exam completed"" milestone.",milestone,,unread,"""2026-05-29T18:00:00.000Z""",,/engagement
253,82,streak_update,Milestone achieved,"You reached the ""three day streak"" milestone.",milestone,,unread,"""2026-05-29T18:00:00.000Z""",,/engagement
254,83,milestone,Milestone achieved,"You reached the ""first practice completed"" milestone.",milestone,,unread,"""2026-06-12T18:00:00.000Z""",,/engagement
255,83,milestone,Milestone achieved,"You reached the ""first mock exam completed"" milestone.",milestone,,unread,"""2026-06-12T18:00:00.000Z""",,/engagement
256,83,milestone,Milestone achieved,"You reached the ""first exam above 80"" milestone.",milestone,,unread,"""2026-06-12T18:00:00.000Z""",,/engagement
257,84,weak_area_alert,Weak area detected,Your accuracy in Units and Dimensions is 0%. Consider focused practice.,topic,2241,unread,"""2026-05-31T10:37:22.000Z""",,/weak-areas
258,84,weak_area_alert,Weak area detected,Your accuracy in Concentration Measures is 0%. Consider focused practice.,topic,2241,unread,"""2026-05-28T19:34:57.000Z""",,/weak-areas
259,84,milestone,Milestone achieved,"You reached the ""first practice completed"" milestone.",milestone,,unread,"""2026-06-09T18:00:00.000Z""",,/engagement
260,84,milestone,Milestone achieved,"You reached the ""first mock exam completed"" milestone.",milestone,,unread,"""2026-06-09T18:00:00.000Z""",,/engagement
261,84,streak_update,Milestone achieved,"You reached the ""three day streak"" milestone.",milestone,,unread,"""2026-06-09T18:00:00.000Z""",,/engagement
262,84,streak_update,Milestone achieved,"You reached the ""seven day streak"" milestone.",milestone,,unread,"""2026-06-09T18:00:00.000Z""",,/engagement
263,85,weak_area_alert,Weak area detected,Your accuracy in Plot Commands is 0%. Consider focused practice.,topic,1881,unread,"""2026-06-17T19:00:05.000Z""",,/weak-areas
264,85,milestone,Milestone achieved,"You reached the ""first practice completed"" milestone.",milestone,,unread,"""2026-06-17T18:00:00.000Z""",,/engagement
265,85,milestone,Milestone achieved,"You reached the ""five practice sessions"" milestone.",milestone,,unread,"""2026-06-17T18:00:00.000Z""",,/engagement
266,85,milestone,Milestone achieved,"You reached the ""first mock exam completed"" milestone.",milestone,,unread,"""2026-06-17T18:00:00.000Z""",,/engagement
267,85,milestone,Milestone achieved,"You reached the ""first exam above 80"" milestone.",milestone,,unread,"""2026-06-17T18:00:00.000Z""",,/engagement
268,85,streak_update,Milestone achieved,"You reached the ""three day streak"" milestone.",milestone,,unread,"""2026-06-17T18:00:00.000Z""",,/engagement
269,85,streak_update,Milestone achieved,"You reached the ""seven day streak"" milestone.",milestone,,unread,"""2026-06-17T18:00:00.000Z""",,/engagement
270,86,weak_area_alert,Weak area detected,Your accuracy in Anchorage Length is 0%. Consider focused practice.,topic,1389,unread,"""2026-05-30T12:49:32.000Z""",,/weak-areas
271,86,weak_area_alert,Weak area detected,Your accuracy in Stirrup Layout is 0%. Consider focused practice.,topic,1389,unread,"""2026-05-26T20:47:54.000Z""",,/weak-areas
272,86,weak_area_alert,Weak area detected,Your accuracy in Crack Width Checks is 0%. Consider focused practice.,topic,1385,unread,"""2026-05-27T20:32:52.000Z""",,/weak-areas
273,86,weak_area_alert,Weak area detected,Your accuracy in Curing Effects is 0%. Consider focused practice.,topic,1269,unread,"""2026-05-23T21:51:32.000Z""",,/weak-areas
274,86,milestone,Milestone achieved,"You reached the ""first practice completed"" milestone.",milestone,,unread,"""2026-06-04T18:00:00.000Z""",,/engagement
275,86,milestone,Milestone achieved,"You reached the ""five practice sessions"" milestone.",milestone,,unread,"""2026-06-04T18:00:00.000Z""",,/engagement
276,86,milestone,Milestone achieved,"You reached the ""first mock exam completed"" milestone.",milestone,,unread,"""2026-06-04T18:00:00.000Z""",,/engagement
277,86,milestone,Milestone achieved,"You reached the ""first exam above 80"" milestone.",milestone,,unread,"""2026-06-04T18:00:00.000Z""",,/engagement
278,87,milestone,Milestone achieved,"You reached the ""first practice completed"" milestone.",milestone,,unread,"""2026-06-11T18:00:00.000Z""",,/engagement
279,87,milestone,Milestone achieved,"You reached the ""five practice sessions"" milestone.",milestone,,unread,"""2026-06-11T18:00:00.000Z""",,/engagement
280,87,milestone,Milestone achieved,"You reached the ""first mock exam completed"" milestone.",milestone,,unread,"""2026-06-11T18:00:00.000Z""",,/engagement
281,88,milestone,Milestone achieved,"You reached the ""first practice completed"" milestone.",milestone,,unread,"""2026-06-10T18:00:00.000Z""",,/engagement
282,88,milestone,Milestone achieved,"You reached the ""first mock exam completed"" milestone.",milestone,,unread,"""2026-06-10T18:00:00.000Z""",,/engagement
283,88,milestone,Milestone achieved,"You reached the ""first exam above 80"" milestone.",milestone,,unread,"""2026-06-10T18:00:00.000Z""",,/engagement
284,88,streak_update,Milestone achieved,"You reached the ""three day streak"" milestone.",milestone,,unread,"""2026-06-10T18:00:00.000Z""",,/engagement
285,88,streak_update,Milestone achieved,"You reached the ""seven day streak"" milestone.",milestone,,unread,"""2026-06-10T18:00:00.000Z""",,/engagement
286,89,milestone,Milestone achieved,"You reached the ""first practice completed"" milestone.",milestone,,unread,"""2026-06-18T18:00:00.000Z""",,/engagement
287,89,milestone,Milestone achieved,"You reached the ""five practice sessions"" milestone.",milestone,,unread,"""2026-06-18T18:00:00.000Z""",,/engagement
288,89,milestone,Milestone achieved,"You reached the ""first mock exam completed"" milestone.",milestone,,unread,"""2026-06-18T18:00:00.000Z""",,/engagement
289,89,streak_update,Milestone achieved,"You reached the ""three day streak"" milestone.",milestone,,unread,"""2026-06-18T18:00:00.000Z""",,/engagement
290,89,streak_update,Milestone achieved,"You reached the ""seven day streak"" milestone.",milestone,,unread,"""2026-06-18T18:00:00.000Z""",,/engagement
291,90,milestone,Milestone achieved,"You reached the ""first practice completed"" milestone.",milestone,,unread,"""2026-06-03T18:00:00.000Z""",,/engagement
292,90,milestone,Milestone achieved,"You reached the ""five practice sessions"" milestone.",milestone,,unread,"""2026-06-03T18:00:00.000Z""",,/engagement
293,90,milestone,Milestone achieved,"You reached the ""first mock exam completed"" milestone.",milestone,,unread,"""2026-06-03T18:00:00.000Z""",,/engagement
294,90,streak_update,Milestone achieved,"You reached the ""three day streak"" milestone.",milestone,,unread,"""2026-06-03T18:00:00.000Z""",,/engagement
295,90,streak_update,Milestone achieved,"You reached the ""seven day streak"" milestone.",milestone,,unread,"""2026-06-03T18:00:00.000Z""",,/engagement
296,91,weak_area_alert,Weak area detected,Your accuracy in Steady-State Balances is 0%. Consider focused practice.,topic,2213,unread,"""2026-06-06T08:00:34.000Z""",,/weak-areas
297,91,milestone,Milestone achieved,"You reached the ""first practice completed"" milestone.",milestone,,unread,"""2026-06-06T18:00:00.000Z""",,/engagement
298,91,milestone,Milestone achieved,"You reached the ""first mock exam completed"" milestone.",milestone,,unread,"""2026-06-06T18:00:00.000Z""",,/engagement
299,91,milestone,Milestone achieved,"You reached the ""first exam above 80"" milestone.",milestone,,unread,"""2026-06-06T18:00:00.000Z""",,/engagement
300,91,streak_update,Milestone achieved,"You reached the ""three day streak"" milestone.",milestone,,unread,"""2026-06-06T18:00:00.000Z""",,/engagement
301,92,weak_area_alert,Weak area detected,Your accuracy in Normal Stress is 0%. Consider focused practice.,topic,169,unread,"""2026-06-02T13:13:04.000Z""",,/weak-areas
302,92,weak_area_alert,Weak area detected,Your accuracy in Symmetric Encryption is 0%. Consider focused practice.,topic,100,unread,"""2026-05-29T10:28:00.000Z""",,/weak-areas
303,92,milestone,Milestone achieved,"You reached the ""first practice completed"" milestone.",milestone,,unread,"""2026-06-03T18:00:00.000Z""",,/engagement
304,92,milestone,Milestone achieved,"You reached the ""five practice sessions"" milestone.",milestone,,unread,"""2026-06-03T18:00:00.000Z""",,/engagement
305,92,milestone,Milestone achieved,"You reached the ""first mock exam completed"" milestone.",milestone,,unread,"""2026-06-03T18:00:00.000Z""",,/engagement
306,92,streak_update,Milestone achieved,"You reached the ""three day streak"" milestone.",milestone,,unread,"""2026-06-03T18:00:00.000Z""",,/engagement
307,92,streak_update,Milestone achieved,"You reached the ""seven day streak"" milestone.",milestone,,unread,"""2026-06-03T18:00:00.000Z""",,/engagement
308,93,weak_area_alert,Weak area detected,Your accuracy in Locking and Isolation Levels is 0%. Consider focused practice.,topic,2589,unread,"""2026-05-27T15:12:54.000Z""",,/weak-areas
309,93,milestone,Milestone achieved,"You reached the ""first practice completed"" milestone.",milestone,,unread,"""2026-06-08T18:00:00.000Z""",,/engagement
310,93,milestone,Milestone achieved,"You reached the ""five practice sessions"" milestone.",milestone,,unread,"""2026-06-08T18:00:00.000Z""",,/engagement
311,93,milestone,Milestone achieved,"You reached the ""first mock exam completed"" milestone.",milestone,,unread,"""2026-06-08T18:00:00.000Z""",,/engagement
312,94,weak_area_alert,Weak area detected,Your accuracy in Bending Stress is 0%. Consider focused practice.,topic,1257,unread,"""2026-06-16T08:29:33.000Z""",,/weak-areas
313,94,weak_area_alert,Weak area detected,Your accuracy in Instruction Cycle is 0%. Consider focused practice.,topic,773,unread,"""2026-06-18T16:23:24.000Z""",,/weak-areas
314,94,milestone,Milestone achieved,"You reached the ""first practice completed"" milestone.",milestone,,unread,"""2026-06-19T18:00:00.000Z""",,/engagement
315,94,milestone,Milestone achieved,"You reached the ""five practice sessions"" milestone.",milestone,,unread,"""2026-06-19T18:00:00.000Z""",,/engagement
316,94,milestone,Milestone achieved,"You reached the ""first mock exam completed"" milestone.",milestone,,unread,"""2026-06-19T18:00:00.000Z""",,/engagement
317,94,streak_update,Milestone achieved,"You reached the ""three day streak"" milestone.",milestone,,unread,"""2026-06-19T18:00:00.000Z""",,/engagement
318,94,streak_update,Milestone achieved,"You reached the ""seven day streak"" milestone.",milestone,,unread,"""2026-06-19T18:00:00.000Z""",,/engagement
319,95,weak_area_alert,Weak area detected,Your accuracy in Shortest Path is 0%. Consider focused practice.,topic,460,unread,"""2026-06-10T09:13:12.000Z""",,/weak-areas
320,95,weak_area_alert,Weak area detected,Your accuracy in Assignment Constraints is 0%. Consider focused practice.,topic,463,unread,"""2026-06-08T19:29:57.000Z""",,/weak-areas
321,95,weak_area_alert,Weak area detected,Your accuracy in Addition Reactions is 0%. Consider focused practice.,topic,2261,unread,"""2026-06-08T20:24:37.000Z""",,/weak-areas
322,95,milestone,Milestone achieved,"You reached the ""first practice completed"" milestone.",milestone,,unread,"""2026-06-10T18:00:00.000Z""",,/engagement
323,95,milestone,Milestone achieved,"You reached the ""first mock exam completed"" milestone.",milestone,,unread,"""2026-06-10T18:00:00.000Z""",,/engagement
324,95,streak_update,Milestone achieved,"You reached the ""three day streak"" milestone.",milestone,,unread,"""2026-06-10T18:00:00.000Z""",,/engagement
325,96,weak_area_alert,Weak area detected,Your accuracy in Concurrency Anomalies is 0%. Consider focused practice.,topic,46,unread,"""2026-05-19T09:17:25.000Z""",,/weak-areas
326,96,milestone,Milestone achieved,"You reached the ""first practice completed"" milestone.",milestone,,unread,"""2026-05-24T18:00:00.000Z""",,/engagement
327,96,milestone,Milestone achieved,"You reached the ""first mock exam completed"" milestone.",milestone,,unread,"""2026-05-24T18:00:00.000Z""",,/engagement
328,96,streak_update,Milestone achieved,"You reached the ""three day streak"" milestone.",milestone,,unread,"""2026-05-24T18:00:00.000Z""",,/engagement
329,96,streak_update,Milestone achieved,"You reached the ""seven day streak"" milestone.",milestone,,unread,"""2026-05-24T18:00:00.000Z""",,/engagement
330,97,weak_area_alert,Weak area detected,Your accuracy in Heat Transfer is 0%. Consider focused practice.,topic,2337,unread,"""2026-05-20T10:05:12.000Z""",,/weak-areas
331,97,milestone,Milestone achieved,"You reached the ""first practice completed"" milestone.",milestone,,unread,"""2026-05-25T18:00:00.000Z""",,/engagement
332,97,milestone,Milestone achieved,"You reached the ""first mock exam completed"" milestone.",milestone,,unread,"""2026-05-25T18:00:00.000Z""",,/engagement
333,97,milestone,Milestone achieved,"You reached the ""first exam above 80"" milestone.",milestone,,unread,"""2026-05-25T18:00:00.000Z""",,/engagement
334,97,streak_update,Milestone achieved,"You reached the ""three day streak"" milestone.",milestone,,unread,"""2026-05-25T18:00:00.000Z""",,/engagement
335,97,streak_update,Milestone achieved,"You reached the ""seven day streak"" milestone.",milestone,,unread,"""2026-05-25T18:00:00.000Z""",,/engagement
336,98,weak_area_alert,Weak area detected,Your accuracy in Cracked Section Behavior is 0%. Consider focused practice.,topic,1569,unread,"""2026-06-13T10:03:43.000Z""",,/weak-areas
337,98,weak_area_alert,Weak area detected,Your accuracy in Method of Sections is 0%. Consider focused practice.,topic,247,unread,"""2026-06-06T16:38:23.000Z""",,/weak-areas
338,98,milestone,Milestone achieved,"You reached the ""first practice completed"" milestone.",milestone,,unread,"""2026-06-14T18:00:00.000Z""",,/engagement
339,98,milestone,Milestone achieved,"You reached the ""five practice sessions"" milestone.",milestone,,unread,"""2026-06-14T18:00:00.000Z""",,/engagement
340,98,milestone,Milestone achieved,"You reached the ""first mock exam completed"" milestone.",milestone,,unread,"""2026-06-14T18:00:00.000Z""",,/engagement
341,98,milestone,Milestone achieved,"You reached the ""first exam above 80"" milestone.",milestone,,unread,"""2026-06-14T18:00:00.000Z""",,/engagement
342,98,streak_update,Milestone achieved,"You reached the ""three day streak"" milestone.",milestone,,unread,"""2026-06-14T18:00:00.000Z""",,/engagement
343,99,weak_area_alert,Weak area detected,Your accuracy in Chromatography is 0%. Consider focused practice.,topic,2201,unread,"""2026-06-12T11:56:39.000Z""",,/weak-areas
344,99,milestone,Milestone achieved,"You reached the ""first practice completed"" milestone.",milestone,,unread,"""2026-06-12T18:00:00.000Z""",,/engagement
345,99,milestone,Milestone achieved,"You reached the ""five practice sessions"" milestone.",milestone,,unread,"""2026-06-12T18:00:00.000Z""",,/engagement
346,99,milestone,Milestone achieved,"You reached the ""first mock exam completed"" milestone.",milestone,,unread,"""2026-06-12T18:00:00.000Z""",,/engagement
347,100,weak_area_alert,Weak area detected,Your accuracy in Introduction to Engineering Geology Governing Principles is 0%. Consider focused practice.,topic,1233,unread,"""2026-05-25T11:50:17.000Z""",,/weak-areas
348,100,weak_area_alert,Weak area detected,Your accuracy in Introduction to Engineering Geology Result Verification is 0%. Consider focused practice.,topic,1241,unread,"""2026-05-25T11:50:17.000Z""",,/weak-areas
349,100,milestone,Milestone achieved,"You reached the ""first practice completed"" milestone.",milestone,,unread,"""2026-06-04T18:00:00.000Z""",,/engagement
350,100,milestone,Milestone achieved,"You reached the ""first mock exam completed"" milestone.",milestone,,unread,"""2026-06-04T18:00:00.000Z""",,/engagement
351,100,milestone,Milestone achieved,"You reached the ""first exam above 80"" milestone.",milestone,,unread,"""2026-06-04T18:00:00.000Z""",,/engagement
352,100,streak_update,Milestone achieved,"You reached the ""three day streak"" milestone.",milestone,,unread,"""2026-06-04T18:00:00.000Z""",,/engagement
353,101,weak_area_alert,Weak area detected,Your accuracy in Minimum Spanning Tree is 0%. Consider focused practice.,topic,460,unread,"""2026-05-17T09:09:51.000Z""",,/weak-areas
354,101,weak_area_alert,Weak area detected,Your accuracy in Plot Commands is 0%. Consider focused practice.,topic,2233,unread,"""2026-05-18T14:28:39.000Z""",,/weak-areas
355,101,milestone,Milestone achieved,"You reached the ""first practice completed"" milestone.",milestone,,unread,"""2026-06-05T18:00:00.000Z""",,/engagement
356,101,milestone,Milestone achieved,"You reached the ""first mock exam completed"" milestone.",milestone,,unread,"""2026-06-05T18:00:00.000Z""",,/engagement
357,101,streak_update,Milestone achieved,"You reached the ""three day streak"" milestone.",milestone,,unread,"""2026-06-05T18:00:00.000Z""",,/engagement
358,101,streak_update,Milestone achieved,"You reached the ""seven day streak"" milestone.",milestone,,unread,"""2026-06-05T18:00:00.000Z""",,/engagement
359,102,milestone,Milestone achieved,"You reached the ""first practice completed"" milestone.",milestone,,unread,"""2026-06-07T18:00:00.000Z""",,/engagement
360,102,milestone,Milestone achieved,"You reached the ""five practice sessions"" milestone.",milestone,,unread,"""2026-06-07T18:00:00.000Z""",,/engagement
361,102,milestone,Milestone achieved,"You reached the ""first mock exam completed"" milestone.",milestone,,unread,"""2026-06-07T18:00:00.000Z""",,/engagement
362,102,streak_update,Milestone achieved,"You reached the ""three day streak"" milestone.",milestone,,unread,"""2026-06-07T18:00:00.000Z""",,/engagement
363,103,milestone,Milestone achieved,"You reached the ""first practice completed"" milestone.",milestone,,unread,"""2026-06-08T18:00:00.000Z""",,/engagement
364,103,milestone,Milestone achieved,"You reached the ""first mock exam completed"" milestone.",milestone,,unread,"""2026-06-08T18:00:00.000Z""",,/engagement
365,103,milestone,Milestone achieved,"You reached the ""first exam above 80"" milestone.",milestone,,unread,"""2026-06-08T18:00:00.000Z""",,/engagement
366,103,streak_update,Milestone achieved,"You reached the ""three day streak"" milestone.",milestone,,unread,"""2026-06-08T18:00:00.000Z""",,/engagement
367,104,weak_area_alert,Weak area detected,Your accuracy in Graph-Based Proofs is 0%. Consider focused practice.,topic,765,unread,"""2026-06-05T20:04:48.000Z""",,/weak-areas
368,104,weak_area_alert,Weak area detected,Your accuracy in Induction is 0%. Consider focused practice.,topic,765,unread,"""2026-05-09T20:59:09.000Z""",,/weak-areas
369,104,weak_area_alert,Weak area detected,Your accuracy in Combinatorial Arguments is 0%. Consider focused practice.,topic,761,unread,"""2026-06-05T20:04:48.000Z""",,/weak-areas
370,104,weak_area_alert,Weak area detected,Your accuracy in Truth Tables is 0%. Consider focused practice.,topic,753,unread,"""2026-05-09T19:22:56.000Z""",,/weak-areas
371,104,weak_area_alert,Weak area detected,Your accuracy in Logical Equivalence is 0%. Consider focused practice.,topic,753,unread,"""2026-06-05T20:04:48.000Z""",,/weak-areas
372,104,weak_area_alert,Weak area detected,Your accuracy in Inference Rules is 0%. Consider focused practice.,topic,753,unread,"""2026-05-06T17:30:55.000Z""",,/weak-areas
373,104,weak_area_alert,Weak area detected,Your accuracy in Routh-Hurwitz Criterion is 0%. Consider focused practice.,topic,319,unread,"""2026-05-24T19:12:56.000Z""",,/weak-areas
374,104,weak_area_alert,Weak area detected,Your accuracy in Poles and Zeros is 0%. Consider focused practice.,topic,319,unread,"""2026-05-26T14:42:34.000Z""",,/weak-areas
375,104,weak_area_alert,Weak area detected,Your accuracy in Molecular Weight Distribution is 0%. Consider focused practice.,topic,2369,unread,"""2026-06-09T18:01:36.000Z""",,/weak-areas
376,104,milestone,Milestone achieved,"You reached the ""first practice completed"" milestone.",milestone,,unread,"""2026-06-09T18:00:00.000Z""",,/engagement
377,104,milestone,Milestone achieved,"You reached the ""five practice sessions"" milestone.",milestone,,unread,"""2026-06-09T18:00:00.000Z""",,/engagement
378,104,milestone,Milestone achieved,"You reached the ""first mock exam completed"" milestone.",milestone,,unread,"""2026-06-09T18:00:00.000Z""",,/engagement
379,105,milestone,Milestone achieved,"You reached the ""first practice completed"" milestone.",milestone,,unread,"""2026-06-04T18:00:00.000Z""",,/engagement
380,105,milestone,Milestone achieved,"You reached the ""first mock exam completed"" milestone.",milestone,,unread,"""2026-06-04T18:00:00.000Z""",,/engagement
381,105,streak_update,Milestone achieved,"You reached the ""three day streak"" milestone.",milestone,,unread,"""2026-06-04T18:00:00.000Z""",,/engagement
382,105,streak_update,Milestone achieved,"You reached the ""seven day streak"" milestone.",milestone,,unread,"""2026-06-04T18:00:00.000Z""",,/engagement
383,106,weak_area_alert,Weak area detected,Your accuracy in Decision Errors is 0%. Consider focused practice.,topic,2817,unread,"""2026-06-16T12:53:01.000Z""",,/weak-areas
384,106,milestone,Milestone achieved,"You reached the ""first practice completed"" milestone.",milestone,,unread,"""2026-06-17T18:00:00.000Z""",,/engagement
385,106,milestone,Milestone achieved,"You reached the ""first mock exam completed"" milestone.",milestone,,unread,"""2026-06-17T18:00:00.000Z""",,/engagement
386,106,streak_update,Milestone achieved,"You reached the ""three day streak"" milestone.",milestone,,unread,"""2026-06-17T18:00:00.000Z""",,/engagement
387,106,streak_update,Milestone achieved,"You reached the ""seven day streak"" milestone.",milestone,,unread,"""2026-06-17T18:00:00.000Z""",,/engagement
388,107,milestone,Milestone achieved,"You reached the ""first practice completed"" milestone.",milestone,,unread,"""2026-06-10T18:00:00.000Z""",,/engagement
389,107,milestone,Milestone achieved,"You reached the ""five practice sessions"" milestone.",milestone,,unread,"""2026-06-10T18:00:00.000Z""",,/engagement
390,107,milestone,Milestone achieved,"You reached the ""first mock exam completed"" milestone.",milestone,,unread,"""2026-06-10T18:00:00.000Z""",,/engagement
391,107,milestone,Milestone achieved,"You reached the ""first exam above 80"" milestone.",milestone,,unread,"""2026-06-10T18:00:00.000Z""",,/engagement
392,107,streak_update,Milestone achieved,"You reached the ""three day streak"" milestone.",milestone,,unread,"""2026-06-10T18:00:00.000Z""",,/engagement
393,108,weak_area_alert,Weak area detected,Your accuracy in Characteristic Impedance is 0%. Consider focused practice.,topic,3457,unread,"""2026-06-08T15:16:10.000Z""",,/weak-areas
394,108,milestone,Milestone achieved,"You reached the ""first practice completed"" milestone.",milestone,,unread,"""2026-06-08T18:00:00.000Z""",,/engagement
395,108,milestone,Milestone achieved,"You reached the ""five practice sessions"" milestone.",milestone,,unread,"""2026-06-08T18:00:00.000Z""",,/engagement
396,108,milestone,Milestone achieved,"You reached the ""first mock exam completed"" milestone.",milestone,,unread,"""2026-06-08T18:00:00.000Z""",,/engagement
397,108,milestone,Milestone achieved,"You reached the ""first exam above 80"" milestone.",milestone,,unread,"""2026-06-08T18:00:00.000Z""",,/engagement
398,109,weak_area_alert,Weak area detected,Your accuracy in Gear Ratios is 0%. Consider focused practice.,topic,3081,unread,"""2026-05-25T17:45:44.000Z""",,/weak-areas
399,109,milestone,Milestone achieved,"You reached the ""first practice completed"" milestone.",milestone,,unread,"""2026-06-07T18:00:00.000Z""",,/engagement
400,109,milestone,Milestone achieved,"You reached the ""five practice sessions"" milestone.",milestone,,unread,"""2026-06-07T18:00:00.000Z""",,/engagement
401,109,milestone,Milestone achieved,"You reached the ""first mock exam completed"" milestone.",milestone,,unread,"""2026-06-07T18:00:00.000Z""",,/engagement
402,109,milestone,Milestone achieved,"You reached the ""first exam above 80"" milestone.",milestone,,unread,"""2026-06-07T18:00:00.000Z""",,/engagement
403,109,streak_update,Milestone achieved,"You reached the ""three day streak"" milestone.",milestone,,unread,"""2026-06-07T18:00:00.000Z""",,/engagement
404,110,milestone,Milestone achieved,"You reached the ""first practice completed"" milestone.",milestone,,unread,"""2026-06-12T18:00:00.000Z""",,/engagement
405,110,milestone,Milestone achieved,"You reached the ""first mock exam completed"" milestone.",milestone,,unread,"""2026-06-12T18:00:00.000Z""",,/engagement
406,110,milestone,Milestone achieved,"You reached the ""first exam above 80"" milestone.",milestone,,unread,"""2026-06-12T18:00:00.000Z""",,/engagement
407,111,milestone,Milestone achieved,"You reached the ""first practice completed"" milestone.",milestone,,unread,"""2026-06-11T18:00:00.000Z""",,/engagement
408,111,milestone,Milestone achieved,"You reached the ""five practice sessions"" milestone.",milestone,,unread,"""2026-06-11T18:00:00.000Z""",,/engagement
409,111,milestone,Milestone achieved,"You reached the ""first mock exam completed"" milestone.",milestone,,unread,"""2026-06-11T18:00:00.000Z""",,/engagement
410,111,milestone,Milestone achieved,"You reached the ""first exam above 80"" milestone.",milestone,,unread,"""2026-06-11T18:00:00.000Z""",,/engagement
411,112,milestone,Milestone achieved,"You reached the ""first practice completed"" milestone.",milestone,,unread,"""2026-06-05T18:00:00.000Z""",,/engagement
412,112,milestone,Milestone achieved,"You reached the ""five practice sessions"" milestone.",milestone,,unread,"""2026-06-05T18:00:00.000Z""",,/engagement
413,112,milestone,Milestone achieved,"You reached the ""first mock exam completed"" milestone.",milestone,,unread,"""2026-06-05T18:00:00.000Z""",,/engagement
414,112,milestone,Milestone achieved,"You reached the ""first exam above 80"" milestone.",milestone,,unread,"""2026-06-05T18:00:00.000Z""",,/engagement
415,112,streak_update,Milestone achieved,"You reached the ""three day streak"" milestone.",milestone,,unread,"""2026-06-05T18:00:00.000Z""",,/engagement
416,113,weak_area_alert,Weak area detected,Your accuracy in Two's Complement is 0%. Consider focused practice.,topic,769,unread,"""2026-06-05T20:51:23.000Z""",,/weak-areas
417,113,weak_area_alert,Weak area detected,Your accuracy in Sampling Distributions is 0%. Consider focused practice.,topic,2793,unread,"""2026-06-03T08:52:39.000Z""",,/weak-areas
418,113,weak_area_alert,Weak area detected,Your accuracy in Inheritance Hierarchies is 0%. Consider focused practice.,topic,905,unread,"""2026-05-10T14:21:33.000Z""",,/weak-areas
419,113,weak_area_alert,Weak area detected,Your accuracy in Memoization Tables is 0%. Consider focused practice.,topic,82,unread,"""2026-06-10T17:40:03.000Z""",,/weak-areas
420,113,milestone,Milestone achieved,"You reached the ""first practice completed"" milestone.",milestone,,unread,"""2026-06-10T18:00:00.000Z""",,/engagement
421,113,milestone,Milestone achieved,"You reached the ""five practice sessions"" milestone.",milestone,,unread,"""2026-06-10T18:00:00.000Z""",,/engagement
422,113,milestone,Milestone achieved,"You reached the ""first mock exam completed"" milestone.",milestone,,unread,"""2026-06-10T18:00:00.000Z""",,/engagement
423,113,streak_update,Milestone achieved,"You reached the ""three day streak"" milestone.",milestone,,unread,"""2026-06-10T18:00:00.000Z""",,/engagement
424,114,milestone,Milestone achieved,"You reached the ""first practice completed"" milestone.",milestone,,unread,"""2026-06-10T18:00:00.000Z""",,/engagement
425,114,milestone,Milestone achieved,"You reached the ""five practice sessions"" milestone.",milestone,,unread,"""2026-06-10T18:00:00.000Z""",,/engagement
426,114,milestone,Milestone achieved,"You reached the ""first mock exam completed"" milestone.",milestone,,unread,"""2026-06-10T18:00:00.000Z""",,/engagement
427,114,streak_update,Milestone achieved,"You reached the ""three day streak"" milestone.",milestone,,unread,"""2026-06-10T18:00:00.000Z""",,/engagement
428,115,weak_area_alert,Weak area detected,Your accuracy in Poles and Zeros is 11%. Consider focused practice.,topic,1849,unread,"""2026-05-27T09:34:21.000Z""",,/weak-areas
429,115,weak_area_alert,Weak area detected,Your accuracy in Routh-Hurwitz Criterion is 0%. Consider focused practice.,topic,1849,unread,"""2026-05-24T13:29:10.000Z""",,/weak-areas
430,115,milestone,Milestone achieved,"You reached the ""first practice completed"" milestone.",milestone,,unread,"""2026-05-27T18:00:00.000Z""",,/engagement
431,115,milestone,Milestone achieved,"You reached the ""first mock exam completed"" milestone.",milestone,,unread,"""2026-05-27T18:00:00.000Z""",,/engagement
432,115,milestone,Milestone achieved,"You reached the ""first exam above 80"" milestone.",milestone,,unread,"""2026-05-27T18:00:00.000Z""",,/engagement
433,115,streak_update,Milestone achieved,"You reached the ""three day streak"" milestone.",milestone,,unread,"""2026-05-27T18:00:00.000Z""",,/engagement
434,115,streak_update,Milestone achieved,"You reached the ""seven day streak"" milestone.",milestone,,unread,"""2026-05-27T18:00:00.000Z""",,/engagement
435,116,weak_area_alert,Weak area detected,Your accuracy in Functional Programming is 0%. Consider focused practice.,topic,829,unread,"""2026-05-27T20:48:14.000Z""",,/weak-areas
436,116,weak_area_alert,Weak area detected,Your accuracy in Evaluation Order is 0%. Consider focused practice.,topic,821,unread,"""2026-05-29T10:28:06.000Z""",,/weak-areas
437,116,weak_area_alert,Weak area detected,Your accuracy in Sample Spaces is 0%. Consider focused practice.,topic,2785,unread,"""2026-05-30T12:52:58.000Z""",,/weak-areas
438,116,milestone,Milestone achieved,"You reached the ""first practice completed"" milestone.",milestone,,unread,"""2026-06-09T18:00:00.000Z""",,/engagement
439,116,milestone,Milestone achieved,"You reached the ""five practice sessions"" milestone.",milestone,,unread,"""2026-06-09T18:00:00.000Z""",,/engagement
440,116,milestone,Milestone achieved,"You reached the ""first mock exam completed"" milestone.",milestone,,unread,"""2026-06-09T18:00:00.000Z""",,/engagement
441,117,weak_area_alert,Weak area detected,Your accuracy in Grain Size Distribution is 0%. Consider focused practice.,topic,1425,unread,"""2026-06-02T15:38:44.000Z""",,/weak-areas
442,117,weak_area_alert,Weak area detected,Your accuracy in Unified Soil Classification is 0%. Consider focused practice.,topic,1425,unread,"""2026-06-02T15:38:44.000Z""",,/weak-areas
443,117,weak_area_alert,Weak area detected,Your accuracy in Instruction Execution is 0%. Consider focused practice.,topic,2001,unread,"""2026-05-30T14:55:45.000Z""",,/weak-areas
444,117,weak_area_alert,Weak area detected,Your accuracy in Interrupts is 0%. Consider focused practice.,topic,2005,unread,"""2026-05-28T15:54:40.000Z""",,/weak-areas
445,117,milestone,Milestone achieved,"You reached the ""first practice completed"" milestone.",milestone,,unread,"""2026-06-12T18:00:00.000Z""",,/engagement
446,117,milestone,Milestone achieved,"You reached the ""five practice sessions"" milestone.",milestone,,unread,"""2026-06-12T18:00:00.000Z""",,/engagement
447,117,milestone,Milestone achieved,"You reached the ""first mock exam completed"" milestone.",milestone,,unread,"""2026-06-12T18:00:00.000Z""",,/engagement
448,117,streak_update,Milestone achieved,"You reached the ""three day streak"" milestone.",milestone,,unread,"""2026-06-12T18:00:00.000Z""",,/engagement
449,118,weak_area_alert,Weak area detected,Your accuracy in Function Files is 0%. Consider focused practice.,topic,1885,unread,"""2026-05-12T10:31:32.000Z""",,/weak-areas
450,118,milestone,Milestone achieved,"You reached the ""first practice completed"" milestone.",milestone,,unread,"""2026-06-09T18:00:00.000Z""",,/engagement
451,118,milestone,Milestone achieved,"You reached the ""five practice sessions"" milestone.",milestone,,unread,"""2026-06-09T18:00:00.000Z""",,/engagement
452,118,milestone,Milestone achieved,"You reached the ""first mock exam completed"" milestone.",milestone,,unread,"""2026-06-09T18:00:00.000Z""",,/engagement
453,118,streak_update,Milestone achieved,"You reached the ""three day streak"" milestone.",milestone,,unread,"""2026-06-09T18:00:00.000Z""",,/engagement
454,119,milestone,Milestone achieved,"You reached the ""first practice completed"" milestone.",milestone,,unread,"""2026-06-12T18:00:00.000Z""",,/engagement
455,119,milestone,Milestone achieved,"You reached the ""first mock exam completed"" milestone.",milestone,,unread,"""2026-06-12T18:00:00.000Z""",,/engagement
456,119,milestone,Milestone achieved,"You reached the ""first exam above 80"" milestone.",milestone,,unread,"""2026-06-12T18:00:00.000Z""",,/engagement
457,119,streak_update,Milestone achieved,"You reached the ""three day streak"" milestone.",milestone,,unread,"""2026-06-12T18:00:00.000Z""",,/engagement
458,120,weak_area_alert,Weak area detected,Your accuracy in Equipment Sizing is 0%. Consider focused practice.,topic,358,unread,"""2026-06-02T12:53:01.000Z""",,/weak-areas
459,120,milestone,Milestone achieved,"You reached the ""first practice completed"" milestone.",milestone,,unread,"""2026-06-04T18:00:00.000Z""",,/engagement
460,120,milestone,Milestone achieved,"You reached the ""five practice sessions"" milestone.",milestone,,unread,"""2026-06-04T18:00:00.000Z""",,/engagement
461,120,milestone,Milestone achieved,"You reached the ""first mock exam completed"" milestone.",milestone,,unread,"""2026-06-04T18:00:00.000Z""",,/engagement
462,120,streak_update,Milestone achieved,"You reached the ""three day streak"" milestone.",milestone,,unread,"""2026-06-04T18:00:00.000Z""",,/engagement
463,121,weak_area_alert,Weak area detected,Your accuracy in Design Review Documentation is 0%. Consider focused practice.,topic,1789,unread,"""2026-06-12T15:26:39.000Z""",,/weak-areas
464,121,weak_area_alert,Weak area detected,Your accuracy in CAD Models is 0%. Consider focused practice.,topic,1789,unread,"""2026-06-15T08:09:43.000Z""",,/weak-areas
465,121,milestone,Milestone achieved,"You reached the ""first practice completed"" milestone.",milestone,,unread,"""2026-06-15T18:00:00.000Z""",,/engagement
466,121,milestone,Milestone achieved,"You reached the ""first mock exam completed"" milestone.",milestone,,unread,"""2026-06-15T18:00:00.000Z""",,/engagement
467,121,streak_update,Milestone achieved,"You reached the ""three day streak"" milestone.",milestone,,unread,"""2026-06-15T18:00:00.000Z""",,/engagement
468,121,streak_update,Milestone achieved,"You reached the ""seven day streak"" milestone.",milestone,,unread,"""2026-06-15T18:00:00.000Z""",,/engagement
469,122,weak_area_alert,Weak area detected,Your accuracy in Microbial Growth is 0%. Consider focused practice.,topic,2289,unread,"""2026-05-09T16:38:11.000Z""",,/weak-areas
470,122,milestone,Milestone achieved,"You reached the ""first practice completed"" milestone.",milestone,,unread,"""2026-06-09T18:00:00.000Z""",,/engagement
471,122,milestone,Milestone achieved,"You reached the ""five practice sessions"" milestone.",milestone,,unread,"""2026-06-09T18:00:00.000Z""",,/engagement
472,122,milestone,Milestone achieved,"You reached the ""first mock exam completed"" milestone.",milestone,,unread,"""2026-06-09T18:00:00.000Z""",,/engagement
473,122,streak_update,Milestone achieved,"You reached the ""three day streak"" milestone.",milestone,,unread,"""2026-06-09T18:00:00.000Z""",,/engagement
474,123,weak_area_alert,Weak area detected,Your accuracy in Depletion Region is 0%. Consider focused practice.,topic,3397,unread,"""2026-06-06T10:07:22.000Z""",,/weak-areas
475,123,weak_area_alert,Weak area detected,Your accuracy in Cracked Section Behavior is 0%. Consider focused practice.,topic,1569,unread,"""2026-06-07T13:31:35.000Z""",,/weak-areas
476,123,weak_area_alert,Weak area detected,Your accuracy in Truth Tables is 0%. Consider focused practice.,topic,541,unread,"""2026-05-18T14:47:33.000Z""",,/weak-areas
477,123,milestone,Milestone achieved,"You reached the ""first practice completed"" milestone.",milestone,,unread,"""2026-06-07T18:00:00.000Z""",,/engagement
478,123,milestone,Milestone achieved,"You reached the ""first mock exam completed"" milestone.",milestone,,unread,"""2026-06-07T18:00:00.000Z""",,/engagement
479,123,streak_update,Milestone achieved,"You reached the ""three day streak"" milestone.",milestone,,unread,"""2026-06-07T18:00:00.000Z""",,/engagement
480,124,milestone,Milestone achieved,"You reached the ""first practice completed"" milestone.",milestone,,unread,"""2026-06-09T18:00:00.000Z""",,/engagement
481,124,milestone,Milestone achieved,"You reached the ""five practice sessions"" milestone.",milestone,,unread,"""2026-06-09T18:00:00.000Z""",,/engagement
482,124,milestone,Milestone achieved,"You reached the ""first mock exam completed"" milestone.",milestone,,unread,"""2026-06-09T18:00:00.000Z""",,/engagement
483,124,streak_update,Milestone achieved,"You reached the ""three day streak"" milestone.",milestone,,unread,"""2026-06-09T18:00:00.000Z""",,/engagement
484,125,milestone,Milestone achieved,"You reached the ""first practice completed"" milestone.",milestone,,unread,"""2026-06-01T18:00:00.000Z""",,/engagement
485,125,milestone,Milestone achieved,"You reached the ""five practice sessions"" milestone.",milestone,,unread,"""2026-06-01T18:00:00.000Z""",,/engagement
486,125,milestone,Milestone achieved,"You reached the ""first mock exam completed"" milestone.",milestone,,unread,"""2026-06-01T18:00:00.000Z""",,/engagement
487,125,milestone,Milestone achieved,"You reached the ""first exam above 80"" milestone.",milestone,,unread,"""2026-06-01T18:00:00.000Z""",,/engagement
488,126,weak_area_alert,Weak area detected,Your accuracy in Context-Free Grammars is 0%. Consider focused practice.,topic,124,unread,"""2026-06-11T11:08:24.000Z""",,/weak-areas
489,126,weak_area_alert,Weak area detected,Your accuracy in Parse Trees is 0%. Consider focused practice.,topic,124,unread,"""2026-06-11T11:08:24.000Z""",,/weak-areas
490,126,milestone,Milestone achieved,"You reached the ""first practice completed"" milestone.",milestone,,unread,"""2026-06-12T18:00:00.000Z""",,/engagement
491,126,milestone,Milestone achieved,"You reached the ""five practice sessions"" milestone.",milestone,,unread,"""2026-06-12T18:00:00.000Z""",,/engagement
492,126,milestone,Milestone achieved,"You reached the ""first mock exam completed"" milestone.",milestone,,unread,"""2026-06-12T18:00:00.000Z""",,/engagement
493,126,streak_update,Milestone achieved,"You reached the ""three day streak"" milestone.",milestone,,unread,"""2026-06-12T18:00:00.000Z""",,/engagement
494,126,streak_update,Milestone achieved,"You reached the ""seven day streak"" milestone.",milestone,,unread,"""2026-06-12T18:00:00.000Z""",,/engagement
495,127,milestone,Milestone achieved,"You reached the ""first practice completed"" milestone.",milestone,,unread,"""2026-06-15T18:00:00.000Z""",,/engagement
496,127,milestone,Milestone achieved,"You reached the ""five practice sessions"" milestone.",milestone,,unread,"""2026-06-15T18:00:00.000Z""",,/engagement
497,127,milestone,Milestone achieved,"You reached the ""first mock exam completed"" milestone.",milestone,,unread,"""2026-06-15T18:00:00.000Z""",,/engagement
498,127,milestone,Milestone achieved,"You reached the ""first exam above 80"" milestone.",milestone,,unread,"""2026-06-15T18:00:00.000Z""",,/engagement
499,127,streak_update,Milestone achieved,"You reached the ""three day streak"" milestone.",milestone,,unread,"""2026-06-15T18:00:00.000Z""",,/engagement
500,127,streak_update,Milestone achieved,"You reached the ""seven day streak"" milestone.",milestone,,unread,"""2026-06-15T18:00:00.000Z""",,/engagement
501,128,weak_area_alert,Weak area detected,Your accuracy in Pipes and Redirection is 0%. Consider focused practice.,topic,1057,unread,"""2026-05-14T18:43:49.000Z""",,/weak-areas
502,128,weak_area_alert,Weak area detected,Your accuracy in File Navigation is 0%. Consider focused practice.,topic,1057,unread,"""2026-05-13T20:38:49.000Z""",,/weak-areas
503,128,weak_area_alert,Weak area detected,Your accuracy in Conditional Branching is 0%. Consider focused practice.,topic,4,unread,"""2026-06-01T18:31:02.000Z""",,/weak-areas
504,128,milestone,Milestone achieved,"You reached the ""first practice completed"" milestone.",milestone,,unread,"""2026-06-08T18:00:00.000Z""",,/engagement
505,128,milestone,Milestone achieved,"You reached the ""five practice sessions"" milestone.",milestone,,unread,"""2026-06-08T18:00:00.000Z""",,/engagement
506,128,milestone,Milestone achieved,"You reached the ""first mock exam completed"" milestone.",milestone,,unread,"""2026-06-08T18:00:00.000Z""",,/engagement
507,128,streak_update,Milestone achieved,"You reached the ""three day streak"" milestone.",milestone,,unread,"""2026-06-08T18:00:00.000Z""",,/engagement
508,129,weak_area_alert,Weak area detected,Your accuracy in Speedup is 0%. Consider focused practice.,topic,118,unread,"""2026-05-24T08:18:48.000Z""",,/weak-areas
509,129,weak_area_alert,Weak area detected,Your accuracy in ACID Properties is 0%. Consider focused practice.,topic,2957,unread,"""2026-05-29T08:53:05.000Z""",,/weak-areas
510,129,milestone,Milestone achieved,"You reached the ""first practice completed"" milestone.",milestone,,unread,"""2026-05-29T18:00:00.000Z""",,/engagement
511,129,milestone,Milestone achieved,"You reached the ""first mock exam completed"" milestone.",milestone,,unread,"""2026-05-29T18:00:00.000Z""",,/engagement
512,129,milestone,Milestone achieved,"You reached the ""first exam above 80"" milestone.",milestone,,unread,"""2026-05-29T18:00:00.000Z""",,/engagement
513,129,streak_update,Milestone achieved,"You reached the ""three day streak"" milestone.",milestone,,unread,"""2026-05-29T18:00:00.000Z""",,/engagement
514,129,streak_update,Milestone achieved,"You reached the ""seven day streak"" milestone.",milestone,,unread,"""2026-05-29T18:00:00.000Z""",,/engagement
515,130,milestone,Milestone achieved,"You reached the ""first practice completed"" milestone.",milestone,,unread,"""2026-06-15T18:00:00.000Z""",,/engagement
516,130,milestone,Milestone achieved,"You reached the ""first mock exam completed"" milestone.",milestone,,unread,"""2026-06-15T18:00:00.000Z""",,/engagement
517,130,streak_update,Milestone achieved,"You reached the ""three day streak"" milestone.",milestone,,unread,"""2026-06-15T18:00:00.000Z""",,/engagement
518,130,streak_update,Milestone achieved,"You reached the ""seven day streak"" milestone.",milestone,,unread,"""2026-06-15T18:00:00.000Z""",,/engagement
519,131,milestone,Milestone achieved,"You reached the ""first practice completed"" milestone.",milestone,,unread,"""2026-06-06T18:00:00.000Z""",,/engagement
520,131,milestone,Milestone achieved,"You reached the ""first mock exam completed"" milestone.",milestone,,unread,"""2026-06-06T18:00:00.000Z""",,/engagement
521,131,streak_update,Milestone achieved,"You reached the ""three day streak"" milestone.",milestone,,unread,"""2026-06-06T18:00:00.000Z""",,/engagement
522,132,milestone,Milestone achieved,"You reached the ""first practice completed"" milestone.",milestone,,unread,"""2026-06-12T18:00:00.000Z""",,/engagement
523,132,milestone,Milestone achieved,"You reached the ""first mock exam completed"" milestone.",milestone,,unread,"""2026-06-12T18:00:00.000Z""",,/engagement
524,132,milestone,Milestone achieved,"You reached the ""first exam above 80"" milestone.",milestone,,unread,"""2026-06-12T18:00:00.000Z""",,/engagement
525,132,streak_update,Milestone achieved,"You reached the ""three day streak"" milestone.",milestone,,unread,"""2026-06-12T18:00:00.000Z""",,/engagement
526,133,milestone,Milestone achieved,"You reached the ""first practice completed"" milestone.",milestone,,unread,"""2026-06-09T18:00:00.000Z""",,/engagement
527,133,milestone,Milestone achieved,"You reached the ""five practice sessions"" milestone.",milestone,,unread,"""2026-06-09T18:00:00.000Z""",,/engagement
528,133,milestone,Milestone achieved,"You reached the ""first mock exam completed"" milestone.",milestone,,unread,"""2026-06-09T18:00:00.000Z""",,/engagement
529,133,milestone,Milestone achieved,"You reached the ""first exam above 80"" milestone.",milestone,,unread,"""2026-06-09T18:00:00.000Z""",,/engagement
530,133,streak_update,Milestone achieved,"You reached the ""three day streak"" milestone.",milestone,,unread,"""2026-06-09T18:00:00.000Z""",,/engagement
531,133,streak_update,Milestone achieved,"You reached the ""seven day streak"" milestone.",milestone,,unread,"""2026-06-09T18:00:00.000Z""",,/engagement
532,134,milestone,Milestone achieved,"You reached the ""first practice completed"" milestone.",milestone,,unread,"""2026-06-12T18:00:00.000Z""",,/engagement
533,134,milestone,Milestone achieved,"You reached the ""five practice sessions"" milestone.",milestone,,unread,"""2026-06-12T18:00:00.000Z""",,/engagement
534,134,milestone,Milestone achieved,"You reached the ""first mock exam completed"" milestone.",milestone,,unread,"""2026-06-12T18:00:00.000Z""",,/engagement
535,134,milestone,Milestone achieved,"You reached the ""first exam above 80"" milestone.",milestone,,unread,"""2026-06-12T18:00:00.000Z""",,/engagement
536,134,streak_update,Milestone achieved,"You reached the ""three day streak"" milestone.",milestone,,unread,"""2026-06-12T18:00:00.000Z""",,/engagement
537,134,streak_update,Milestone achieved,"You reached the ""seven day streak"" milestone.",milestone,,unread,"""2026-06-12T18:00:00.000Z""",,/engagement
538,135,weak_area_alert,Weak area detected,Your accuracy in Corrosion Protection is 0%. Consider focused practice.,topic,1273,unread,"""2026-05-28T18:27:38.000Z""",,/weak-areas
539,135,weak_area_alert,Weak area detected,Your accuracy in Conditional Branching is 0%. Consider focused practice.,topic,3333,unread,"""2026-06-02T10:09:36.000Z""",,/weak-areas
540,135,weak_area_alert,Weak area detected,Your accuracy in Parameters and Return Values is 0%. Consider focused practice.,topic,3337,unread,"""2026-06-02T10:09:36.000Z""",,/weak-areas
541,135,weak_area_alert,Weak area detected,Your accuracy in Nested Control Structures is 0%. Consider focused practice.,topic,3333,unread,"""2026-06-02T10:09:36.000Z""",,/weak-areas
542,135,milestone,Milestone achieved,"You reached the ""first practice completed"" milestone.",milestone,,unread,"""2026-06-04T18:00:00.000Z""",,/engagement
543,135,milestone,Milestone achieved,"You reached the ""first mock exam completed"" milestone.",milestone,,unread,"""2026-06-04T18:00:00.000Z""",,/engagement
544,135,streak_update,Milestone achieved,"You reached the ""three day streak"" milestone.",milestone,,unread,"""2026-06-04T18:00:00.000Z""",,/engagement
545,136,milestone,Milestone achieved,"You reached the ""first practice completed"" milestone.",milestone,,unread,"""2026-06-03T18:00:00.000Z""",,/engagement
546,136,milestone,Milestone achieved,"You reached the ""five practice sessions"" milestone.",milestone,,unread,"""2026-06-03T18:00:00.000Z""",,/engagement
547,136,milestone,Milestone achieved,"You reached the ""first mock exam completed"" milestone.",milestone,,unread,"""2026-06-03T18:00:00.000Z""",,/engagement
548,136,milestone,Milestone achieved,"You reached the ""first exam above 80"" milestone.",milestone,,unread,"""2026-06-03T18:00:00.000Z""",,/engagement
549,136,streak_update,Milestone achieved,"You reached the ""three day streak"" milestone.",milestone,,unread,"""2026-06-03T18:00:00.000Z""",,/engagement
550,137,milestone,Milestone achieved,"You reached the ""first practice completed"" milestone.",milestone,,unread,"""2026-06-10T18:00:00.000Z""",,/engagement
551,137,milestone,Milestone achieved,"You reached the ""first mock exam completed"" milestone.",milestone,,unread,"""2026-06-10T18:00:00.000Z""",,/engagement
552,137,milestone,Milestone achieved,"You reached the ""first exam above 80"" milestone.",milestone,,unread,"""2026-06-10T18:00:00.000Z""",,/engagement
553,137,streak_update,Milestone achieved,"You reached the ""three day streak"" milestone.",milestone,,unread,"""2026-06-10T18:00:00.000Z""",,/engagement
554,138,weak_area_alert,Weak area detected,Your accuracy in Belt and Chain Drives is 0%. Consider focused practice.,topic,2057,unread,"""2026-05-25T20:28:32.000Z""",,/weak-areas
555,138,weak_area_alert,Weak area detected,Your accuracy in Load Factors is 8%. Consider focused practice.,topic,2049,unread,"""2026-06-03T17:43:41.000Z""",,/weak-areas
556,138,weak_area_alert,Weak area detected,Your accuracy in Static Loads is 0%. Consider focused practice.,topic,2049,unread,"""2026-06-05T21:12:42.000Z""",,/weak-areas
557,138,weak_area_alert,Weak area detected,Your accuracy in Bearing Life is 10%. Consider focused practice.,topic,2053,unread,"""2026-06-05T21:12:42.000Z""",,/weak-areas
558,138,weak_area_alert,Weak area detected,Your accuracy in Tooth Forces is 0%. Consider focused practice.,topic,2057,unread,"""2026-06-05T21:12:42.000Z""",,/weak-areas
559,138,weak_area_alert,Weak area detected,Your accuracy in Fatigue Loads is 0%. Consider focused practice.,topic,2049,unread,"""2026-06-05T21:12:42.000Z""",,/weak-areas
560,138,milestone,Milestone achieved,"You reached the ""first practice completed"" milestone.",milestone,,unread,"""2026-06-05T18:00:00.000Z""",,/engagement
561,138,milestone,Milestone achieved,"You reached the ""first mock exam completed"" milestone.",milestone,,unread,"""2026-06-05T18:00:00.000Z""",,/engagement
562,138,streak_update,Milestone achieved,"You reached the ""three day streak"" milestone.",milestone,,unread,"""2026-06-05T18:00:00.000Z""",,/engagement
563,139,weak_area_alert,Weak area detected,Your accuracy in Derivative Rules is 0%. Consider focused practice.,topic,136,unread,"""2026-05-21T16:23:38.000Z""",,/weak-areas
564,139,milestone,Milestone achieved,"You reached the ""first practice completed"" milestone.",milestone,,unread,"""2026-05-30T18:00:00.000Z""",,/engagement
565,139,milestone,Milestone achieved,"You reached the ""first mock exam completed"" milestone.",milestone,,unread,"""2026-05-30T18:00:00.000Z""",,/engagement
566,139,streak_update,Milestone achieved,"You reached the ""three day streak"" milestone.",milestone,,unread,"""2026-05-30T18:00:00.000Z""",,/engagement
567,139,streak_update,Milestone achieved,"You reached the ""seven day streak"" milestone.",milestone,,unread,"""2026-05-30T18:00:00.000Z""",,/engagement
568,140,milestone,Milestone achieved,"You reached the ""first practice completed"" milestone.",milestone,,unread,"""2026-06-19T18:00:00.000Z""",,/engagement
569,140,milestone,Milestone achieved,"You reached the ""first mock exam completed"" milestone.",milestone,,unread,"""2026-06-19T18:00:00.000Z""",,/engagement
570,140,milestone,Milestone achieved,"You reached the ""first exam above 80"" milestone.",milestone,,unread,"""2026-06-19T18:00:00.000Z""",,/engagement
571,140,streak_update,Milestone achieved,"You reached the ""three day streak"" milestone.",milestone,,unread,"""2026-06-19T18:00:00.000Z""",,/engagement
572,140,streak_update,Milestone achieved,"You reached the ""seven day streak"" milestone.",milestone,,unread,"""2026-06-19T18:00:00.000Z""",,/engagement
573,141,weak_area_alert,Weak area detected,Your accuracy in Fourier Law is 0%. Consider focused practice.,topic,1953,unread,"""2026-06-04T14:27:29.000Z""",,/weak-areas
574,141,milestone,Milestone achieved,"You reached the ""first practice completed"" milestone.",milestone,,unread,"""2026-06-11T18:00:00.000Z""",,/engagement
575,141,milestone,Milestone achieved,"You reached the ""five practice sessions"" milestone.",milestone,,unread,"""2026-06-11T18:00:00.000Z""",,/engagement
576,141,milestone,Milestone achieved,"You reached the ""first mock exam completed"" milestone.",milestone,,unread,"""2026-06-11T18:00:00.000Z""",,/engagement
577,141,milestone,Milestone achieved,"You reached the ""first exam above 80"" milestone.",milestone,,unread,"""2026-06-11T18:00:00.000Z""",,/engagement
578,141,streak_update,Milestone achieved,"You reached the ""three day streak"" milestone.",milestone,,unread,"""2026-06-11T18:00:00.000Z""",,/engagement
579,141,streak_update,Milestone achieved,"You reached the ""seven day streak"" milestone.",milestone,,unread,"""2026-06-11T18:00:00.000Z""",,/engagement
580,142,weak_area_alert,Weak area detected,Your accuracy in Variables and Types is 0%. Consider focused practice.,topic,529,unread,"""2026-05-12T20:37:43.000Z""",,/weak-areas
581,142,milestone,Milestone achieved,"You reached the ""first practice completed"" milestone.",milestone,,unread,"""2026-05-24T18:00:00.000Z""",,/engagement
582,142,milestone,Milestone achieved,"You reached the ""first mock exam completed"" milestone.",milestone,,unread,"""2026-05-24T18:00:00.000Z""",,/engagement
583,142,streak_update,Milestone achieved,"You reached the ""three day streak"" milestone.",milestone,,unread,"""2026-05-24T18:00:00.000Z""",,/engagement
584,142,streak_update,Milestone achieved,"You reached the ""seven day streak"" milestone.",milestone,,unread,"""2026-05-24T18:00:00.000Z""",,/engagement
585,143,milestone,Milestone achieved,"You reached the ""first practice completed"" milestone.",milestone,,unread,"""2026-06-05T18:00:00.000Z""",,/engagement
586,143,milestone,Milestone achieved,"You reached the ""five practice sessions"" milestone.",milestone,,unread,"""2026-06-05T18:00:00.000Z""",,/engagement
587,143,milestone,Milestone achieved,"You reached the ""first mock exam completed"" milestone.",milestone,,unread,"""2026-06-05T18:00:00.000Z""",,/engagement
588,143,milestone,Milestone achieved,"You reached the ""first exam above 80"" milestone.",milestone,,unread,"""2026-06-05T18:00:00.000Z""",,/engagement
589,143,streak_update,Milestone achieved,"You reached the ""three day streak"" milestone.",milestone,,unread,"""2026-06-05T18:00:00.000Z""",,/engagement
590,144,milestone,Milestone achieved,"You reached the ""first practice completed"" milestone.",milestone,,unread,"""2026-06-10T18:00:00.000Z""",,/engagement
591,144,milestone,Milestone achieved,"You reached the ""five practice sessions"" milestone.",milestone,,unread,"""2026-06-10T18:00:00.000Z""",,/engagement
592,144,milestone,Milestone achieved,"You reached the ""first mock exam completed"" milestone.",milestone,,unread,"""2026-06-10T18:00:00.000Z""",,/engagement
593,144,milestone,Milestone achieved,"You reached the ""first exam above 80"" milestone.",milestone,,unread,"""2026-06-10T18:00:00.000Z""",,/engagement
594,144,streak_update,Milestone achieved,"You reached the ""three day streak"" milestone.",milestone,,unread,"""2026-06-10T18:00:00.000Z""",,/engagement
595,144,streak_update,Milestone achieved,"You reached the ""seven day streak"" milestone.",milestone,,unread,"""2026-06-10T18:00:00.000Z""",,/engagement
596,145,milestone,Milestone achieved,"You reached the ""first practice completed"" milestone.",milestone,,unread,"""2026-05-28T18:00:00.000Z""",,/engagement
597,145,milestone,Milestone achieved,"You reached the ""first mock exam completed"" milestone.",milestone,,unread,"""2026-05-28T18:00:00.000Z""",,/engagement
598,145,streak_update,Milestone achieved,"You reached the ""three day streak"" milestone.",milestone,,unread,"""2026-05-28T18:00:00.000Z""",,/engagement
599,145,streak_update,Milestone achieved,"You reached the ""seven day streak"" milestone.",milestone,,unread,"""2026-05-28T18:00:00.000Z""",,/engagement
600,146,weak_area_alert,Weak area detected,Your accuracy in Stirrup Layout is 0%. Consider focused practice.,topic,1389,unread,"""2026-05-30T08:48:18.000Z""",,/weak-areas
601,146,milestone,Milestone achieved,"You reached the ""first practice completed"" milestone.",milestone,,unread,"""2026-06-11T18:00:00.000Z""",,/engagement
602,146,milestone,Milestone achieved,"You reached the ""five practice sessions"" milestone.",milestone,,unread,"""2026-06-11T18:00:00.000Z""",,/engagement
603,146,milestone,Milestone achieved,"You reached the ""first mock exam completed"" milestone.",milestone,,unread,"""2026-06-11T18:00:00.000Z""",,/engagement
604,146,streak_update,Milestone achieved,"You reached the ""three day streak"" milestone.",milestone,,unread,"""2026-06-11T18:00:00.000Z""",,/engagement
605,147,weak_area_alert,Weak area detected,Your accuracy in Linear Independence is 10%. Consider focused practice.,topic,148,unread,"""2026-06-01T10:52:24.000Z""",,/weak-areas
606,147,milestone,Milestone achieved,"You reached the ""first practice completed"" milestone.",milestone,,unread,"""2026-06-01T18:00:00.000Z""",,/engagement
607,147,milestone,Milestone achieved,"You reached the ""first mock exam completed"" milestone.",milestone,,unread,"""2026-06-01T18:00:00.000Z""",,/engagement
608,147,streak_update,Milestone achieved,"You reached the ""three day streak"" milestone.",milestone,,unread,"""2026-06-01T18:00:00.000Z""",,/engagement
609,147,streak_update,Milestone achieved,"You reached the ""seven day streak"" milestone.",milestone,,unread,"""2026-06-01T18:00:00.000Z""",,/engagement
610,148,milestone,Milestone achieved,"You reached the ""first practice completed"" milestone.",milestone,,unread,"""2026-06-02T18:00:00.000Z""",,/engagement
611,148,milestone,Milestone achieved,"You reached the ""five practice sessions"" milestone.",milestone,,unread,"""2026-06-02T18:00:00.000Z""",,/engagement
612,148,milestone,Milestone achieved,"You reached the ""first mock exam completed"" milestone.",milestone,,unread,"""2026-06-02T18:00:00.000Z""",,/engagement
613,148,milestone,Milestone achieved,"You reached the ""first exam above 80"" milestone.",milestone,,unread,"""2026-06-02T18:00:00.000Z""",,/engagement
614,148,streak_update,Milestone achieved,"You reached the ""three day streak"" milestone.",milestone,,unread,"""2026-06-02T18:00:00.000Z""",,/engagement
615,149,milestone,Milestone achieved,"You reached the ""first practice completed"" milestone.",milestone,,unread,"""2026-06-15T18:00:00.000Z""",,/engagement
616,149,milestone,Milestone achieved,"You reached the ""first mock exam completed"" milestone.",milestone,,unread,"""2026-06-15T18:00:00.000Z""",,/engagement
617,149,milestone,Milestone achieved,"You reached the ""first exam above 80"" milestone.",milestone,,unread,"""2026-06-15T18:00:00.000Z""",,/engagement
618,149,streak_update,Milestone achieved,"You reached the ""three day streak"" milestone.",milestone,,unread,"""2026-06-15T18:00:00.000Z""",,/engagement
619,150,weak_area_alert,Weak area detected,Your accuracy in Chemical Potential is 8%. Consider focused practice.,topic,2353,unread,"""2026-05-19T21:39:37.000Z""",,/weak-areas
620,150,weak_area_alert,Weak area detected,Your accuracy in Phase Equilibria is 7%. Consider focused practice.,topic,2353,unread,"""2026-05-19T21:39:37.000Z""",,/weak-areas
621,150,milestone,Milestone achieved,"You reached the ""first practice completed"" milestone.",milestone,,unread,"""2026-05-21T18:00:00.000Z""",,/engagement
622,150,milestone,Milestone achieved,"You reached the ""first mock exam completed"" milestone.",milestone,,unread,"""2026-05-21T18:00:00.000Z""",,/engagement
623,150,streak_update,Milestone achieved,"You reached the ""three day streak"" milestone.",milestone,,unread,"""2026-05-21T18:00:00.000Z""",,/engagement
624,150,streak_update,Milestone achieved,"You reached the ""seven day streak"" milestone.",milestone,,unread,"""2026-05-21T18:00:00.000Z""",,/engagement
625,151,milestone,Milestone achieved,"You reached the ""first practice completed"" milestone.",milestone,,unread,"""2026-06-11T18:00:00.000Z""",,/engagement
626,151,milestone,Milestone achieved,"You reached the ""five practice sessions"" milestone.",milestone,,unread,"""2026-06-11T18:00:00.000Z""",,/engagement
627,151,milestone,Milestone achieved,"You reached the ""first mock exam completed"" milestone.",milestone,,unread,"""2026-06-11T18:00:00.000Z""",,/engagement
628,151,milestone,Milestone achieved,"You reached the ""first exam above 80"" milestone.",milestone,,unread,"""2026-06-11T18:00:00.000Z""",,/engagement
629,151,streak_update,Milestone achieved,"You reached the ""three day streak"" milestone.",milestone,,unread,"""2026-06-11T18:00:00.000Z""",,/engagement
630,152,weak_area_alert,Weak area detected,Your accuracy in Fatigue Safety Factor is 0%. Consider focused practice.,topic,2061,unread,"""2026-06-08T09:33:25.000Z""",,/weak-areas
631,152,weak_area_alert,Weak area detected,Your accuracy in Belt and Chain Drives is 0%. Consider focused practice.,topic,2057,unread,"""2026-05-24T19:22:18.000Z""",,/weak-areas
632,152,weak_area_alert,Weak area detected,Your accuracy in Bearing Life is 0%. Consider focused practice.,topic,2053,unread,"""2026-06-08T09:33:25.000Z""",,/weak-areas
633,152,milestone,Milestone achieved,"You reached the ""first practice completed"" milestone.",milestone,,unread,"""2026-06-09T18:00:00.000Z""",,/engagement
634,152,milestone,Milestone achieved,"You reached the ""first mock exam completed"" milestone.",milestone,,unread,"""2026-06-09T18:00:00.000Z""",,/engagement
635,152,streak_update,Milestone achieved,"You reached the ""three day streak"" milestone.",milestone,,unread,"""2026-06-09T18:00:00.000Z""",,/engagement
636,153,weak_area_alert,Weak area detected,Your accuracy in Tables and Attributes is 0%. Consider focused practice.,topic,37,unread,"""2026-05-01T10:03:35.000Z""",,/weak-areas
637,153,milestone,Milestone achieved,"You reached the ""first practice completed"" milestone.",milestone,,unread,"""2026-06-07T18:00:00.000Z""",,/engagement
638,153,milestone,Milestone achieved,"You reached the ""first mock exam completed"" milestone.",milestone,,unread,"""2026-06-07T18:00:00.000Z""",,/engagement
639,153,streak_update,Milestone achieved,"You reached the ""three day streak"" milestone.",milestone,,unread,"""2026-06-07T18:00:00.000Z""",,/engagement
640,154,weak_area_alert,Weak area detected,Your accuracy in Curvilinear Motion is 0%. Consider focused practice.,topic,253,unread,"""2026-05-30T12:52:37.000Z""",,/weak-areas
641,154,milestone,Milestone achieved,"You reached the ""first practice completed"" milestone.",milestone,,unread,"""2026-05-30T18:00:00.000Z""",,/engagement
642,154,milestone,Milestone achieved,"You reached the ""five practice sessions"" milestone.",milestone,,unread,"""2026-05-30T18:00:00.000Z""",,/engagement
643,154,milestone,Milestone achieved,"You reached the ""first mock exam completed"" milestone.",milestone,,unread,"""2026-05-30T18:00:00.000Z""",,/engagement
644,154,milestone,Milestone achieved,"You reached the ""first exam above 80"" milestone.",milestone,,unread,"""2026-05-30T18:00:00.000Z""",,/engagement
645,154,streak_update,Milestone achieved,"You reached the ""three day streak"" milestone.",milestone,,unread,"""2026-05-30T18:00:00.000Z""",,/engagement
646,154,streak_update,Milestone achieved,"You reached the ""seven day streak"" milestone.",milestone,,unread,"""2026-05-30T18:00:00.000Z""",,/engagement
647,155,weak_area_alert,Weak area detected,Your accuracy in Poles and Zeros is 0%. Consider focused practice.,topic,1849,unread,"""2026-05-31T10:34:21.000Z""",,/weak-areas
648,155,weak_area_alert,Weak area detected,Your accuracy in Routh-Hurwitz Criterion is 0%. Consider focused practice.,topic,1849,unread,"""2026-05-29T09:07:59.000Z""",,/weak-areas
649,155,milestone,Milestone achieved,"You reached the ""first practice completed"" milestone.",milestone,,unread,"""2026-05-31T18:00:00.000Z""",,/engagement
650,155,milestone,Milestone achieved,"You reached the ""five practice sessions"" milestone.",milestone,,unread,"""2026-05-31T18:00:00.000Z""",,/engagement
651,155,milestone,Milestone achieved,"You reached the ""first mock exam completed"" milestone.",milestone,,unread,"""2026-05-31T18:00:00.000Z""",,/engagement
652,155,streak_update,Milestone achieved,"You reached the ""three day streak"" milestone.",milestone,,unread,"""2026-05-31T18:00:00.000Z""",,/engagement
653,156,milestone,Milestone achieved,"You reached the ""first practice completed"" milestone.",milestone,,unread,"""2026-06-09T18:00:00.000Z""",,/engagement
654,156,milestone,Milestone achieved,"You reached the ""five practice sessions"" milestone.",milestone,,unread,"""2026-06-09T18:00:00.000Z""",,/engagement
655,156,milestone,Milestone achieved,"You reached the ""first mock exam completed"" milestone.",milestone,,unread,"""2026-06-09T18:00:00.000Z""",,/engagement
656,156,milestone,Milestone achieved,"You reached the ""first exam above 80"" milestone.",milestone,,unread,"""2026-06-09T18:00:00.000Z""",,/engagement
657,156,streak_update,Milestone achieved,"You reached the ""three day streak"" milestone.",milestone,,unread,"""2026-06-09T18:00:00.000Z""",,/engagement
658,156,streak_update,Milestone achieved,"You reached the ""seven day streak"" milestone.",milestone,,unread,"""2026-06-09T18:00:00.000Z""",,/engagement
659,157,milestone,Milestone achieved,"You reached the ""first practice completed"" milestone.",milestone,,unread,"""2026-06-11T18:00:00.000Z""",,/engagement
660,157,milestone,Milestone achieved,"You reached the ""five practice sessions"" milestone.",milestone,,unread,"""2026-06-11T18:00:00.000Z""",,/engagement
661,157,milestone,Milestone achieved,"You reached the ""first mock exam completed"" milestone.",milestone,,unread,"""2026-06-11T18:00:00.000Z""",,/engagement
662,157,streak_update,Milestone achieved,"You reached the ""three day streak"" milestone.",milestone,,unread,"""2026-06-11T18:00:00.000Z""",,/engagement
663,158,weak_area_alert,Weak area detected,Your accuracy in Linear Regression is 11%. Consider focused practice.,topic,670,unread,"""2026-06-13T16:19:34.000Z""",,/weak-areas
664,158,milestone,Milestone achieved,"You reached the ""first practice completed"" milestone.",milestone,,unread,"""2026-06-14T18:00:00.000Z""",,/engagement
665,158,milestone,Milestone achieved,"You reached the ""five practice sessions"" milestone.",milestone,,unread,"""2026-06-14T18:00:00.000Z""",,/engagement
666,158,milestone,Milestone achieved,"You reached the ""first mock exam completed"" milestone.",milestone,,unread,"""2026-06-14T18:00:00.000Z""",,/engagement
667,158,milestone,Milestone achieved,"You reached the ""first exam above 80"" milestone.",milestone,,unread,"""2026-06-14T18:00:00.000Z""",,/engagement
668,158,streak_update,Milestone achieved,"You reached the ""three day streak"" milestone.",milestone,,unread,"""2026-06-14T18:00:00.000Z""",,/engagement
669,158,streak_update,Milestone achieved,"You reached the ""seven day streak"" milestone.",milestone,,unread,"""2026-06-14T18:00:00.000Z""",,/engagement
670,159,weak_area_alert,Weak area detected,Your accuracy in Titration Curves is 11%. Consider focused practice.,topic,2149,unread,"""2026-06-14T15:32:08.000Z""",,/weak-areas
671,159,milestone,Milestone achieved,"You reached the ""first practice completed"" milestone.",milestone,,unread,"""2026-06-16T18:00:00.000Z""",,/engagement
672,159,milestone,Milestone achieved,"You reached the ""five practice sessions"" milestone.",milestone,,unread,"""2026-06-16T18:00:00.000Z""",,/engagement
673,159,milestone,Milestone achieved,"You reached the ""first mock exam completed"" milestone.",milestone,,unread,"""2026-06-16T18:00:00.000Z""",,/engagement
674,159,streak_update,Milestone achieved,"You reached the ""three day streak"" milestone.",milestone,,unread,"""2026-06-16T18:00:00.000Z""",,/engagement
675,159,streak_update,Milestone achieved,"You reached the ""seven day streak"" milestone.",milestone,,unread,"""2026-06-16T18:00:00.000Z""",,/engagement
676,160,weak_area_alert,Weak area detected,Your accuracy in Rank is 0%. Consider focused practice.,topic,3377,unread,"""2026-05-19T16:41:17.000Z""",,/weak-areas
677,160,milestone,Milestone achieved,"You reached the ""first practice completed"" milestone.",milestone,,unread,"""2026-06-08T18:00:00.000Z""",,/engagement
678,160,milestone,Milestone achieved,"You reached the ""five practice sessions"" milestone.",milestone,,unread,"""2026-06-08T18:00:00.000Z""",,/engagement
679,160,milestone,Milestone achieved,"You reached the ""first mock exam completed"" milestone.",milestone,,unread,"""2026-06-08T18:00:00.000Z""",,/engagement
680,160,streak_update,Milestone achieved,"You reached the ""three day streak"" milestone.",milestone,,unread,"""2026-06-08T18:00:00.000Z""",,/engagement
681,161,weak_area_alert,Weak area detected,Your accuracy in Step Inputs is 0%. Consider focused practice.,topic,634,unread,"""2026-05-27T18:19:19.000Z""",,/weak-areas
682,161,milestone,Milestone achieved,"You reached the ""first practice completed"" milestone.",milestone,,unread,"""2026-06-05T18:00:00.000Z""",,/engagement
683,161,milestone,Milestone achieved,"You reached the ""five practice sessions"" milestone.",milestone,,unread,"""2026-06-05T18:00:00.000Z""",,/engagement
684,161,milestone,Milestone achieved,"You reached the ""first mock exam completed"" milestone.",milestone,,unread,"""2026-06-05T18:00:00.000Z""",,/engagement
685,161,milestone,Milestone achieved,"You reached the ""first exam above 80"" milestone.",milestone,,unread,"""2026-06-05T18:00:00.000Z""",,/engagement
686,161,streak_update,Milestone achieved,"You reached the ""three day streak"" milestone.",milestone,,unread,"""2026-06-05T18:00:00.000Z""",,/engagement
687,161,streak_update,Milestone achieved,"You reached the ""seven day streak"" milestone.",milestone,,unread,"""2026-06-05T18:00:00.000Z""",,/engagement
688,162,weak_area_alert,Weak area detected,Your accuracy in Classification Metrics is 7%. Consider focused practice.,topic,85,unread,"""2026-06-08T08:36:19.000Z""",,/weak-areas
689,162,milestone,Milestone achieved,"You reached the ""first practice completed"" milestone.",milestone,,unread,"""2026-06-09T18:00:00.000Z""",,/engagement
690,162,milestone,Milestone achieved,"You reached the ""first mock exam completed"" milestone.",milestone,,unread,"""2026-06-09T18:00:00.000Z""",,/engagement
691,162,streak_update,Milestone achieved,"You reached the ""three day streak"" milestone.",milestone,,unread,"""2026-06-09T18:00:00.000Z""",,/engagement
692,163,weak_area_alert,Weak area detected,Your accuracy in Series and Parallel Resistors is 0%. Consider focused practice.,topic,1749,unread,"""2026-05-22T10:32:55.000Z""",,/weak-areas
693,163,milestone,Milestone achieved,"You reached the ""first practice completed"" milestone.",milestone,,unread,"""2026-06-05T18:00:00.000Z""",,/engagement
694,163,milestone,Milestone achieved,"You reached the ""first mock exam completed"" milestone.",milestone,,unread,"""2026-06-05T18:00:00.000Z""",,/engagement
695,163,streak_update,Milestone achieved,"You reached the ""three day streak"" milestone.",milestone,,unread,"""2026-06-05T18:00:00.000Z""",,/engagement
696,164,milestone,Milestone achieved,"You reached the ""first practice completed"" milestone.",milestone,,unread,"""2026-06-08T18:00:00.000Z""",,/engagement
697,164,milestone,Milestone achieved,"You reached the ""five practice sessions"" milestone.",milestone,,unread,"""2026-06-08T18:00:00.000Z""",,/engagement
698,164,milestone,Milestone achieved,"You reached the ""first mock exam completed"" milestone.",milestone,,unread,"""2026-06-08T18:00:00.000Z""",,/engagement
699,164,streak_update,Milestone achieved,"You reached the ""three day streak"" milestone.",milestone,,unread,"""2026-06-08T18:00:00.000Z""",,/engagement
700,164,streak_update,Milestone achieved,"You reached the ""seven day streak"" milestone.",milestone,,unread,"""2026-06-08T18:00:00.000Z""",,/engagement
701,165,milestone,Milestone achieved,"You reached the ""first practice completed"" milestone.",milestone,,unread,"""2026-06-08T18:00:00.000Z""",,/engagement
702,165,milestone,Milestone achieved,"You reached the ""five practice sessions"" milestone.",milestone,,unread,"""2026-06-08T18:00:00.000Z""",,/engagement
703,165,milestone,Milestone achieved,"You reached the ""first mock exam completed"" milestone.",milestone,,unread,"""2026-06-08T18:00:00.000Z""",,/engagement
704,165,milestone,Milestone achieved,"You reached the ""first exam above 80"" milestone.",milestone,,unread,"""2026-06-08T18:00:00.000Z""",,/engagement
705,165,streak_update,Milestone achieved,"You reached the ""three day streak"" milestone.",milestone,,unread,"""2026-06-08T18:00:00.000Z""",,/engagement
706,166,weak_area_alert,Weak area detected,Your accuracy in Characteristic Polynomial is 0%. Consider focused practice.,topic,154,unread,"""2026-06-06T11:47:52.000Z""",,/weak-areas
707,166,weak_area_alert,Weak area detected,Your accuracy in Matrix Inverses is 0%. Consider focused practice.,topic,145,unread,"""2026-06-06T11:47:52.000Z""",,/weak-areas
708,166,weak_area_alert,Weak area detected,Your accuracy in Separation Units is 0%. Consider focused practice.,topic,2437,unread,"""2026-06-08T18:52:56.000Z""",,/weak-areas
709,166,milestone,Milestone achieved,"You reached the ""first practice completed"" milestone.",milestone,,unread,"""2026-06-08T18:00:00.000Z""",,/engagement
710,166,milestone,Milestone achieved,"You reached the ""five practice sessions"" milestone.",milestone,,unread,"""2026-06-08T18:00:00.000Z""",,/engagement
711,166,milestone,Milestone achieved,"You reached the ""first mock exam completed"" milestone.",milestone,,unread,"""2026-06-08T18:00:00.000Z""",,/engagement
712,167,milestone,Milestone achieved,"You reached the ""first practice completed"" milestone.",milestone,,unread,"""2026-06-09T18:00:00.000Z""",,/engagement
713,167,milestone,Milestone achieved,"You reached the ""five practice sessions"" milestone.",milestone,,unread,"""2026-06-09T18:00:00.000Z""",,/engagement
714,167,milestone,Milestone achieved,"You reached the ""first mock exam completed"" milestone.",milestone,,unread,"""2026-06-09T18:00:00.000Z""",,/engagement
715,167,milestone,Milestone achieved,"You reached the ""first exam above 80"" milestone.",milestone,,unread,"""2026-06-09T18:00:00.000Z""",,/engagement
716,168,weak_area_alert,Weak area detected,Your accuracy in Parameters and Return Values is 0%. Consider focused practice.,topic,3337,unread,"""2026-05-20T21:33:47.000Z""",,/weak-areas
717,168,milestone,Milestone achieved,"You reached the ""first practice completed"" milestone.",milestone,,unread,"""2026-05-23T18:00:00.000Z""",,/engagement
718,168,milestone,Milestone achieved,"You reached the ""five practice sessions"" milestone.",milestone,,unread,"""2026-05-23T18:00:00.000Z""",,/engagement
719,168,milestone,Milestone achieved,"You reached the ""first mock exam completed"" milestone.",milestone,,unread,"""2026-05-23T18:00:00.000Z""",,/engagement
720,168,milestone,Milestone achieved,"You reached the ""first exam above 80"" milestone.",milestone,,unread,"""2026-05-23T18:00:00.000Z""",,/engagement
721,168,streak_update,Milestone achieved,"You reached the ""three day streak"" milestone.",milestone,,unread,"""2026-05-23T18:00:00.000Z""",,/engagement
722,168,streak_update,Milestone achieved,"You reached the ""seven day streak"" milestone.",milestone,,unread,"""2026-05-23T18:00:00.000Z""",,/engagement
723,169,milestone,Milestone achieved,"You reached the ""first practice completed"" milestone.",milestone,,unread,"""2026-06-12T18:00:00.000Z""",,/engagement
724,169,milestone,Milestone achieved,"You reached the ""five practice sessions"" milestone.",milestone,,unread,"""2026-06-12T18:00:00.000Z""",,/engagement
725,169,milestone,Milestone achieved,"You reached the ""first mock exam completed"" milestone.",milestone,,unread,"""2026-06-12T18:00:00.000Z""",,/engagement
726,169,milestone,Milestone achieved,"You reached the ""first exam above 80"" milestone.",milestone,,unread,"""2026-06-12T18:00:00.000Z""",,/engagement
727,169,streak_update,Milestone achieved,"You reached the ""three day streak"" milestone.",milestone,,unread,"""2026-06-12T18:00:00.000Z""",,/engagement
728,170,weak_area_alert,Weak area detected,Your accuracy in Elasticity is 0%. Consider focused practice.,topic,2377,unread,"""2026-06-07T11:56:58.000Z""",,/weak-areas
729,170,milestone,Milestone achieved,"You reached the ""first practice completed"" milestone.",milestone,,unread,"""2026-06-12T18:00:00.000Z""",,/engagement
730,170,milestone,Milestone achieved,"You reached the ""five practice sessions"" milestone.",milestone,,unread,"""2026-06-12T18:00:00.000Z""",,/engagement
731,170,milestone,Milestone achieved,"You reached the ""first mock exam completed"" milestone.",milestone,,unread,"""2026-06-12T18:00:00.000Z""",,/engagement
732,170,milestone,Milestone achieved,"You reached the ""first exam above 80"" milestone.",milestone,,unread,"""2026-06-12T18:00:00.000Z""",,/engagement
733,170,streak_update,Milestone achieved,"You reached the ""three day streak"" milestone.",milestone,,unread,"""2026-06-12T18:00:00.000Z""",,/engagement
734,171,weak_area_alert,Weak area detected,Your accuracy in Functional Dependencies is 13%. Consider focused practice.,topic,43,unread,"""2026-05-19T11:33:46.000Z""",,/weak-areas
735,171,weak_area_alert,Weak area detected,Your accuracy in Normalization Forms is 0%. Consider focused practice.,topic,43,unread,"""2026-05-18T17:52:03.000Z""",,/weak-areas
736,171,weak_area_alert,Weak area detected,Your accuracy in Equilibrium Constants is 0%. Consider focused practice.,topic,334,unread,"""2026-05-20T13:29:48.000Z""",,/weak-areas
737,171,milestone,Milestone achieved,"You reached the ""first practice completed"" milestone.",milestone,,unread,"""2026-05-21T18:00:00.000Z""",,/engagement
738,171,milestone,Milestone achieved,"You reached the ""five practice sessions"" milestone.",milestone,,unread,"""2026-05-21T18:00:00.000Z""",,/engagement
739,171,milestone,Milestone achieved,"You reached the ""first mock exam completed"" milestone.",milestone,,unread,"""2026-05-21T18:00:00.000Z""",,/engagement
740,171,streak_update,Milestone achieved,"You reached the ""three day streak"" milestone.",milestone,,unread,"""2026-05-21T18:00:00.000Z""",,/engagement
741,171,streak_update,Milestone achieved,"You reached the ""seven day streak"" milestone.",milestone,,unread,"""2026-05-21T18:00:00.000Z""",,/engagement
742,172,weak_area_alert,Weak area detected,Your accuracy in Perfect Competition is 0%. Consider focused practice.,topic,1321,unread,"""2026-06-12T16:36:43.000Z""",,/weak-areas
743,172,weak_area_alert,Weak area detected,Your accuracy in Bending Moment is 0%. Consider focused practice.,topic,1397,unread,"""2026-05-27T20:53:00.000Z""",,/weak-areas
744,172,milestone,Milestone achieved,"You reached the ""first practice completed"" milestone.",milestone,,unread,"""2026-06-12T18:00:00.000Z""",,/engagement
745,172,milestone,Milestone achieved,"You reached the ""first mock exam completed"" milestone.",milestone,,unread,"""2026-06-12T18:00:00.000Z""",,/engagement
746,172,milestone,Milestone achieved,"You reached the ""first exam above 80"" milestone.",milestone,,unread,"""2026-06-12T18:00:00.000Z""",,/engagement
747,172,streak_update,Milestone achieved,"You reached the ""three day streak"" milestone.",milestone,,unread,"""2026-06-12T18:00:00.000Z""",,/engagement
748,173,milestone,Milestone achieved,"You reached the ""first practice completed"" milestone.",milestone,,unread,"""2026-06-11T18:00:00.000Z""",,/engagement
749,173,milestone,Milestone achieved,"You reached the ""first mock exam completed"" milestone.",milestone,,unread,"""2026-06-11T18:00:00.000Z""",,/engagement
750,173,milestone,Milestone achieved,"You reached the ""first exam above 80"" milestone.",milestone,,unread,"""2026-06-11T18:00:00.000Z""",,/engagement
751,174,milestone,Milestone achieved,"You reached the ""first practice completed"" milestone.",milestone,,unread,"""2026-06-10T18:00:00.000Z""",,/engagement
752,174,milestone,Milestone achieved,"You reached the ""five practice sessions"" milestone.",milestone,,unread,"""2026-06-10T18:00:00.000Z""",,/engagement
753,174,milestone,Milestone achieved,"You reached the ""first mock exam completed"" milestone.",milestone,,unread,"""2026-06-10T18:00:00.000Z""",,/engagement
754,174,milestone,Milestone achieved,"You reached the ""first exam above 80"" milestone.",milestone,,unread,"""2026-06-10T18:00:00.000Z""",,/engagement
755,174,streak_update,Milestone achieved,"You reached the ""three day streak"" milestone.",milestone,,unread,"""2026-06-10T18:00:00.000Z""",,/engagement
756,174,streak_update,Milestone achieved,"You reached the ""seven day streak"" milestone.",milestone,,unread,"""2026-06-10T18:00:00.000Z""",,/engagement
757,175,weak_area_alert,Weak area detected,Your accuracy in Ohm's Law is 10%. Consider focused practice.,topic,3361,unread,"""2026-05-25T13:04:57.000Z""",,/weak-areas
758,175,weak_area_alert,Weak area detected,Your accuracy in Bit Manipulation is 0%. Consider focused practice.,topic,574,unread,"""2026-05-23T15:13:31.000Z""",,/weak-areas
759,175,milestone,Milestone achieved,"You reached the ""first practice completed"" milestone.",milestone,,unread,"""2026-06-01T18:00:00.000Z""",,/engagement
760,175,milestone,Milestone achieved,"You reached the ""first mock exam completed"" milestone.",milestone,,unread,"""2026-06-01T18:00:00.000Z""",,/engagement
761,175,milestone,Milestone achieved,"You reached the ""first exam above 80"" milestone.",milestone,,unread,"""2026-06-01T18:00:00.000Z""",,/engagement
762,175,streak_update,Milestone achieved,"You reached the ""three day streak"" milestone.",milestone,,unread,"""2026-06-01T18:00:00.000Z""",,/engagement
763,175,streak_update,Milestone achieved,"You reached the ""seven day streak"" milestone.",milestone,,unread,"""2026-06-01T18:00:00.000Z""",,/engagement
764,176,weak_area_alert,Weak area detected,Your accuracy in Sampling Plans is 0%. Consider focused practice.,topic,1357,unread,"""2026-06-08T13:49:52.000Z""",,/weak-areas
765,176,milestone,Milestone achieved,"You reached the ""first practice completed"" milestone.",milestone,,unread,"""2026-06-08T18:00:00.000Z""",,/engagement
766,176,milestone,Milestone achieved,"You reached the ""first mock exam completed"" milestone.",milestone,,unread,"""2026-06-08T18:00:00.000Z""",,/engagement
767,176,milestone,Milestone achieved,"You reached the ""first exam above 80"" milestone.",milestone,,unread,"""2026-06-08T18:00:00.000Z""",,/engagement
768,176,streak_update,Milestone achieved,"You reached the ""three day streak"" milestone.",milestone,,unread,"""2026-06-08T18:00:00.000Z""",,/engagement
769,177,weak_area_alert,Weak area detected,Your accuracy in Software Safety Result Verification is 0%. Consider focused practice.,topic,889,unread,"""2026-06-16T18:59:47.000Z""",,/weak-areas
770,177,weak_area_alert,Weak area detected,Your accuracy in Software Safety Design Decisions is 0%. Consider focused practice.,topic,889,unread,"""2026-06-16T18:59:47.000Z""",,/weak-areas
771,177,milestone,Milestone achieved,"You reached the ""first practice completed"" milestone.",milestone,,unread,"""2026-06-17T18:00:00.000Z""",,/engagement
772,177,milestone,Milestone achieved,"You reached the ""first mock exam completed"" milestone.",milestone,,unread,"""2026-06-17T18:00:00.000Z""",,/engagement
773,177,streak_update,Milestone achieved,"You reached the ""three day streak"" milestone.",milestone,,unread,"""2026-06-17T18:00:00.000Z""",,/engagement
774,177,streak_update,Milestone achieved,"You reached the ""seven day streak"" milestone.",milestone,,unread,"""2026-06-17T18:00:00.000Z""",,/engagement
775,178,weak_area_alert,Weak area detected,Your accuracy in Electronic Materials Calculation Procedures is 0%. Consider focused practice.,topic,520,unread,"""2026-05-13T08:57:26.000Z""",,/weak-areas
776,178,milestone,Milestone achieved,"You reached the ""first practice completed"" milestone.",milestone,,unread,"""2026-06-12T18:00:00.000Z""",,/engagement
777,178,milestone,Milestone achieved,"You reached the ""five practice sessions"" milestone.",milestone,,unread,"""2026-06-12T18:00:00.000Z""",,/engagement
778,178,milestone,Milestone achieved,"You reached the ""first mock exam completed"" milestone.",milestone,,unread,"""2026-06-12T18:00:00.000Z""",,/engagement
779,178,milestone,Milestone achieved,"You reached the ""first exam above 80"" milestone.",milestone,,unread,"""2026-06-12T18:00:00.000Z""",,/engagement
780,178,streak_update,Milestone achieved,"You reached the ""three day streak"" milestone.",milestone,,unread,"""2026-06-12T18:00:00.000Z""",,/engagement
781,178,streak_update,Milestone achieved,"You reached the ""seven day streak"" milestone.",milestone,,unread,"""2026-06-12T18:00:00.000Z""",,/engagement
782,179,weak_area_alert,Weak area detected,Your accuracy in Blocking is 0%. Consider focused practice.,topic,2417,unread,"""2026-06-04T17:43:09.000Z""",,/weak-areas
783,179,weak_area_alert,Weak area detected,Your accuracy in Factors and Levels is 0%. Consider focused practice.,topic,2417,unread,"""2026-05-23T17:30:22.000Z""",,/weak-areas
784,179,milestone,Milestone achieved,"You reached the ""first practice completed"" milestone.",milestone,,unread,"""2026-06-09T18:00:00.000Z""",,/engagement
785,179,milestone,Milestone achieved,"You reached the ""five practice sessions"" milestone.",milestone,,unread,"""2026-06-09T18:00:00.000Z""",,/engagement
786,179,milestone,Milestone achieved,"You reached the ""first mock exam completed"" milestone.",milestone,,unread,"""2026-06-09T18:00:00.000Z""",,/engagement
787,179,streak_update,Milestone achieved,"You reached the ""three day streak"" milestone.",milestone,,unread,"""2026-06-09T18:00:00.000Z""",,/engagement
788,179,streak_update,Milestone achieved,"You reached the ""seven day streak"" milestone.",milestone,,unread,"""2026-06-09T18:00:00.000Z""",,/engagement
789,180,milestone,Milestone achieved,"You reached the ""first practice completed"" milestone.",milestone,,unread,"""2026-06-07T18:00:00.000Z""",,/engagement
790,180,milestone,Milestone achieved,"You reached the ""five practice sessions"" milestone.",milestone,,unread,"""2026-06-07T18:00:00.000Z""",,/engagement
791,180,milestone,Milestone achieved,"You reached the ""first mock exam completed"" milestone.",milestone,,unread,"""2026-06-07T18:00:00.000Z""",,/engagement
792,180,milestone,Milestone achieved,"You reached the ""first exam above 80"" milestone.",milestone,,unread,"""2026-06-07T18:00:00.000Z""",,/engagement
793,181,weak_area_alert,Weak area detected,Your accuracy in Transformation is 0%. Consider focused practice.,topic,2405,unread,"""2026-06-03T15:36:30.000Z""",,/weak-areas
794,181,milestone,Milestone achieved,"You reached the ""first practice completed"" milestone.",milestone,,unread,"""2026-06-07T18:00:00.000Z""",,/engagement
795,181,milestone,Milestone achieved,"You reached the ""five practice sessions"" milestone.",milestone,,unread,"""2026-06-07T18:00:00.000Z""",,/engagement
796,181,milestone,Milestone achieved,"You reached the ""first mock exam completed"" milestone.",milestone,,unread,"""2026-06-07T18:00:00.000Z""",,/engagement
797,181,streak_update,Milestone achieved,"You reached the ""three day streak"" milestone.",milestone,,unread,"""2026-06-07T18:00:00.000Z""",,/engagement
798,181,streak_update,Milestone achieved,"You reached the ""seven day streak"" milestone.",milestone,,unread,"""2026-06-07T18:00:00.000Z""",,/engagement
799,182,milestone,Milestone achieved,"You reached the ""first practice completed"" milestone.",milestone,,unread,"""2026-06-10T18:00:00.000Z""",,/engagement
800,182,milestone,Milestone achieved,"You reached the ""first mock exam completed"" milestone.",milestone,,unread,"""2026-06-10T18:00:00.000Z""",,/engagement
801,182,streak_update,Milestone achieved,"You reached the ""three day streak"" milestone.",milestone,,unread,"""2026-06-10T18:00:00.000Z""",,/engagement
802,182,streak_update,Milestone achieved,"You reached the ""seven day streak"" milestone.",milestone,,unread,"""2026-06-10T18:00:00.000Z""",,/engagement
803,183,weak_area_alert,Weak area detected,Your accuracy in Bisection Method is 0%. Consider focused practice.,topic,712,unread,"""2026-05-27T13:20:12.000Z""",,/weak-areas
804,183,weak_area_alert,Weak area detected,Your accuracy in Polynomial Interpolation is 0%. Consider focused practice.,topic,715,unread,"""2026-05-27T13:20:12.000Z""",,/weak-areas
805,183,milestone,Milestone achieved,"You reached the ""first practice completed"" milestone.",milestone,,unread,"""2026-06-01T18:00:00.000Z""",,/engagement
806,183,milestone,Milestone achieved,"You reached the ""five practice sessions"" milestone.",milestone,,unread,"""2026-06-01T18:00:00.000Z""",,/engagement
807,183,milestone,Milestone achieved,"You reached the ""first mock exam completed"" milestone.",milestone,,unread,"""2026-06-01T18:00:00.000Z""",,/engagement
808,183,streak_update,Milestone achieved,"You reached the ""three day streak"" milestone.",milestone,,unread,"""2026-06-01T18:00:00.000Z""",,/engagement
809,183,streak_update,Milestone achieved,"You reached the ""seven day streak"" milestone.",milestone,,unread,"""2026-06-01T18:00:00.000Z""",,/engagement
810,184,milestone,Milestone achieved,"You reached the ""first practice completed"" milestone.",milestone,,unread,"""2026-06-07T18:00:00.000Z""",,/engagement
811,184,milestone,Milestone achieved,"You reached the ""five practice sessions"" milestone.",milestone,,unread,"""2026-06-07T18:00:00.000Z""",,/engagement
812,184,milestone,Milestone achieved,"You reached the ""first mock exam completed"" milestone.",milestone,,unread,"""2026-06-07T18:00:00.000Z""",,/engagement
813,184,milestone,Milestone achieved,"You reached the ""first exam above 80"" milestone.",milestone,,unread,"""2026-06-07T18:00:00.000Z""",,/engagement
814,185,weak_area_alert,Weak area detected,Your accuracy in fork and exec is 0%. Consider focused practice.,topic,1081,unread,"""2026-05-31T11:59:08.000Z""",,/weak-areas
815,185,milestone,Milestone achieved,"You reached the ""first practice completed"" milestone.",milestone,,unread,"""2026-06-03T18:00:00.000Z""",,/engagement
816,185,milestone,Milestone achieved,"You reached the ""first mock exam completed"" milestone.",milestone,,unread,"""2026-06-03T18:00:00.000Z""",,/engagement
817,185,streak_update,Milestone achieved,"You reached the ""three day streak"" milestone.",milestone,,unread,"""2026-06-03T18:00:00.000Z""",,/engagement
818,186,milestone,Milestone achieved,"You reached the ""first practice completed"" milestone.",milestone,,unread,"""2026-05-30T18:00:00.000Z""",,/engagement
819,186,milestone,Milestone achieved,"You reached the ""first mock exam completed"" milestone.",milestone,,unread,"""2026-05-30T18:00:00.000Z""",,/engagement
820,186,milestone,Milestone achieved,"You reached the ""first exam above 80"" milestone.",milestone,,unread,"""2026-05-30T18:00:00.000Z""",,/engagement
821,186,streak_update,Milestone achieved,"You reached the ""three day streak"" milestone.",milestone,,unread,"""2026-05-30T18:00:00.000Z""",,/engagement
822,186,streak_update,Milestone achieved,"You reached the ""seven day streak"" milestone.",milestone,,unread,"""2026-05-30T18:00:00.000Z""",,/engagement
823,187,weak_area_alert,Weak area detected,Your accuracy in JOIN Operations is 0%. Consider focused practice.,topic,2949,unread,"""2026-05-19T10:27:12.000Z""",,/weak-areas
824,187,weak_area_alert,Weak area detected,Your accuracy in DNA Replication is 0%. Consider focused practice.,topic,2517,unread,"""2026-05-21T09:47:01.000Z""",,/weak-areas
825,187,weak_area_alert,Weak area detected,Your accuracy in Gene Expression is 0%. Consider focused practice.,topic,2517,unread,"""2026-05-21T09:47:01.000Z""",,/weak-areas
826,187,milestone,Milestone achieved,"You reached the ""first practice completed"" milestone.",milestone,,unread,"""2026-05-25T18:00:00.000Z""",,/engagement
827,187,milestone,Milestone achieved,"You reached the ""five practice sessions"" milestone.",milestone,,unread,"""2026-05-25T18:00:00.000Z""",,/engagement
828,187,milestone,Milestone achieved,"You reached the ""first mock exam completed"" milestone.",milestone,,unread,"""2026-05-25T18:00:00.000Z""",,/engagement
829,187,streak_update,Milestone achieved,"You reached the ""three day streak"" milestone.",milestone,,unread,"""2026-05-25T18:00:00.000Z""",,/engagement
830,187,streak_update,Milestone achieved,"You reached the ""seven day streak"" milestone.",milestone,,unread,"""2026-05-25T18:00:00.000Z""",,/engagement
831,188,weak_area_alert,Weak area detected,Your accuracy in Root Locus is 0%. Consider focused practice.,topic,1849,unread,"""2026-06-11T12:16:25.000Z""",,/weak-areas
832,188,weak_area_alert,Weak area detected,Your accuracy in Vectors is 0%. Consider focused practice.,topic,2405,unread,"""2026-06-12T13:56:29.000Z""",,/weak-areas
833,188,milestone,Milestone achieved,"You reached the ""first practice completed"" milestone.",milestone,,unread,"""2026-06-12T18:00:00.000Z""",,/engagement
834,188,milestone,Milestone achieved,"You reached the ""five practice sessions"" milestone.",milestone,,unread,"""2026-06-12T18:00:00.000Z""",,/engagement
835,188,milestone,Milestone achieved,"You reached the ""first mock exam completed"" milestone.",milestone,,unread,"""2026-06-12T18:00:00.000Z""",,/engagement
836,188,streak_update,Milestone achieved,"You reached the ""three day streak"" milestone.",milestone,,unread,"""2026-06-12T18:00:00.000Z""",,/engagement
837,189,weak_area_alert,Weak area detected,Your accuracy in Energy Levels is 0%. Consider focused practice.,topic,2361,unread,"""2026-05-29T12:16:41.000Z""",,/weak-areas
838,189,milestone,Milestone achieved,"You reached the ""first practice completed"" milestone.",milestone,,unread,"""2026-06-03T18:00:00.000Z""",,/engagement
839,189,milestone,Milestone achieved,"You reached the ""first mock exam completed"" milestone.",milestone,,unread,"""2026-06-03T18:00:00.000Z""",,/engagement
840,189,milestone,Milestone achieved,"You reached the ""first exam above 80"" milestone.",milestone,,unread,"""2026-06-03T18:00:00.000Z""",,/engagement
841,189,streak_update,Milestone achieved,"You reached the ""three day streak"" milestone.",milestone,,unread,"""2026-06-03T18:00:00.000Z""",,/engagement
842,189,streak_update,Milestone achieved,"You reached the ""seven day streak"" milestone.",milestone,,unread,"""2026-06-03T18:00:00.000Z""",,/engagement
843,190,weak_area_alert,Weak area detected,Your accuracy in NMR Interpretation is 0%. Consider focused practice.,topic,2265,unread,"""2026-05-17T12:19:32.000Z""",,/weak-areas
844,190,milestone,Milestone achieved,"You reached the ""first practice completed"" milestone.",milestone,,unread,"""2026-06-13T18:00:00.000Z""",,/engagement
845,190,milestone,Milestone achieved,"You reached the ""five practice sessions"" milestone.",milestone,,unread,"""2026-06-13T18:00:00.000Z""",,/engagement
846,190,milestone,Milestone achieved,"You reached the ""first mock exam completed"" milestone.",milestone,,unread,"""2026-06-13T18:00:00.000Z""",,/engagement
847,190,streak_update,Milestone achieved,"You reached the ""three day streak"" milestone.",milestone,,unread,"""2026-06-13T18:00:00.000Z""",,/engagement
848,191,weak_area_alert,Weak area detected,Your accuracy in Optimal Substructure is 0%. Consider focused practice.,topic,861,unread,"""2026-06-12T08:02:57.000Z""",,/weak-areas
849,191,weak_area_alert,Weak area detected,Your accuracy in Shock Current is 0%. Consider focused practice.,topic,3585,unread,"""2026-06-10T19:20:38.000Z""",,/weak-areas
850,191,milestone,Milestone achieved,"You reached the ""first practice completed"" milestone.",milestone,,unread,"""2026-06-12T18:00:00.000Z""",,/engagement
851,191,milestone,Milestone achieved,"You reached the ""five practice sessions"" milestone.",milestone,,unread,"""2026-06-12T18:00:00.000Z""",,/engagement
852,191,milestone,Milestone achieved,"You reached the ""first mock exam completed"" milestone.",milestone,,unread,"""2026-06-12T18:00:00.000Z""",,/engagement
853,191,streak_update,Milestone achieved,"You reached the ""three day streak"" milestone.",milestone,,unread,"""2026-06-12T18:00:00.000Z""",,/engagement
854,192,weak_area_alert,Weak area detected,Your accuracy in Transfer Functions is 0%. Consider focused practice.,topic,1841,unread,"""2026-06-08T20:00:38.000Z""",,/weak-areas
855,192,milestone,Milestone achieved,"You reached the ""first practice completed"" milestone.",milestone,,unread,"""2026-06-08T18:00:00.000Z""",,/engagement
856,192,milestone,Milestone achieved,"You reached the ""five practice sessions"" milestone.",milestone,,unread,"""2026-06-08T18:00:00.000Z""",,/engagement
857,192,milestone,Milestone achieved,"You reached the ""first mock exam completed"" milestone.",milestone,,unread,"""2026-06-08T18:00:00.000Z""",,/engagement
858,192,milestone,Milestone achieved,"You reached the ""first exam above 80"" milestone.",milestone,,unread,"""2026-06-08T18:00:00.000Z""",,/engagement
859,192,streak_update,Milestone achieved,"You reached the ""three day streak"" milestone.",milestone,,unread,"""2026-06-08T18:00:00.000Z""",,/engagement
860,192,streak_update,Milestone achieved,"You reached the ""seven day streak"" milestone.",milestone,,unread,"""2026-06-08T18:00:00.000Z""",,/engagement
861,193,weak_area_alert,Weak area detected,Your accuracy in Stability and In-Place Sorting is 0%. Consider focused practice.,topic,76,unread,"""2026-06-01T16:32:19.000Z""",,/weak-areas
862,193,milestone,Milestone achieved,"You reached the ""first practice completed"" milestone.",milestone,,unread,"""2026-06-01T18:00:00.000Z""",,/engagement
863,193,milestone,Milestone achieved,"You reached the ""five practice sessions"" milestone.",milestone,,unread,"""2026-06-01T18:00:00.000Z""",,/engagement
864,193,milestone,Milestone achieved,"You reached the ""first mock exam completed"" milestone.",milestone,,unread,"""2026-06-01T18:00:00.000Z""",,/engagement
865,193,milestone,Milestone achieved,"You reached the ""first exam above 80"" milestone.",milestone,,unread,"""2026-06-01T18:00:00.000Z""",,/engagement
866,193,streak_update,Milestone achieved,"You reached the ""three day streak"" milestone.",milestone,,unread,"""2026-06-01T18:00:00.000Z""",,/engagement
867,194,weak_area_alert,Weak area detected,Your accuracy in Filtration is 0%. Consider focused practice.,topic,406,unread,"""2026-06-01T11:22:21.000Z""",,/weak-areas
868,194,weak_area_alert,Weak area detected,Your accuracy in Inheritance Hierarchies is 0%. Consider focused practice.,topic,19,unread,"""2026-06-04T09:17:59.000Z""",,/weak-areas
869,194,milestone,Milestone achieved,"You reached the ""first practice completed"" milestone.",milestone,,unread,"""2026-06-04T18:00:00.000Z""",,/engagement
870,194,milestone,Milestone achieved,"You reached the ""five practice sessions"" milestone.",milestone,,unread,"""2026-06-04T18:00:00.000Z""",,/engagement
871,194,milestone,Milestone achieved,"You reached the ""first mock exam completed"" milestone.",milestone,,unread,"""2026-06-04T18:00:00.000Z""",,/engagement
872,194,streak_update,Milestone achieved,"You reached the ""three day streak"" milestone.",milestone,,unread,"""2026-06-04T18:00:00.000Z""",,/engagement
873,194,streak_update,Milestone achieved,"You reached the ""seven day streak"" milestone.",milestone,,unread,"""2026-06-04T18:00:00.000Z""",,/engagement
874,195,weak_area_alert,Weak area detected,Your accuracy in Optimal Substructure is 0%. Consider focused practice.,topic,877,unread,"""2026-06-14T15:24:44.000Z""",,/weak-areas
875,195,weak_area_alert,Weak area detected,Your accuracy in Greedy Choice Conditions is 0%. Consider focused practice.,topic,877,unread,"""2026-06-11T19:37:04.000Z""",,/weak-areas
876,195,weak_area_alert,Weak area detected,Your accuracy in Conditionals and Loops is 0%. Consider focused practice.,topic,1065,unread,"""2026-06-12T12:05:15.000Z""",,/weak-areas
877,195,weak_area_alert,Weak area detected,Your accuracy in Separable Equations is 0%. Consider focused practice.,topic,3345,unread,"""2026-06-13T10:53:44.000Z""",,/weak-areas
878,195,weak_area_alert,Weak area detected,Your accuracy in MAC Addressing and ARP is 0%. Consider focused practice.,topic,58,unread,"""2026-06-07T20:38:14.000Z""",,/weak-areas
879,195,milestone,Milestone achieved,"You reached the ""first practice completed"" milestone.",milestone,,unread,"""2026-06-15T18:00:00.000Z""",,/engagement
880,195,milestone,Milestone achieved,"You reached the ""five practice sessions"" milestone.",milestone,,unread,"""2026-06-15T18:00:00.000Z""",,/engagement
881,195,milestone,Milestone achieved,"You reached the ""first mock exam completed"" milestone.",milestone,,unread,"""2026-06-15T18:00:00.000Z""",,/engagement
882,195,streak_update,Milestone achieved,"You reached the ""three day streak"" milestone.",milestone,,unread,"""2026-06-15T18:00:00.000Z""",,/engagement
883,195,streak_update,Milestone achieved,"You reached the ""seven day streak"" milestone.",milestone,,unread,"""2026-06-15T18:00:00.000Z""",,/engagement
884,196,milestone,Milestone achieved,"You reached the ""first practice completed"" milestone.",milestone,,unread,"""2026-06-07T18:00:00.000Z""",,/engagement
885,196,milestone,Milestone achieved,"You reached the ""five practice sessions"" milestone.",milestone,,unread,"""2026-06-07T18:00:00.000Z""",,/engagement
886,196,milestone,Milestone achieved,"You reached the ""first mock exam completed"" milestone.",milestone,,unread,"""2026-06-07T18:00:00.000Z""",,/engagement
887,196,milestone,Milestone achieved,"You reached the ""first exam above 80"" milestone.",milestone,,unread,"""2026-06-07T18:00:00.000Z""",,/engagement
888,196,streak_update,Milestone achieved,"You reached the ""three day streak"" milestone.",milestone,,unread,"""2026-06-07T18:00:00.000Z""",,/engagement
889,197,milestone,Milestone achieved,"You reached the ""first practice completed"" milestone.",milestone,,unread,"""2026-06-02T18:00:00.000Z""",,/engagement
890,197,milestone,Milestone achieved,"You reached the ""first mock exam completed"" milestone.",milestone,,unread,"""2026-06-02T18:00:00.000Z""",,/engagement
891,197,milestone,Milestone achieved,"You reached the ""first exam above 80"" milestone.",milestone,,unread,"""2026-06-02T18:00:00.000Z""",,/engagement
892,197,streak_update,Milestone achieved,"You reached the ""three day streak"" milestone.",milestone,,unread,"""2026-06-02T18:00:00.000Z""",,/engagement
893,197,streak_update,Milestone achieved,"You reached the ""seven day streak"" milestone.",milestone,,unread,"""2026-06-02T18:00:00.000Z""",,/engagement
894,198,weak_area_alert,Weak area detected,Your accuracy in Gene Transfer is 0%. Consider focused practice.,topic,2489,unread,"""2026-06-01T15:20:52.000Z""",,/weak-areas
895,198,weak_area_alert,Weak area detected,Your accuracy in Catabolic Pathways is 0%. Consider focused practice.,topic,2489,unread,"""2026-06-04T08:12:47.000Z""",,/weak-areas
896,198,milestone,Milestone achieved,"You reached the ""first practice completed"" milestone.",milestone,,unread,"""2026-06-07T18:00:00.000Z""",,/engagement
897,198,milestone,Milestone achieved,"You reached the ""five practice sessions"" milestone.",milestone,,unread,"""2026-06-07T18:00:00.000Z""",,/engagement
898,198,milestone,Milestone achieved,"You reached the ""first mock exam completed"" milestone.",milestone,,unread,"""2026-06-07T18:00:00.000Z""",,/engagement
899,198,streak_update,Milestone achieved,"You reached the ""three day streak"" milestone.",milestone,,unread,"""2026-06-07T18:00:00.000Z""",,/engagement
900,198,streak_update,Milestone achieved,"You reached the ""seven day streak"" milestone.",milestone,,unread,"""2026-06-07T18:00:00.000Z""",,/engagement
901,199,weak_area_alert,Weak area detected,Your accuracy in Step Inputs is 0%. Consider focused practice.,topic,634,unread,"""2026-06-04T14:40:16.000Z""",,/weak-areas
902,199,milestone,Milestone achieved,"You reached the ""first practice completed"" milestone.",milestone,,unread,"""2026-06-08T18:00:00.000Z""",,/engagement
903,199,milestone,Milestone achieved,"You reached the ""five practice sessions"" milestone.",milestone,,unread,"""2026-06-08T18:00:00.000Z""",,/engagement
904,199,milestone,Milestone achieved,"You reached the ""first mock exam completed"" milestone.",milestone,,unread,"""2026-06-08T18:00:00.000Z""",,/engagement
905,199,streak_update,Milestone achieved,"You reached the ""three day streak"" milestone.",milestone,,unread,"""2026-06-08T18:00:00.000Z""",,/engagement
906,200,milestone,Milestone achieved,"You reached the ""first practice completed"" milestone.",milestone,,unread,"""2026-06-11T18:00:00.000Z""",,/engagement
907,200,milestone,Milestone achieved,"You reached the ""first mock exam completed"" milestone.",milestone,,unread,"""2026-06-11T18:00:00.000Z""",,/engagement
908,201,weak_area_alert,Weak area detected,Your accuracy in Electron Configuration is 0%. Consider focused practice.,topic,325,unread,"""2026-06-12T21:25:08.000Z""",,/weak-areas
909,201,milestone,Milestone achieved,"You reached the ""first practice completed"" milestone.",milestone,,unread,"""2026-06-12T18:00:00.000Z""",,/engagement
910,201,milestone,Milestone achieved,"You reached the ""first mock exam completed"" milestone.",milestone,,unread,"""2026-06-12T18:00:00.000Z""",,/engagement
911,201,streak_update,Milestone achieved,"You reached the ""three day streak"" milestone.",milestone,,unread,"""2026-06-12T18:00:00.000Z""",,/engagement
912,205,weak_area_alert,Weak area detected,Your accuracy in Decision Errors is 0%. Consider focused practice.,topic,2817,unread,"""2026-06-10T17:45:07.000Z""",,/weak-areas
913,205,weak_area_alert,Weak area detected,Your accuracy in First-Order Response is 0%. Consider focused practice.,topic,316,unread,"""2026-06-08T13:09:30.000Z""",,/weak-areas
914,205,milestone,Milestone achieved,"You reached the ""first practice completed"" milestone.",milestone,,unread,"""2026-06-10T18:00:00.000Z""",,/engagement
915,205,milestone,Milestone achieved,"You reached the ""five practice sessions"" milestone.",milestone,,unread,"""2026-06-10T18:00:00.000Z""",,/engagement
916,205,milestone,Milestone achieved,"You reached the ""first mock exam completed"" milestone.",milestone,,unread,"""2026-06-10T18:00:00.000Z""",,/engagement
917,205,streak_update,Milestone achieved,"You reached the ""three day streak"" milestone.",milestone,,unread,"""2026-06-10T18:00:00.000Z""",,/engagement
918,206,milestone,Milestone achieved,"You reached the ""first practice completed"" milestone.",milestone,,unread,"""2026-06-01T18:00:00.000Z""",,/engagement
919,206,milestone,Milestone achieved,"You reached the ""first mock exam completed"" milestone.",milestone,,unread,"""2026-06-01T18:00:00.000Z""",,/engagement
920,206,streak_update,Milestone achieved,"You reached the ""three day streak"" milestone.",milestone,,unread,"""2026-06-01T18:00:00.000Z""",,/engagement
921,206,streak_update,Milestone achieved,"You reached the ""seven day streak"" milestone.",milestone,,unread,"""2026-06-01T18:00:00.000Z""",,/engagement
922,207,milestone,Milestone achieved,"You reached the ""first practice completed"" milestone.",milestone,,unread,"""2026-06-13T18:00:00.000Z""",,/engagement
923,207,milestone,Milestone achieved,"You reached the ""first mock exam completed"" milestone.",milestone,,unread,"""2026-06-13T18:00:00.000Z""",,/engagement
924,207,streak_update,Milestone achieved,"You reached the ""three day streak"" milestone.",milestone,,unread,"""2026-06-13T18:00:00.000Z""",,/engagement
925,208,weak_area_alert,Weak area detected,Your accuracy in Matrix Representation is 0%. Consider focused practice.,topic,3385,unread,"""2026-06-01T18:35:10.000Z""",,/weak-areas
926,208,milestone,Milestone achieved,"You reached the ""first practice completed"" milestone.",milestone,,unread,"""2026-06-15T18:00:00.000Z""",,/engagement
927,208,milestone,Milestone achieved,"You reached the ""five practice sessions"" milestone.",milestone,,unread,"""2026-06-15T18:00:00.000Z""",,/engagement
928,208,milestone,Milestone achieved,"You reached the ""first mock exam completed"" milestone.",milestone,,unread,"""2026-06-15T18:00:00.000Z""",,/engagement
929,208,streak_update,Milestone achieved,"You reached the ""three day streak"" milestone.",milestone,,unread,"""2026-06-15T18:00:00.000Z""",,/engagement
930,209,milestone,Milestone achieved,"You reached the ""first practice completed"" milestone.",milestone,,unread,"""2026-06-10T18:00:00.000Z""",,/engagement
931,209,milestone,Milestone achieved,"You reached the ""five practice sessions"" milestone.",milestone,,unread,"""2026-06-10T18:00:00.000Z""",,/engagement
932,209,milestone,Milestone achieved,"You reached the ""first mock exam completed"" milestone.",milestone,,unread,"""2026-06-10T18:00:00.000Z""",,/engagement
933,209,streak_update,Milestone achieved,"You reached the ""three day streak"" milestone.",milestone,,unread,"""2026-06-10T18:00:00.000Z""",,/engagement
934,210,milestone,Milestone achieved,"You reached the ""first practice completed"" milestone.",milestone,,unread,"""2026-06-10T18:00:00.000Z""",,/engagement
935,210,milestone,Milestone achieved,"You reached the ""five practice sessions"" milestone.",milestone,,unread,"""2026-06-10T18:00:00.000Z""",,/engagement
936,210,milestone,Milestone achieved,"You reached the ""first mock exam completed"" milestone.",milestone,,unread,"""2026-06-10T18:00:00.000Z""",,/engagement
937,210,streak_update,Milestone achieved,"You reached the ""three day streak"" milestone.",milestone,,unread,"""2026-06-10T18:00:00.000Z""",,/engagement
938,211,milestone,Milestone achieved,"You reached the ""first practice completed"" milestone.",milestone,,unread,"""2026-06-08T18:00:00.000Z""",,/engagement
939,211,milestone,Milestone achieved,"You reached the ""five practice sessions"" milestone.",milestone,,unread,"""2026-06-08T18:00:00.000Z""",,/engagement
940,211,milestone,Milestone achieved,"You reached the ""first mock exam completed"" milestone.",milestone,,unread,"""2026-06-08T18:00:00.000Z""",,/engagement
941,211,streak_update,Milestone achieved,"You reached the ""three day streak"" milestone.",milestone,,unread,"""2026-06-08T18:00:00.000Z""",,/engagement
942,212,milestone,Milestone achieved,"You reached the ""first practice completed"" milestone.",milestone,,unread,"""2026-06-05T18:00:00.000Z""",,/engagement
943,212,milestone,Milestone achieved,"You reached the ""five practice sessions"" milestone.",milestone,,unread,"""2026-06-05T18:00:00.000Z""",,/engagement
944,212,milestone,Milestone achieved,"You reached the ""first mock exam completed"" milestone.",milestone,,unread,"""2026-06-05T18:00:00.000Z""",,/engagement
945,212,milestone,Milestone achieved,"You reached the ""first exam above 80"" milestone.",milestone,,unread,"""2026-06-05T18:00:00.000Z""",,/engagement
946,212,streak_update,Milestone achieved,"You reached the ""three day streak"" milestone.",milestone,,unread,"""2026-06-05T18:00:00.000Z""",,/engagement
947,212,streak_update,Milestone achieved,"You reached the ""seven day streak"" milestone.",milestone,,unread,"""2026-06-05T18:00:00.000Z""",,/engagement
948,213,milestone,Milestone achieved,"You reached the ""first practice completed"" milestone.",milestone,,unread,"""2026-06-07T18:00:00.000Z""",,/engagement
949,213,milestone,Milestone achieved,"You reached the ""first mock exam completed"" milestone.",milestone,,unread,"""2026-06-07T18:00:00.000Z""",,/engagement
950,213,streak_update,Milestone achieved,"You reached the ""three day streak"" milestone.",milestone,,unread,"""2026-06-07T18:00:00.000Z""",,/engagement
951,214,weak_area_alert,Weak area detected,Your accuracy in Conditional Branching is 0%. Consider focused practice.,topic,232,unread,"""2026-05-20T17:21:00.000Z""",,/weak-areas
952,214,weak_area_alert,Weak area detected,Your accuracy in Parameters and Return Values is 10%. Consider focused practice.,topic,235,unread,"""2026-05-20T17:21:00.000Z""",,/weak-areas
953,214,weak_area_alert,Weak area detected,Your accuracy in Function Calls is 10%. Consider focused practice.,topic,235,unread,"""2026-05-19T13:22:10.000Z""",,/weak-areas
954,214,weak_area_alert,Weak area detected,Your accuracy in Loop Tracing is 0%. Consider focused practice.,topic,232,unread,"""2026-05-19T13:22:10.000Z""",,/weak-areas
955,214,weak_area_alert,Weak area detected,Your accuracy in Exposure Pathways is 0%. Consider focused practice.,topic,418,unread,"""2026-05-28T20:52:19.000Z""",,/weak-areas
956,214,milestone,Milestone achieved,"You reached the ""first practice completed"" milestone.",milestone,,unread,"""2026-05-30T18:00:00.000Z""",,/engagement
957,214,milestone,Milestone achieved,"You reached the ""first mock exam completed"" milestone.",milestone,,unread,"""2026-05-30T18:00:00.000Z""",,/engagement
958,214,streak_update,Milestone achieved,"You reached the ""three day streak"" milestone.",milestone,,unread,"""2026-05-30T18:00:00.000Z""",,/engagement
959,215,milestone,Milestone achieved,"You reached the ""first practice completed"" milestone.",milestone,,unread,"""2026-06-10T18:00:00.000Z""",,/engagement
960,215,milestone,Milestone achieved,"You reached the ""five practice sessions"" milestone.",milestone,,unread,"""2026-06-10T18:00:00.000Z""",,/engagement
961,215,milestone,Milestone achieved,"You reached the ""first mock exam completed"" milestone.",milestone,,unread,"""2026-06-10T18:00:00.000Z""",,/engagement
962,215,milestone,Milestone achieved,"You reached the ""first exam above 80"" milestone.",milestone,,unread,"""2026-06-10T18:00:00.000Z""",,/engagement
963,215,streak_update,Milestone achieved,"You reached the ""three day streak"" milestone.",milestone,,unread,"""2026-06-10T18:00:00.000Z""",,/engagement
964,216,weak_area_alert,Weak area detected,Your accuracy in Pumping Systems is 0%. Consider focused practice.,topic,397,unread,"""2026-06-06T11:27:16.000Z""",,/weak-areas
965,216,milestone,Milestone achieved,"You reached the ""first practice completed"" milestone.",milestone,,unread,"""2026-06-06T18:00:00.000Z""",,/engagement
966,216,milestone,Milestone achieved,"You reached the ""five practice sessions"" milestone.",milestone,,unread,"""2026-06-06T18:00:00.000Z""",,/engagement
967,216,milestone,Milestone achieved,"You reached the ""first mock exam completed"" milestone.",milestone,,unread,"""2026-06-06T18:00:00.000Z""",,/engagement
968,216,streak_update,Milestone achieved,"You reached the ""three day streak"" milestone.",milestone,,unread,"""2026-06-06T18:00:00.000Z""",,/engagement
969,216,streak_update,Milestone achieved,"You reached the ""seven day streak"" milestone.",milestone,,unread,"""2026-06-06T18:00:00.000Z""",,/engagement
970,217,milestone,Milestone achieved,"You reached the ""first practice completed"" milestone.",milestone,,unread,"""2026-06-08T18:00:00.000Z""",,/engagement
971,217,milestone,Milestone achieved,"You reached the ""first mock exam completed"" milestone.",milestone,,unread,"""2026-06-08T18:00:00.000Z""",,/engagement
972,217,streak_update,Milestone achieved,"You reached the ""three day streak"" milestone.",milestone,,unread,"""2026-06-08T18:00:00.000Z""",,/engagement
973,218,weak_area_alert,Weak area detected,Your accuracy in Fields and Methods is 0%. Consider focused practice.,topic,897,unread,"""2026-05-26T21:18:01.000Z""",,/weak-areas
974,218,weak_area_alert,Weak area detected,Your accuracy in Equality and toString is 0%. Consider focused practice.,topic,909,unread,"""2026-05-27T16:10:28.000Z""",,/weak-areas
975,218,milestone,Milestone achieved,"You reached the ""first practice completed"" milestone.",milestone,,unread,"""2026-06-02T18:00:00.000Z""",,/engagement
976,218,milestone,Milestone achieved,"You reached the ""first mock exam completed"" milestone.",milestone,,unread,"""2026-06-02T18:00:00.000Z""",,/engagement
977,218,streak_update,Milestone achieved,"You reached the ""three day streak"" milestone.",milestone,,unread,"""2026-06-02T18:00:00.000Z""",,/engagement
978,218,streak_update,Milestone achieved,"You reached the ""seven day streak"" milestone.",milestone,,unread,"""2026-06-02T18:00:00.000Z""",,/engagement
979,219,milestone,Milestone achieved,"You reached the ""first practice completed"" milestone.",milestone,,unread,"""2026-06-12T18:00:00.000Z""",,/engagement
980,219,milestone,Milestone achieved,"You reached the ""five practice sessions"" milestone.",milestone,,unread,"""2026-06-12T18:00:00.000Z""",,/engagement
981,219,milestone,Milestone achieved,"You reached the ""first mock exam completed"" milestone.",milestone,,unread,"""2026-06-12T18:00:00.000Z""",,/engagement
982,219,streak_update,Milestone achieved,"You reached the ""three day streak"" milestone.",milestone,,unread,"""2026-06-12T18:00:00.000Z""",,/engagement
983,220,weak_area_alert,Weak area detected,Your accuracy in Exposure Pathways is 0%. Consider focused practice.,topic,418,unread,"""2026-05-26T10:42:24.000Z""",,/weak-areas
984,220,milestone,Milestone achieved,"You reached the ""first practice completed"" milestone.",milestone,,unread,"""2026-06-10T18:00:00.000Z""",,/engagement
985,220,milestone,Milestone achieved,"You reached the ""five practice sessions"" milestone.",milestone,,unread,"""2026-06-10T18:00:00.000Z""",,/engagement
986,220,milestone,Milestone achieved,"You reached the ""first mock exam completed"" milestone.",milestone,,unread,"""2026-06-10T18:00:00.000Z""",,/engagement
987,220,milestone,Milestone achieved,"You reached the ""first exam above 80"" milestone.",milestone,,unread,"""2026-06-10T18:00:00.000Z""",,/engagement
988,220,streak_update,Milestone achieved,"You reached the ""three day streak"" milestone.",milestone,,unread,"""2026-06-10T18:00:00.000Z""",,/engagement
989,221,milestone,Milestone achieved,"You reached the ""first practice completed"" milestone.",milestone,,unread,"""2026-06-06T18:00:00.000Z""",,/engagement
990,221,milestone,Milestone achieved,"You reached the ""five practice sessions"" milestone.",milestone,,unread,"""2026-06-06T18:00:00.000Z""",,/engagement
991,221,milestone,Milestone achieved,"You reached the ""first mock exam completed"" milestone.",milestone,,unread,"""2026-06-06T18:00:00.000Z""",,/engagement
992,221,milestone,Milestone achieved,"You reached the ""first exam above 80"" milestone.",milestone,,unread,"""2026-06-06T18:00:00.000Z""",,/engagement
993,222,weak_area_alert,Weak area detected,Your accuracy in DNA Replication is 8%. Consider focused practice.,topic,2517,unread,"""2026-05-18T20:54:20.000Z""",,/weak-areas
994,222,weak_area_alert,Weak area detected,Your accuracy in Allele Frequencies is 0%. Consider focused practice.,topic,2521,unread,"""2026-05-18T20:54:20.000Z""",,/weak-areas
995,222,weak_area_alert,Weak area detected,Your accuracy in Conditional Branching is 0%. Consider focused practice.,topic,448,unread,"""2026-05-19T12:18:32.000Z""",,/weak-areas
996,222,weak_area_alert,Weak area detected,Your accuracy in Tooth Forces is 0%. Consider focused practice.,topic,3081,unread,"""2026-05-20T09:02:39.000Z""",,/weak-areas
997,222,milestone,Milestone achieved,"You reached the ""first practice completed"" milestone.",milestone,,unread,"""2026-05-30T18:00:00.000Z""",,/engagement
998,222,milestone,Milestone achieved,"You reached the ""five practice sessions"" milestone.",milestone,,unread,"""2026-05-30T18:00:00.000Z""",,/engagement
999,222,milestone,Milestone achieved,"You reached the ""first mock exam completed"" milestone.",milestone,,unread,"""2026-05-30T18:00:00.000Z""",,/engagement
1000,222,streak_update,Milestone achieved,"You reached the ""three day streak"" milestone.",milestone,,unread,"""2026-05-30T18:00:00.000Z""",,/engagement
1001,222,streak_update,Milestone achieved,"You reached the ""seven day streak"" milestone.",milestone,,unread,"""2026-05-30T18:00:00.000Z""",,/engagement
1002,223,milestone,Milestone achieved,"You reached the ""first practice completed"" milestone.",milestone,,unread,"""2026-06-06T18:00:00.000Z""",,/engagement
1003,223,milestone,Milestone achieved,"You reached the ""five practice sessions"" milestone.",milestone,,unread,"""2026-06-06T18:00:00.000Z""",,/engagement
1004,223,milestone,Milestone achieved,"You reached the ""first mock exam completed"" milestone.",milestone,,unread,"""2026-06-06T18:00:00.000Z""",,/engagement
1005,223,milestone,Milestone achieved,"You reached the ""first exam above 80"" milestone.",milestone,,unread,"""2026-06-06T18:00:00.000Z""",,/engagement
1006,223,streak_update,Milestone achieved,"You reached the ""three day streak"" milestone.",milestone,,unread,"""2026-06-06T18:00:00.000Z""",,/engagement
1007,224,weak_area_alert,Weak area detected,Your accuracy in Matrix Inverses is 0%. Consider focused practice.,topic,3377,unread,"""2026-06-11T14:02:16.000Z""",,/weak-areas
1008,224,milestone,Milestone achieved,"You reached the ""first practice completed"" milestone.",milestone,,unread,"""2026-06-11T18:00:00.000Z""",,/engagement
1009,224,milestone,Milestone achieved,"You reached the ""first mock exam completed"" milestone.",milestone,,unread,"""2026-06-11T18:00:00.000Z""",,/engagement
1010,224,milestone,Milestone achieved,"You reached the ""first exam above 80"" milestone.",milestone,,unread,"""2026-06-11T18:00:00.000Z""",,/engagement
1011,224,streak_update,Milestone achieved,"You reached the ""three day streak"" milestone.",milestone,,unread,"""2026-06-11T18:00:00.000Z""",,/engagement
1012,225,milestone,Milestone achieved,"You reached the ""first practice completed"" milestone.",milestone,,unread,"""2026-06-09T18:00:00.000Z""",,/engagement
1013,225,milestone,Milestone achieved,"You reached the ""five practice sessions"" milestone.",milestone,,unread,"""2026-06-09T18:00:00.000Z""",,/engagement
1014,225,milestone,Milestone achieved,"You reached the ""first mock exam completed"" milestone.",milestone,,unread,"""2026-06-09T18:00:00.000Z""",,/engagement
1015,225,streak_update,Milestone achieved,"You reached the ""three day streak"" milestone.",milestone,,unread,"""2026-06-09T18:00:00.000Z""",,/engagement
1016,225,streak_update,Milestone achieved,"You reached the ""seven day streak"" milestone.",milestone,,unread,"""2026-06-09T18:00:00.000Z""",,/engagement
1017,226,weak_area_alert,Weak area detected,Your accuracy in Instruction Cycle is 0%. Consider focused practice.,topic,1093,unread,"""2026-05-23T17:15:33.000Z""",,/weak-areas
1018,226,weak_area_alert,Weak area detected,Your accuracy in Method of Sections is 0%. Consider focused practice.,topic,1401,unread,"""2026-06-11T18:09:23.000Z""",,/weak-areas
1019,226,milestone,Milestone achieved,"You reached the ""first practice completed"" milestone.",milestone,,unread,"""2026-06-11T18:00:00.000Z""",,/engagement
1020,226,milestone,Milestone achieved,"You reached the ""five practice sessions"" milestone.",milestone,,unread,"""2026-06-11T18:00:00.000Z""",,/engagement
1021,226,milestone,Milestone achieved,"You reached the ""first mock exam completed"" milestone.",milestone,,unread,"""2026-06-11T18:00:00.000Z""",,/engagement
1022,226,streak_update,Milestone achieved,"You reached the ""three day streak"" milestone.",milestone,,unread,"""2026-06-11T18:00:00.000Z""",,/engagement
1023,226,streak_update,Milestone achieved,"You reached the ""seven day streak"" milestone.",milestone,,unread,"""2026-06-11T18:00:00.000Z""",,/engagement
1024,227,weak_area_alert,Weak area detected,Your accuracy in Linear System Solving is 0%. Consider focused practice.,topic,1877,unread,"""2026-05-25T13:02:07.000Z""",,/weak-areas
1025,227,milestone,Milestone achieved,"You reached the ""first practice completed"" milestone.",milestone,,unread,"""2026-06-15T18:00:00.000Z""",,/engagement
1026,227,milestone,Milestone achieved,"You reached the ""first mock exam completed"" milestone.",milestone,,unread,"""2026-06-15T18:00:00.000Z""",,/engagement
1027,227,milestone,Milestone achieved,"You reached the ""first exam above 80"" milestone.",milestone,,unread,"""2026-06-15T18:00:00.000Z""",,/engagement
1028,227,streak_update,Milestone achieved,"You reached the ""three day streak"" milestone.",milestone,,unread,"""2026-06-15T18:00:00.000Z""",,/engagement
1029,228,weak_area_alert,Weak area detected,Your accuracy in Distance Vector Routing is 0%. Consider focused practice.,topic,55,unread,"""2026-05-20T11:28:53.000Z""",,/weak-areas
1030,228,milestone,Milestone achieved,"You reached the ""first practice completed"" milestone.",milestone,,unread,"""2026-06-01T18:00:00.000Z""",,/engagement
1031,228,milestone,Milestone achieved,"You reached the ""five practice sessions"" milestone.",milestone,,unread,"""2026-06-01T18:00:00.000Z""",,/engagement
1032,228,milestone,Milestone achieved,"You reached the ""first mock exam completed"" milestone.",milestone,,unread,"""2026-06-01T18:00:00.000Z""",,/engagement
1033,228,streak_update,Milestone achieved,"You reached the ""three day streak"" milestone.",milestone,,unread,"""2026-06-01T18:00:00.000Z""",,/engagement
1034,228,streak_update,Milestone achieved,"You reached the ""seven day streak"" milestone.",milestone,,unread,"""2026-06-01T18:00:00.000Z""",,/engagement
1035,229,weak_area_alert,Weak area detected,Your accuracy in Cutoff Frequency is 0%. Consider focused practice.,topic,3557,unread,"""2026-06-07T19:33:01.000Z""",,/weak-areas
1036,229,milestone,Milestone achieved,"You reached the ""first practice completed"" milestone.",milestone,,unread,"""2026-06-14T18:00:00.000Z""",,/engagement
1037,229,milestone,Milestone achieved,"You reached the ""five practice sessions"" milestone.",milestone,,unread,"""2026-06-14T18:00:00.000Z""",,/engagement
1038,229,milestone,Milestone achieved,"You reached the ""first mock exam completed"" milestone.",milestone,,unread,"""2026-06-14T18:00:00.000Z""",,/engagement
1039,229,streak_update,Milestone achieved,"You reached the ""three day streak"" milestone.",milestone,,unread,"""2026-06-14T18:00:00.000Z""",,/engagement
1040,230,milestone,Milestone achieved,"You reached the ""first practice completed"" milestone.",milestone,,unread,"""2026-06-07T18:00:00.000Z""",,/engagement
1041,230,milestone,Milestone achieved,"You reached the ""five practice sessions"" milestone.",milestone,,unread,"""2026-06-07T18:00:00.000Z""",,/engagement
1042,230,milestone,Milestone achieved,"You reached the ""first mock exam completed"" milestone.",milestone,,unread,"""2026-06-07T18:00:00.000Z""",,/engagement
1043,230,milestone,Milestone achieved,"You reached the ""first exam above 80"" milestone.",milestone,,unread,"""2026-06-07T18:00:00.000Z""",,/engagement
1044,230,streak_update,Milestone achieved,"You reached the ""three day streak"" milestone.",milestone,,unread,"""2026-06-07T18:00:00.000Z""",,/engagement
1045,231,weak_area_alert,Weak area detected,Your accuracy in Particulate Removal is 0%. Consider focused practice.,topic,2469,unread,"""2026-06-03T10:34:49.000Z""",,/weak-areas
1046,231,milestone,Milestone achieved,"You reached the ""first practice completed"" milestone.",milestone,,unread,"""2026-06-10T18:00:00.000Z""",,/engagement
1047,231,milestone,Milestone achieved,"You reached the ""first mock exam completed"" milestone.",milestone,,unread,"""2026-06-10T18:00:00.000Z""",,/engagement
1048,232,milestone,Milestone achieved,"You reached the ""first practice completed"" milestone.",milestone,,unread,"""2026-06-05T18:00:00.000Z""",,/engagement
1049,232,milestone,Milestone achieved,"You reached the ""five practice sessions"" milestone.",milestone,,unread,"""2026-06-05T18:00:00.000Z""",,/engagement
1050,232,milestone,Milestone achieved,"You reached the ""first mock exam completed"" milestone.",milestone,,unread,"""2026-06-05T18:00:00.000Z""",,/engagement
1051,232,milestone,Milestone achieved,"You reached the ""first exam above 80"" milestone.",milestone,,unread,"""2026-06-05T18:00:00.000Z""",,/engagement
1052,233,weak_area_alert,Weak area detected,Your accuracy in Numerical Integration is 0%. Consider focused practice.,topic,1877,unread,"""2026-05-29T10:42:21.000Z""",,/weak-areas
1053,233,weak_area_alert,Weak area detected,Your accuracy in Protection Relays is 0%. Consider focused practice.,topic,3577,unread,"""2026-05-28T15:24:40.000Z""",,/weak-areas
1054,233,milestone,Milestone achieved,"You reached the ""first practice completed"" milestone.",milestone,,unread,"""2026-06-01T18:00:00.000Z""",,/engagement
1055,233,milestone,Milestone achieved,"You reached the ""first mock exam completed"" milestone.",milestone,,unread,"""2026-06-01T18:00:00.000Z""",,/engagement
1056,233,streak_update,Milestone achieved,"You reached the ""three day streak"" milestone.",milestone,,unread,"""2026-06-01T18:00:00.000Z""",,/engagement
1057,233,streak_update,Milestone achieved,"You reached the ""seven day streak"" milestone.",milestone,,unread,"""2026-06-01T18:00:00.000Z""",,/engagement
1058,234,weak_area_alert,Weak area detected,Your accuracy in Encoders is 0%. Consider focused practice.,topic,268,unread,"""2026-05-15T15:11:14.000Z""",,/weak-areas
1059,234,milestone,Milestone achieved,"You reached the ""first practice completed"" milestone.",milestone,,unread,"""2026-05-16T18:00:00.000Z""",,/engagement
1060,234,milestone,Milestone achieved,"You reached the ""first mock exam completed"" milestone.",milestone,,unread,"""2026-05-16T18:00:00.000Z""",,/engagement
1061,234,milestone,Milestone achieved,"You reached the ""first exam above 80"" milestone.",milestone,,unread,"""2026-05-16T18:00:00.000Z""",,/engagement
1062,234,streak_update,Milestone achieved,"You reached the ""three day streak"" milestone.",milestone,,unread,"""2026-05-16T18:00:00.000Z""",,/engagement
1063,235,weak_area_alert,Weak area detected,Your accuracy in Force Balance is 0%. Consider focused practice.,topic,280,unread,"""2026-05-29T19:05:16.000Z""",,/weak-areas
1064,235,milestone,Milestone achieved,"You reached the ""first practice completed"" milestone.",milestone,,unread,"""2026-06-07T18:00:00.000Z""",,/engagement
1065,235,milestone,Milestone achieved,"You reached the ""five practice sessions"" milestone.",milestone,,unread,"""2026-06-07T18:00:00.000Z""",,/engagement
1066,235,milestone,Milestone achieved,"You reached the ""first mock exam completed"" milestone.",milestone,,unread,"""2026-06-07T18:00:00.000Z""",,/engagement
1067,235,streak_update,Milestone achieved,"You reached the ""three day streak"" milestone.",milestone,,unread,"""2026-06-07T18:00:00.000Z""",,/engagement
1068,236,milestone,Milestone achieved,"You reached the ""first practice completed"" milestone.",milestone,,unread,"""2026-05-31T18:00:00.000Z""",,/engagement
1069,236,milestone,Milestone achieved,"You reached the ""five practice sessions"" milestone.",milestone,,unread,"""2026-05-31T18:00:00.000Z""",,/engagement
1070,236,milestone,Milestone achieved,"You reached the ""first mock exam completed"" milestone.",milestone,,unread,"""2026-05-31T18:00:00.000Z""",,/engagement
1071,236,streak_update,Milestone achieved,"You reached the ""three day streak"" milestone.",milestone,,unread,"""2026-05-31T18:00:00.000Z""",,/engagement
1072,237,milestone,Milestone achieved,"You reached the ""first practice completed"" milestone.",milestone,,unread,"""2026-06-17T18:00:00.000Z""",,/engagement
1073,237,milestone,Milestone achieved,"You reached the ""first mock exam completed"" milestone.",milestone,,unread,"""2026-06-17T18:00:00.000Z""",,/engagement
1074,237,milestone,Milestone achieved,"You reached the ""first exam above 80"" milestone.",milestone,,unread,"""2026-06-17T18:00:00.000Z""",,/engagement
1075,237,streak_update,Milestone achieved,"You reached the ""three day streak"" milestone.",milestone,,unread,"""2026-06-17T18:00:00.000Z""",,/engagement
1076,237,streak_update,Milestone achieved,"You reached the ""seven day streak"" milestone.",milestone,,unread,"""2026-06-17T18:00:00.000Z""",,/engagement
1077,238,weak_area_alert,Weak area detected,Your accuracy in Alternatives and States is 0%. Consider focused practice.,topic,3009,unread,"""2026-06-05T14:48:55.000Z""",,/weak-areas
1078,238,milestone,Milestone achieved,"You reached the ""first practice completed"" milestone.",milestone,,unread,"""2026-06-05T18:00:00.000Z""",,/engagement
1079,238,milestone,Milestone achieved,"You reached the ""five practice sessions"" milestone.",milestone,,unread,"""2026-06-05T18:00:00.000Z""",,/engagement
1080,238,milestone,Milestone achieved,"You reached the ""first mock exam completed"" milestone.",milestone,,unread,"""2026-06-05T18:00:00.000Z""",,/engagement
1081,238,milestone,Milestone achieved,"You reached the ""first exam above 80"" milestone.",milestone,,unread,"""2026-06-05T18:00:00.000Z""",,/engagement
1082,238,streak_update,Milestone achieved,"You reached the ""three day streak"" milestone.",milestone,,unread,"""2026-06-05T18:00:00.000Z""",,/engagement
1083,238,streak_update,Milestone achieved,"You reached the ""seven day streak"" milestone.",milestone,,unread,"""2026-06-05T18:00:00.000Z""",,/engagement
1084,239,milestone,Milestone achieved,"You reached the ""first practice completed"" milestone.",milestone,,unread,"""2026-06-10T18:00:00.000Z""",,/engagement
1085,239,milestone,Milestone achieved,"You reached the ""first mock exam completed"" milestone.",milestone,,unread,"""2026-06-10T18:00:00.000Z""",,/engagement
1086,239,milestone,Milestone achieved,"You reached the ""first exam above 80"" milestone.",milestone,,unread,"""2026-06-10T18:00:00.000Z""",,/engagement
1087,240,milestone,Milestone achieved,"You reached the ""first practice completed"" milestone.",milestone,,unread,"""2026-06-12T18:00:00.000Z""",,/engagement
1088,240,milestone,Milestone achieved,"You reached the ""five practice sessions"" milestone.",milestone,,unread,"""2026-06-12T18:00:00.000Z""",,/engagement
1089,240,milestone,Milestone achieved,"You reached the ""first mock exam completed"" milestone.",milestone,,unread,"""2026-06-12T18:00:00.000Z""",,/engagement
1090,240,milestone,Milestone achieved,"You reached the ""first exam above 80"" milestone.",milestone,,unread,"""2026-06-12T18:00:00.000Z""",,/engagement
1091,240,streak_update,Milestone achieved,"You reached the ""three day streak"" milestone.",milestone,,unread,"""2026-06-12T18:00:00.000Z""",,/engagement
1092,240,streak_update,Milestone achieved,"You reached the ""seven day streak"" milestone.",milestone,,unread,"""2026-06-12T18:00:00.000Z""",,/engagement
1093,241,weak_area_alert,Weak area detected,Your accuracy in Heat Exchangers is 9%. Consider focused practice.,topic,346,unread,"""2026-06-06T14:20:13.000Z""",,/weak-areas
1094,241,milestone,Milestone achieved,"You reached the ""first practice completed"" milestone.",milestone,,unread,"""2026-06-06T18:00:00.000Z""",,/engagement
1095,241,milestone,Milestone achieved,"You reached the ""first mock exam completed"" milestone.",milestone,,unread,"""2026-06-06T18:00:00.000Z""",,/engagement
1096,241,streak_update,Milestone achieved,"You reached the ""three day streak"" milestone.",milestone,,unread,"""2026-06-06T18:00:00.000Z""",,/engagement
1097,242,weak_area_alert,Weak area detected,Your accuracy in Newton-Raphson Method is 0%. Consider focused practice.,topic,712,unread,"""2026-06-05T13:41:59.000Z""",,/weak-areas
1098,242,milestone,Milestone achieved,"You reached the ""first practice completed"" milestone.",milestone,,unread,"""2026-06-10T18:00:00.000Z""",,/engagement
1099,242,milestone,Milestone achieved,"You reached the ""five practice sessions"" milestone.",milestone,,unread,"""2026-06-10T18:00:00.000Z""",,/engagement
1100,242,milestone,Milestone achieved,"You reached the ""first mock exam completed"" milestone.",milestone,,unread,"""2026-06-10T18:00:00.000Z""",,/engagement
1101,242,streak_update,Milestone achieved,"You reached the ""three day streak"" milestone.",milestone,,unread,"""2026-06-10T18:00:00.000Z""",,/engagement
1102,243,weak_area_alert,Weak area detected,Your accuracy in Code-Based Safety Factors is 0%. Consider focused practice.,topic,1389,unread,"""2026-05-19T08:28:40.000Z""",,/weak-areas
1103,243,weak_area_alert,Weak area detected,Your accuracy in Cracked Section Behavior is 0%. Consider focused practice.,topic,1377,unread,"""2026-05-19T08:28:40.000Z""",,/weak-areas
1104,243,milestone,Milestone achieved,"You reached the ""first practice completed"" milestone.",milestone,,unread,"""2026-05-24T18:00:00.000Z""",,/engagement
1105,243,milestone,Milestone achieved,"You reached the ""first mock exam completed"" milestone.",milestone,,unread,"""2026-05-24T18:00:00.000Z""",,/engagement
1106,243,streak_update,Milestone achieved,"You reached the ""three day streak"" milestone.",milestone,,unread,"""2026-05-24T18:00:00.000Z""",,/engagement
1107,244,milestone,Milestone achieved,"You reached the ""first practice completed"" milestone.",milestone,,unread,"""2026-06-12T18:00:00.000Z""",,/engagement
1108,244,milestone,Milestone achieved,"You reached the ""first mock exam completed"" milestone.",milestone,,unread,"""2026-06-12T18:00:00.000Z""",,/engagement
1109,244,milestone,Milestone achieved,"You reached the ""first exam above 80"" milestone.",milestone,,unread,"""2026-06-12T18:00:00.000Z""",,/engagement
1110,244,streak_update,Milestone achieved,"You reached the ""three day streak"" milestone.",milestone,,unread,"""2026-06-12T18:00:00.000Z""",,/engagement
1111,245,milestone,Milestone achieved,"You reached the ""first practice completed"" milestone.",milestone,,unread,"""2026-06-04T18:00:00.000Z""",,/engagement
1112,245,milestone,Milestone achieved,"You reached the ""five practice sessions"" milestone.",milestone,,unread,"""2026-06-04T18:00:00.000Z""",,/engagement
1113,245,milestone,Milestone achieved,"You reached the ""first mock exam completed"" milestone.",milestone,,unread,"""2026-06-04T18:00:00.000Z""",,/engagement
1114,245,streak_update,Milestone achieved,"You reached the ""three day streak"" milestone.",milestone,,unread,"""2026-06-04T18:00:00.000Z""",,/engagement
1115,246,milestone,Milestone achieved,"You reached the ""first practice completed"" milestone.",milestone,,unread,"""2026-05-29T18:00:00.000Z""",,/engagement
1116,246,milestone,Milestone achieved,"You reached the ""first mock exam completed"" milestone.",milestone,,unread,"""2026-05-29T18:00:00.000Z""",,/engagement
1117,246,milestone,Milestone achieved,"You reached the ""first exam above 80"" milestone.",milestone,,unread,"""2026-05-29T18:00:00.000Z""",,/engagement
1118,246,streak_update,Milestone achieved,"You reached the ""three day streak"" milestone.",milestone,,unread,"""2026-05-29T18:00:00.000Z""",,/engagement
1119,246,streak_update,Milestone achieved,"You reached the ""seven day streak"" milestone.",milestone,,unread,"""2026-05-29T18:00:00.000Z""",,/engagement
1120,247,milestone,Milestone achieved,"You reached the ""first practice completed"" milestone.",milestone,,unread,"""2026-06-10T18:00:00.000Z""",,/engagement
1121,247,milestone,Milestone achieved,"You reached the ""five practice sessions"" milestone.",milestone,,unread,"""2026-06-10T18:00:00.000Z""",,/engagement
1122,247,milestone,Milestone achieved,"You reached the ""first mock exam completed"" milestone.",milestone,,unread,"""2026-06-10T18:00:00.000Z""",,/engagement
1123,247,milestone,Milestone achieved,"You reached the ""first exam above 80"" milestone.",milestone,,unread,"""2026-06-10T18:00:00.000Z""",,/engagement
1124,248,milestone,Milestone achieved,"You reached the ""first practice completed"" milestone.",milestone,,unread,"""2026-06-06T18:00:00.000Z""",,/engagement
1125,248,milestone,Milestone achieved,"You reached the ""first mock exam completed"" milestone.",milestone,,unread,"""2026-06-06T18:00:00.000Z""",,/engagement
1126,248,milestone,Milestone achieved,"You reached the ""first exam above 80"" milestone.",milestone,,unread,"""2026-06-06T18:00:00.000Z""",,/engagement
1127,248,streak_update,Milestone achieved,"You reached the ""three day streak"" milestone.",milestone,,unread,"""2026-06-06T18:00:00.000Z""",,/engagement
1128,249,weak_area_alert,Weak area detected,Your accuracy in Bit Manipulation is 0%. Consider focused practice.,topic,2013,unread,"""2026-06-12T17:38:00.000Z""",,/weak-areas
1129,249,weak_area_alert,Weak area detected,Your accuracy in Register Allocation is 0%. Consider focused practice.,topic,130,unread,"""2026-06-14T21:21:41.000Z""",,/weak-areas
1130,249,milestone,Milestone achieved,"You reached the ""first practice completed"" milestone.",milestone,,unread,"""2026-06-14T18:00:00.000Z""",,/engagement
1131,249,milestone,Milestone achieved,"You reached the ""five practice sessions"" milestone.",milestone,,unread,"""2026-06-14T18:00:00.000Z""",,/engagement
1132,249,milestone,Milestone achieved,"You reached the ""first mock exam completed"" milestone.",milestone,,unread,"""2026-06-14T18:00:00.000Z""",,/engagement
1133,249,streak_update,Milestone achieved,"You reached the ""three day streak"" milestone.",milestone,,unread,"""2026-06-14T18:00:00.000Z""",,/engagement
1134,249,streak_update,Milestone achieved,"You reached the ""seven day streak"" milestone.",milestone,,unread,"""2026-06-14T18:00:00.000Z""",,/engagement
1135,250,milestone,Milestone achieved,"You reached the ""first practice completed"" milestone.",milestone,,unread,"""2026-05-25T18:00:00.000Z""",,/engagement
1136,250,milestone,Milestone achieved,"You reached the ""first mock exam completed"" milestone.",milestone,,unread,"""2026-05-25T18:00:00.000Z""",,/engagement
1137,250,streak_update,Milestone achieved,"You reached the ""three day streak"" milestone.",milestone,,unread,"""2026-05-25T18:00:00.000Z""",,/engagement
1138,250,streak_update,Milestone achieved,"You reached the ""seven day streak"" milestone.",milestone,,unread,"""2026-05-25T18:00:00.000Z""",,/engagement
1139,251,milestone,Milestone achieved,"You reached the ""first practice completed"" milestone.",milestone,,unread,"""2026-06-09T18:00:00.000Z""",,/engagement
1140,251,milestone,Milestone achieved,"You reached the ""five practice sessions"" milestone.",milestone,,unread,"""2026-06-09T18:00:00.000Z""",,/engagement
1141,251,milestone,Milestone achieved,"You reached the ""first mock exam completed"" milestone.",milestone,,unread,"""2026-06-09T18:00:00.000Z""",,/engagement
1142,251,streak_update,Milestone achieved,"You reached the ""three day streak"" milestone.",milestone,,unread,"""2026-06-09T18:00:00.000Z""",,/engagement
1143,252,weak_area_alert,Weak area detected,Your accuracy in Equilibrium Points is 0%. Consider focused practice.,topic,631,unread,"""2026-06-01T13:09:39.000Z""",,/weak-areas
1144,252,weak_area_alert,Weak area detected,Your accuracy in Linear First-Order Equations is 0%. Consider focused practice.,topic,625,unread,"""2026-06-04T17:09:45.000Z""",,/weak-areas
1145,252,weak_area_alert,Weak area detected,Your accuracy in Taylor Approximations is 0%. Consider focused practice.,topic,622,unread,"""2026-06-06T17:49:18.000Z""",,/weak-areas
1146,252,milestone,Milestone achieved,"You reached the ""first practice completed"" milestone.",milestone,,unread,"""2026-06-07T18:00:00.000Z""",,/engagement
1147,252,milestone,Milestone achieved,"You reached the ""five practice sessions"" milestone.",milestone,,unread,"""2026-06-07T18:00:00.000Z""",,/engagement
1148,252,milestone,Milestone achieved,"You reached the ""first mock exam completed"" milestone.",milestone,,unread,"""2026-06-07T18:00:00.000Z""",,/engagement
1149,252,streak_update,Milestone achieved,"You reached the ""three day streak"" milestone.",milestone,,unread,"""2026-06-07T18:00:00.000Z""",,/engagement
1150,252,streak_update,Milestone achieved,"You reached the ""seven day streak"" milestone.",milestone,,unread,"""2026-06-07T18:00:00.000Z""",,/engagement
1151,253,weak_area_alert,Weak area detected,Your accuracy in Payoff Matrices is 0%. Consider focused practice.,topic,3025,unread,"""2026-05-22T09:22:04.000Z""",,/weak-areas
1152,253,milestone,Milestone achieved,"You reached the ""first practice completed"" milestone.",milestone,,unread,"""2026-06-11T18:00:00.000Z""",,/engagement
1153,253,milestone,Milestone achieved,"You reached the ""five practice sessions"" milestone.",milestone,,unread,"""2026-06-11T18:00:00.000Z""",,/engagement
1154,253,milestone,Milestone achieved,"You reached the ""first mock exam completed"" milestone.",milestone,,unread,"""2026-06-11T18:00:00.000Z""",,/engagement
1155,253,milestone,Milestone achieved,"You reached the ""first exam above 80"" milestone.",milestone,,unread,"""2026-06-11T18:00:00.000Z""",,/engagement
1156,253,streak_update,Milestone achieved,"You reached the ""three day streak"" milestone.",milestone,,unread,"""2026-06-11T18:00:00.000Z""",,/engagement
1157,254,weak_area_alert,Weak area detected,Your accuracy in Asymptotic Bounds is 0%. Consider focused practice.,topic,73,unread,"""2026-05-11T08:56:12.000Z""",,/weak-areas
1158,254,weak_area_alert,Weak area detected,Your accuracy in Absorption is 0%. Consider focused practice.,topic,352,unread,"""2026-05-18T10:23:43.000Z""",,/weak-areas
1159,254,weak_area_alert,Weak area detected,Your accuracy in Introduction to Stability Calculation Procedures is 0%. Consider focused practice.,topic,1333,unread,"""2026-05-19T17:11:51.000Z""",,/weak-areas
1160,254,milestone,Milestone achieved,"You reached the ""first practice completed"" milestone.",milestone,,unread,"""2026-05-19T18:00:00.000Z""",,/engagement
1161,254,milestone,Milestone achieved,"You reached the ""five practice sessions"" milestone.",milestone,,unread,"""2026-05-19T18:00:00.000Z""",,/engagement
1162,254,milestone,Milestone achieved,"You reached the ""first mock exam completed"" milestone.",milestone,,unread,"""2026-05-19T18:00:00.000Z""",,/engagement
1163,254,streak_update,Milestone achieved,"You reached the ""three day streak"" milestone.",milestone,,unread,"""2026-05-19T18:00:00.000Z""",,/engagement
1164,254,streak_update,Milestone achieved,"You reached the ""seven day streak"" milestone.",milestone,,unread,"""2026-05-19T18:00:00.000Z""",,/engagement
1165,255,milestone,Milestone achieved,"You reached the ""first practice completed"" milestone.",milestone,,unread,"""2026-06-12T18:00:00.000Z""",,/engagement
1166,255,milestone,Milestone achieved,"You reached the ""first mock exam completed"" milestone.",milestone,,unread,"""2026-06-12T18:00:00.000Z""",,/engagement
1167,255,milestone,Milestone achieved,"You reached the ""first exam above 80"" milestone.",milestone,,unread,"""2026-06-12T18:00:00.000Z""",,/engagement
1168,255,streak_update,Milestone achieved,"You reached the ""three day streak"" milestone.",milestone,,unread,"""2026-06-12T18:00:00.000Z""",,/engagement
1169,256,milestone,Milestone achieved,"You reached the ""first practice completed"" milestone.",milestone,,unread,"""2026-06-11T18:00:00.000Z""",,/engagement
1170,256,milestone,Milestone achieved,"You reached the ""five practice sessions"" milestone.",milestone,,unread,"""2026-06-11T18:00:00.000Z""",,/engagement
1171,256,milestone,Milestone achieved,"You reached the ""first mock exam completed"" milestone.",milestone,,unread,"""2026-06-11T18:00:00.000Z""",,/engagement
1172,256,milestone,Milestone achieved,"You reached the ""first exam above 80"" milestone.",milestone,,unread,"""2026-06-11T18:00:00.000Z""",,/engagement
1173,256,streak_update,Milestone achieved,"You reached the ""three day streak"" milestone.",milestone,,unread,"""2026-06-11T18:00:00.000Z""",,/engagement
1174,257,milestone,Milestone achieved,"You reached the ""first practice completed"" milestone.",milestone,,unread,"""2026-06-12T18:00:00.000Z""",,/engagement
1175,257,milestone,Milestone achieved,"You reached the ""first mock exam completed"" milestone.",milestone,,unread,"""2026-06-12T18:00:00.000Z""",,/engagement
1176,257,milestone,Milestone achieved,"You reached the ""first exam above 80"" milestone.",milestone,,unread,"""2026-06-12T18:00:00.000Z""",,/engagement
1177,258,weak_area_alert,Weak area detected,Your accuracy in Crack Width Checks is 0%. Consider focused practice.,topic,1577,unread,"""2026-05-21T09:13:48.000Z""",,/weak-areas
1178,258,weak_area_alert,Weak area detected,Your accuracy in Anchorage Length is 0%. Consider focused practice.,topic,1581,unread,"""2026-05-16T13:55:40.000Z""",,/weak-areas
1179,258,weak_area_alert,Weak area detected,Your accuracy in Deflection Limits is 0%. Consider focused practice.,topic,1577,unread,"""2026-05-21T09:13:48.000Z""",,/weak-areas
1180,258,weak_area_alert,Weak area detected,Your accuracy in Code-Based Safety Factors is 0%. Consider focused practice.,topic,1581,unread,"""2026-05-16T13:55:40.000Z""",,/weak-areas
1181,258,weak_area_alert,Weak area detected,Your accuracy in Friction Factor is 0%. Consider focused practice.,topic,307,unread,"""2026-05-17T20:03:42.000Z""",,/weak-areas
1182,258,weak_area_alert,Weak area detected,Your accuracy in Introduction to Computer Communication Result Verification is 0%. Consider focused practice.,topic,841,unread,"""2026-05-18T11:16:21.000Z""",,/weak-areas
1183,258,milestone,Milestone achieved,"You reached the ""first practice completed"" milestone.",milestone,,unread,"""2026-05-22T18:00:00.000Z""",,/engagement
1184,258,milestone,Milestone achieved,"You reached the ""five practice sessions"" milestone.",milestone,,unread,"""2026-05-22T18:00:00.000Z""",,/engagement
1185,258,milestone,Milestone achieved,"You reached the ""first mock exam completed"" milestone.",milestone,,unread,"""2026-05-22T18:00:00.000Z""",,/engagement
1186,258,streak_update,Milestone achieved,"You reached the ""three day streak"" milestone.",milestone,,unread,"""2026-05-22T18:00:00.000Z""",,/engagement
1187,258,streak_update,Milestone achieved,"You reached the ""seven day streak"" milestone.",milestone,,unread,"""2026-05-22T18:00:00.000Z""",,/engagement
1188,259,weak_area_alert,Weak area detected,Your accuracy in Feature Scaling is 0%. Consider focused practice.,topic,94,unread,"""2026-06-03T10:00:01.000Z""",,/weak-areas
1189,259,milestone,Milestone achieved,"You reached the ""first practice completed"" milestone.",milestone,,unread,"""2026-06-12T18:00:00.000Z""",,/engagement
1190,259,milestone,Milestone achieved,"You reached the ""five practice sessions"" milestone.",milestone,,unread,"""2026-06-12T18:00:00.000Z""",,/engagement
1191,259,milestone,Milestone achieved,"You reached the ""first mock exam completed"" milestone.",milestone,,unread,"""2026-06-12T18:00:00.000Z""",,/engagement
1192,259,streak_update,Milestone achieved,"You reached the ""three day streak"" milestone.",milestone,,unread,"""2026-06-12T18:00:00.000Z""",,/engagement
1193,260,weak_area_alert,Weak area detected,Your accuracy in Distributed Loads is 0%. Consider focused practice.,topic,214,unread,"""2026-05-26T15:01:28.000Z""",,/weak-areas
1194,260,milestone,Milestone achieved,"You reached the ""first practice completed"" milestone.",milestone,,unread,"""2026-06-06T18:00:00.000Z""",,/engagement
1195,260,milestone,Milestone achieved,"You reached the ""five practice sessions"" milestone.",milestone,,unread,"""2026-06-06T18:00:00.000Z""",,/engagement
1196,260,milestone,Milestone achieved,"You reached the ""first mock exam completed"" milestone.",milestone,,unread,"""2026-06-06T18:00:00.000Z""",,/engagement
1197,260,streak_update,Milestone achieved,"You reached the ""three day streak"" milestone.",milestone,,unread,"""2026-06-06T18:00:00.000Z""",,/engagement
1198,261,milestone,Milestone achieved,"You reached the ""first practice completed"" milestone.",milestone,,unread,"""2026-06-08T18:00:00.000Z""",,/engagement
1199,261,milestone,Milestone achieved,"You reached the ""first mock exam completed"" milestone.",milestone,,unread,"""2026-06-08T18:00:00.000Z""",,/engagement
1200,261,milestone,Milestone achieved,"You reached the ""first exam above 80"" milestone.",milestone,,unread,"""2026-06-08T18:00:00.000Z""",,/engagement
1201,261,streak_update,Milestone achieved,"You reached the ""three day streak"" milestone.",milestone,,unread,"""2026-06-08T18:00:00.000Z""",,/engagement
1202,261,streak_update,Milestone achieved,"You reached the ""seven day streak"" milestone.",milestone,,unread,"""2026-06-08T18:00:00.000Z""",,/engagement
1203,262,weak_area_alert,Weak area detected,Your accuracy in Kirchhoff Laws is 0%. Consider focused practice.,topic,3361,unread,"""2026-05-14T15:00:24.000Z""",,/weak-areas
1204,262,milestone,Milestone achieved,"You reached the ""first practice completed"" milestone.",milestone,,unread,"""2026-06-07T18:00:00.000Z""",,/engagement
1205,262,milestone,Milestone achieved,"You reached the ""five practice sessions"" milestone.",milestone,,unread,"""2026-06-07T18:00:00.000Z""",,/engagement
1206,262,milestone,Milestone achieved,"You reached the ""first mock exam completed"" milestone.",milestone,,unread,"""2026-06-07T18:00:00.000Z""",,/engagement
1207,262,streak_update,Milestone achieved,"You reached the ""three day streak"" milestone.",milestone,,unread,"""2026-06-07T18:00:00.000Z""",,/engagement
1208,262,streak_update,Milestone achieved,"You reached the ""seven day streak"" milestone.",milestone,,unread,"""2026-06-07T18:00:00.000Z""",,/engagement
1209,263,milestone,Milestone achieved,"You reached the ""first practice completed"" milestone.",milestone,,unread,"""2026-06-04T18:00:00.000Z""",,/engagement
1210,263,milestone,Milestone achieved,"You reached the ""five practice sessions"" milestone.",milestone,,unread,"""2026-06-04T18:00:00.000Z""",,/engagement
1211,263,milestone,Milestone achieved,"You reached the ""first mock exam completed"" milestone.",milestone,,unread,"""2026-06-04T18:00:00.000Z""",,/engagement
1212,263,streak_update,Milestone achieved,"You reached the ""three day streak"" milestone.",milestone,,unread,"""2026-06-04T18:00:00.000Z""",,/engagement
1213,264,weak_area_alert,Weak area detected,Your accuracy in Customer Requirements is 0%. Consider focused practice.,topic,2753,unread,"""2026-06-08T17:39:28.000Z""",,/weak-areas
1214,264,weak_area_alert,Weak area detected,Your accuracy in ISO Principles is 0%. Consider focused practice.,topic,2753,unread,"""2026-06-09T14:22:14.000Z""",,/weak-areas
1215,264,milestone,Milestone achieved,"You reached the ""first practice completed"" milestone.",milestone,,unread,"""2026-06-11T18:00:00.000Z""",,/engagement
1216,264,milestone,Milestone achieved,"You reached the ""first mock exam completed"" milestone.",milestone,,unread,"""2026-06-11T18:00:00.000Z""",,/engagement
1217,264,streak_update,Milestone achieved,"You reached the ""three day streak"" milestone.",milestone,,unread,"""2026-06-11T18:00:00.000Z""",,/engagement
1218,264,streak_update,Milestone achieved,"You reached the ""seven day streak"" milestone.",milestone,,unread,"""2026-06-11T18:00:00.000Z""",,/engagement
1219,265,weak_area_alert,Weak area detected,Your accuracy in Hypothesis Tests is 0%. Consider focused practice.,topic,2553,unread,"""2026-06-15T15:18:36.000Z""",,/weak-areas
1220,265,milestone,Milestone achieved,"You reached the ""first practice completed"" milestone.",milestone,,unread,"""2026-06-17T18:00:00.000Z""",,/engagement
1221,265,milestone,Milestone achieved,"You reached the ""five practice sessions"" milestone.",milestone,,unread,"""2026-06-17T18:00:00.000Z""",,/engagement
1222,265,milestone,Milestone achieved,"You reached the ""first mock exam completed"" milestone.",milestone,,unread,"""2026-06-17T18:00:00.000Z""",,/engagement
1223,265,milestone,Milestone achieved,"You reached the ""first exam above 80"" milestone.",milestone,,unread,"""2026-06-17T18:00:00.000Z""",,/engagement
1224,265,streak_update,Milestone achieved,"You reached the ""three day streak"" milestone.",milestone,,unread,"""2026-06-17T18:00:00.000Z""",,/engagement
1225,265,streak_update,Milestone achieved,"You reached the ""seven day streak"" milestone.",milestone,,unread,"""2026-06-17T18:00:00.000Z""",,/engagement
1226,266,milestone,Milestone achieved,"You reached the ""first practice completed"" milestone.",milestone,,unread,"""2026-06-16T18:00:00.000Z""",,/engagement
1227,266,milestone,Milestone achieved,"You reached the ""five practice sessions"" milestone.",milestone,,unread,"""2026-06-16T18:00:00.000Z""",,/engagement
1228,266,milestone,Milestone achieved,"You reached the ""first mock exam completed"" milestone.",milestone,,unread,"""2026-06-16T18:00:00.000Z""",,/engagement
1229,266,milestone,Milestone achieved,"You reached the ""first exam above 80"" milestone.",milestone,,unread,"""2026-06-16T18:00:00.000Z""",,/engagement
1230,266,streak_update,Milestone achieved,"You reached the ""three day streak"" milestone.",milestone,,unread,"""2026-06-16T18:00:00.000Z""",,/engagement
1231,266,streak_update,Milestone achieved,"You reached the ""seven day streak"" milestone.",milestone,,unread,"""2026-06-16T18:00:00.000Z""",,/engagement
1232,267,weak_area_alert,Weak area detected,Your accuracy in Unified Soil Classification is 0%. Consider focused practice.,topic,1457,unread,"""2026-05-30T19:54:22.000Z""",,/weak-areas
1233,267,weak_area_alert,Weak area detected,Your accuracy in Direct Shear Tests is 0%. Consider focused practice.,topic,1465,unread,"""2026-05-19T11:16:55.000Z""",,/weak-areas
1234,267,weak_area_alert,Weak area detected,Your accuracy in Numerical Integration is 0%. Consider focused practice.,topic,1877,unread,"""2026-05-31T13:45:26.000Z""",,/weak-areas
1235,267,milestone,Milestone achieved,"You reached the ""first practice completed"" milestone.",milestone,,unread,"""2026-06-06T18:00:00.000Z""",,/engagement
1236,267,milestone,Milestone achieved,"You reached the ""five practice sessions"" milestone.",milestone,,unread,"""2026-06-06T18:00:00.000Z""",,/engagement
1237,267,milestone,Milestone achieved,"You reached the ""first mock exam completed"" milestone.",milestone,,unread,"""2026-06-06T18:00:00.000Z""",,/engagement
1238,267,streak_update,Milestone achieved,"You reached the ""three day streak"" milestone.",milestone,,unread,"""2026-06-06T18:00:00.000Z""",,/engagement
1239,268,weak_area_alert,Weak area detected,Your accuracy in Series and Parallel Resistors is 0%. Consider focused practice.,topic,1765,unread,"""2026-05-22T14:39:54.000Z""",,/weak-areas
1240,268,milestone,Milestone achieved,"You reached the ""first practice completed"" milestone.",milestone,,unread,"""2026-05-26T18:00:00.000Z""",,/engagement
1241,268,milestone,Milestone achieved,"You reached the ""five practice sessions"" milestone.",milestone,,unread,"""2026-05-26T18:00:00.000Z""",,/engagement
1242,268,milestone,Milestone achieved,"You reached the ""first mock exam completed"" milestone.",milestone,,unread,"""2026-05-26T18:00:00.000Z""",,/engagement
1243,268,streak_update,Milestone achieved,"You reached the ""three day streak"" milestone.",milestone,,unread,"""2026-05-26T18:00:00.000Z""",,/engagement
1244,269,weak_area_alert,Weak area detected,Your accuracy in Ohm's Law is 0%. Consider focused practice.,topic,3361,unread,"""2026-05-20T11:51:46.000Z""",,/weak-areas
1245,269,milestone,Milestone achieved,"You reached the ""first practice completed"" milestone.",milestone,,unread,"""2026-06-10T18:00:00.000Z""",,/engagement
1246,269,milestone,Milestone achieved,"You reached the ""first mock exam completed"" milestone.",milestone,,unread,"""2026-06-10T18:00:00.000Z""",,/engagement
1247,269,milestone,Milestone achieved,"You reached the ""first exam above 80"" milestone.",milestone,,unread,"""2026-06-10T18:00:00.000Z""",,/engagement
1248,269,streak_update,Milestone achieved,"You reached the ""three day streak"" milestone.",milestone,,unread,"""2026-06-10T18:00:00.000Z""",,/engagement
1249,270,weak_area_alert,Weak area detected,Your accuracy in PFDs is 0%. Consider focused practice.,topic,2433,unread,"""2026-06-07T09:11:54.000Z""",,/weak-areas
1250,270,weak_area_alert,Weak area detected,Your accuracy in Stream Tables is 0%. Consider focused practice.,topic,2433,unread,"""2026-06-07T09:11:54.000Z""",,/weak-areas
1251,270,weak_area_alert,Weak area detected,Your accuracy in Block Flow Diagrams is 0%. Consider focused practice.,topic,2433,unread,"""2026-06-07T09:11:54.000Z""",,/weak-areas
1252,270,milestone,Milestone achieved,"You reached the ""first practice completed"" milestone.",milestone,,unread,"""2026-06-12T18:00:00.000Z""",,/engagement
1253,270,milestone,Milestone achieved,"You reached the ""five practice sessions"" milestone.",milestone,,unread,"""2026-06-12T18:00:00.000Z""",,/engagement
1254,270,milestone,Milestone achieved,"You reached the ""first mock exam completed"" milestone.",milestone,,unread,"""2026-06-12T18:00:00.000Z""",,/engagement
1255,270,streak_update,Milestone achieved,"You reached the ""three day streak"" milestone.",milestone,,unread,"""2026-06-12T18:00:00.000Z""",,/engagement
1256,271,weak_area_alert,Weak area detected,Your accuracy in Gradient Descent is 0%. Consider focused practice.,topic,91,unread,"""2026-05-15T16:44:35.000Z""",,/weak-areas
1257,271,milestone,Milestone achieved,"You reached the ""first practice completed"" milestone.",milestone,,unread,"""2026-06-10T18:00:00.000Z""",,/engagement
1258,271,milestone,Milestone achieved,"You reached the ""five practice sessions"" milestone.",milestone,,unread,"""2026-06-10T18:00:00.000Z""",,/engagement
1259,271,milestone,Milestone achieved,"You reached the ""first mock exam completed"" milestone.",milestone,,unread,"""2026-06-10T18:00:00.000Z""",,/engagement
1260,272,milestone,Milestone achieved,"You reached the ""first practice completed"" milestone.",milestone,,unread,"""2026-06-11T18:00:00.000Z""",,/engagement
1261,272,milestone,Milestone achieved,"You reached the ""first mock exam completed"" milestone.",milestone,,unread,"""2026-06-11T18:00:00.000Z""",,/engagement
1262,272,streak_update,Milestone achieved,"You reached the ""three day streak"" milestone.",milestone,,unread,"""2026-06-11T18:00:00.000Z""",,/engagement
1263,273,weak_area_alert,Weak area detected,Your accuracy in Block Diagrams is 0%. Consider focused practice.,topic,313,unread,"""2026-05-31T18:11:59.000Z""",,/weak-areas
1264,273,weak_area_alert,Weak area detected,Your accuracy in Frequency Response is 0%. Consider focused practice.,topic,322,unread,"""2026-05-31T18:11:59.000Z""",,/weak-areas
1265,273,weak_area_alert,Weak area detected,Your accuracy in Poles and Zeros is 0%. Consider focused practice.,topic,319,unread,"""2026-05-31T18:11:59.000Z""",,/weak-areas
1266,273,milestone,Milestone achieved,"You reached the ""first practice completed"" milestone.",milestone,,unread,"""2026-06-10T18:00:00.000Z""",,/engagement
1267,273,milestone,Milestone achieved,"You reached the ""five practice sessions"" milestone.",milestone,,unread,"""2026-06-10T18:00:00.000Z""",,/engagement
1268,273,milestone,Milestone achieved,"You reached the ""first mock exam completed"" milestone.",milestone,,unread,"""2026-06-10T18:00:00.000Z""",,/engagement
1269,273,milestone,Milestone achieved,"You reached the ""first exam above 80"" milestone.",milestone,,unread,"""2026-06-10T18:00:00.000Z""",,/engagement
1270,273,streak_update,Milestone achieved,"You reached the ""three day streak"" milestone.",milestone,,unread,"""2026-06-10T18:00:00.000Z""",,/engagement
1271,274,milestone,Milestone achieved,"You reached the ""first practice completed"" milestone.",milestone,,unread,"""2026-06-09T18:00:00.000Z""",,/engagement
1272,274,milestone,Milestone achieved,"You reached the ""five practice sessions"" milestone.",milestone,,unread,"""2026-06-09T18:00:00.000Z""",,/engagement
1273,274,milestone,Milestone achieved,"You reached the ""first mock exam completed"" milestone.",milestone,,unread,"""2026-06-09T18:00:00.000Z""",,/engagement
1274,274,milestone,Milestone achieved,"You reached the ""first exam above 80"" milestone.",milestone,,unread,"""2026-06-09T18:00:00.000Z""",,/engagement
1275,274,streak_update,Milestone achieved,"You reached the ""three day streak"" milestone.",milestone,,unread,"""2026-06-09T18:00:00.000Z""",,/engagement
1276,275,weak_area_alert,Weak area detected,Your accuracy in Confidentiality and Integrity is 0%. Consider focused practice.,topic,97,unread,"""2026-05-04T13:25:23.000Z""",,/weak-areas
1277,275,weak_area_alert,Weak area detected,Your accuracy in Sample Spaces is 0%. Consider focused practice.,topic,433,unread,"""2026-06-03T09:30:46.000Z""",,/weak-areas
1278,275,milestone,Milestone achieved,"You reached the ""first practice completed"" milestone.",milestone,,unread,"""2026-06-05T18:00:00.000Z""",,/engagement
1279,275,milestone,Milestone achieved,"You reached the ""five practice sessions"" milestone.",milestone,,unread,"""2026-06-05T18:00:00.000Z""",,/engagement
1280,275,milestone,Milestone achieved,"You reached the ""first mock exam completed"" milestone.",milestone,,unread,"""2026-06-05T18:00:00.000Z""",,/engagement
1281,275,milestone,Milestone achieved,"You reached the ""first exam above 80"" milestone.",milestone,,unread,"""2026-06-05T18:00:00.000Z""",,/engagement
1282,275,streak_update,Milestone achieved,"You reached the ""three day streak"" milestone.",milestone,,unread,"""2026-06-05T18:00:00.000Z""",,/engagement
1283,275,streak_update,Milestone achieved,"You reached the ""seven day streak"" milestone.",milestone,,unread,"""2026-06-05T18:00:00.000Z""",,/engagement
1284,276,weak_area_alert,Weak area detected,Your accuracy in Logic Families is 0%. Consider focused practice.,topic,1993,unread,"""2026-05-28T13:03:11.000Z""",,/weak-areas
1285,276,milestone,Milestone achieved,"You reached the ""first practice completed"" milestone.",milestone,,unread,"""2026-05-29T18:00:00.000Z""",,/engagement
1286,276,milestone,Milestone achieved,"You reached the ""first mock exam completed"" milestone.",milestone,,unread,"""2026-05-29T18:00:00.000Z""",,/engagement
1287,276,streak_update,Milestone achieved,"You reached the ""three day streak"" milestone.",milestone,,unread,"""2026-05-29T18:00:00.000Z""",,/engagement
1288,276,streak_update,Milestone achieved,"You reached the ""seven day streak"" milestone.",milestone,,unread,"""2026-05-29T18:00:00.000Z""",,/engagement
1289,277,weak_area_alert,Weak area detected,Your accuracy in Recurrence Relations is 0%. Consider focused practice.,topic,849,unread,"""2026-06-10T16:10:14.000Z""",,/weak-areas
1290,277,weak_area_alert,Weak area detected,Your accuracy in Comparison Sorting is 0%. Consider focused practice.,topic,853,unread,"""2026-06-10T16:10:14.000Z""",,/weak-areas
1291,277,weak_area_alert,Weak area detected,Your accuracy in Stability and In-Place Sorting is 0%. Consider focused practice.,topic,853,unread,"""2026-06-10T16:10:14.000Z""",,/weak-areas
1292,277,milestone,Milestone achieved,"You reached the ""first practice completed"" milestone.",milestone,,unread,"""2026-06-10T18:00:00.000Z""",,/engagement
1293,277,milestone,Milestone achieved,"You reached the ""five practice sessions"" milestone.",milestone,,unread,"""2026-06-10T18:00:00.000Z""",,/engagement
1294,277,milestone,Milestone achieved,"You reached the ""first mock exam completed"" milestone.",milestone,,unread,"""2026-06-10T18:00:00.000Z""",,/engagement
1295,277,streak_update,Milestone achieved,"You reached the ""three day streak"" milestone.",milestone,,unread,"""2026-06-10T18:00:00.000Z""",,/engagement
1296,278,weak_area_alert,Weak area detected,Your accuracy in Process Management is 0%. Consider focused practice.,topic,1061,unread,"""2026-06-09T21:09:06.000Z""",,/weak-areas
1297,278,weak_area_alert,Weak area detected,Your accuracy in User Permissions is 0%. Consider focused practice.,topic,1061,unread,"""2026-06-10T18:16:51.000Z""",,/weak-areas
1298,278,weak_area_alert,Weak area detected,Your accuracy in Composite Areas is 0%. Consider focused practice.,topic,1709,unread,"""2026-06-12T11:48:52.000Z""",,/weak-areas
1299,278,milestone,Milestone achieved,"You reached the ""first practice completed"" milestone.",milestone,,unread,"""2026-06-12T18:00:00.000Z""",,/engagement
1300,278,milestone,Milestone achieved,"You reached the ""five practice sessions"" milestone.",milestone,,unread,"""2026-06-12T18:00:00.000Z""",,/engagement
1301,278,milestone,Milestone achieved,"You reached the ""first mock exam completed"" milestone.",milestone,,unread,"""2026-06-12T18:00:00.000Z""",,/engagement
1302,278,milestone,Milestone achieved,"You reached the ""first exam above 80"" milestone.",milestone,,unread,"""2026-06-12T18:00:00.000Z""",,/engagement
1303,278,streak_update,Milestone achieved,"You reached the ""three day streak"" milestone.",milestone,,unread,"""2026-06-12T18:00:00.000Z""",,/engagement
1304,279,weak_area_alert,Weak area detected,Your accuracy in Subgame Perfection is 0%. Consider focused practice.,topic,3033,unread,"""2026-05-19T16:03:52.000Z""",,/weak-areas
1305,279,milestone,Milestone achieved,"You reached the ""first practice completed"" milestone.",milestone,,unread,"""2026-06-11T18:00:00.000Z""",,/engagement
1306,279,milestone,Milestone achieved,"You reached the ""first mock exam completed"" milestone.",milestone,,unread,"""2026-06-11T18:00:00.000Z""",,/engagement
1307,279,milestone,Milestone achieved,"You reached the ""first exam above 80"" milestone.",milestone,,unread,"""2026-06-11T18:00:00.000Z""",,/engagement
1308,279,streak_update,Milestone achieved,"You reached the ""three day streak"" milestone.",milestone,,unread,"""2026-06-11T18:00:00.000Z""",,/engagement
1309,280,milestone,Milestone achieved,"You reached the ""first practice completed"" milestone.",milestone,,unread,"""2026-06-08T18:00:00.000Z""",,/engagement
1310,280,milestone,Milestone achieved,"You reached the ""five practice sessions"" milestone.",milestone,,unread,"""2026-06-08T18:00:00.000Z""",,/engagement
1311,280,milestone,Milestone achieved,"You reached the ""first mock exam completed"" milestone.",milestone,,unread,"""2026-06-08T18:00:00.000Z""",,/engagement
1312,280,milestone,Milestone achieved,"You reached the ""first exam above 80"" milestone.",milestone,,unread,"""2026-06-08T18:00:00.000Z""",,/engagement
1313,280,streak_update,Milestone achieved,"You reached the ""three day streak"" milestone.",milestone,,unread,"""2026-06-08T18:00:00.000Z""",,/engagement
1314,280,streak_update,Milestone achieved,"You reached the ""seven day streak"" milestone.",milestone,,unread,"""2026-06-08T18:00:00.000Z""",,/engagement
1315,281,weak_area_alert,Weak area detected,Your accuracy in Density and Viscosity is 0%. Consider focused practice.,topic,301,unread,"""2026-05-23T20:29:43.000Z""",,/weak-areas
1316,281,milestone,Milestone achieved,"You reached the ""first practice completed"" milestone.",milestone,,unread,"""2026-06-11T18:00:00.000Z""",,/engagement
1317,281,milestone,Milestone achieved,"You reached the ""five practice sessions"" milestone.",milestone,,unread,"""2026-06-11T18:00:00.000Z""",,/engagement
1318,281,milestone,Milestone achieved,"You reached the ""first mock exam completed"" milestone.",milestone,,unread,"""2026-06-11T18:00:00.000Z""",,/engagement
1319,281,streak_update,Milestone achieved,"You reached the ""three day streak"" milestone.",milestone,,unread,"""2026-06-11T18:00:00.000Z""",,/engagement
