id,user_id,course_id,topic_id,subtopic_id,session_type,status,total_questions,answered_count,correct_count,earned_score,total_max_score,started_at,completed_at,created_at,updated_at
1,1,15,175,,weak_area,completed,7,7,2,3,15,"""2026-06-11T18:50:46.000Z""","""2026-06-11T19:03:46.000Z""","""2026-06-11T18:50:46.000Z""","""2026-06-11T19:03:46.000Z"""
2,1,206,3041,,mixed,completed,7,7,4,7,13,"""2026-05-22T11:43:34.000Z""","""2026-05-22T12:02:34.000Z""","""2026-05-22T11:43:34.000Z""","""2026-05-22T12:02:34.000Z"""
3,1,99,1341,,weak_area,completed,7,7,2,3,15,"""2026-06-02T08:21:56.000Z""","""2026-06-02T08:39:56.000Z""","""2026-06-02T08:21:56.000Z""","""2026-06-02T08:39:56.000Z"""
4,1,84,1093,,mixed,completed,7,7,1,2,15,"""2026-05-19T19:02:16.000Z""","""2026-05-19T19:11:16.000Z""","""2026-05-19T19:02:16.000Z""","""2026-05-19T19:11:16.000Z"""
5,1,15,169,,weak_area,completed,6,6,4,9,14,"""2026-05-06T19:21:21.000Z""","""2026-05-06T19:32:21.000Z""","""2026-05-06T19:21:21.000Z""","""2026-05-06T19:32:21.000Z"""
6,4,177,2581,,mistakes,completed,8,8,6,8,14,"""2026-05-29T11:46:34.000Z""","""2026-05-29T12:02:34.000Z""","""2026-05-29T11:46:34.000Z""","""2026-05-29T12:02:34.000Z"""
7,4,80,1033,,topic,completed,6,6,4,8,13,"""2026-05-30T20:33:01.000Z""","""2026-05-30T20:55:01.000Z""","""2026-05-30T20:33:01.000Z""","""2026-05-30T20:55:01.000Z"""
8,4,35,412,,topic,completed,8,8,5,11,19,"""2026-05-31T14:27:17.000Z""","""2026-05-31T14:43:17.000Z""","""2026-05-31T14:27:17.000Z""","""2026-05-31T14:43:17.000Z"""
9,4,177,2577,,mistakes,completed,10,10,8,15,20,"""2026-05-25T09:04:19.000Z""","""2026-05-25T09:29:19.000Z""","""2026-05-25T09:04:19.000Z""","""2026-05-25T09:29:19.000Z"""
10,4,131,1841,,mistakes,completed,10,10,6,11,21,"""2026-05-11T20:38:50.000Z""","""2026-05-11T21:01:50.000Z""","""2026-05-11T20:38:50.000Z""","""2026-05-11T21:01:50.000Z"""
11,4,66,805,,mixed,completed,8,8,6,12,16,"""2026-05-06T16:02:57.000Z""","""2026-05-06T16:11:57.000Z""","""2026-05-06T16:02:57.000Z""","""2026-05-06T16:11:57.000Z"""
12,5,235,3505,,mistakes,completed,6,6,5,10,11,"""2026-06-18T19:28:20.000Z""","""2026-06-18T19:43:20.000Z""","""2026-06-18T19:28:20.000Z""","""2026-06-18T19:43:20.000Z"""
13,5,127,1777,,mixed,completed,9,9,6,14,21,"""2026-06-19T17:48:25.000Z""","""2026-06-19T18:05:25.000Z""","""2026-06-19T17:48:25.000Z""","""2026-06-19T18:05:25.000Z"""
14,5,235,3505,,mixed,completed,6,6,4,7,9,"""2026-06-20T20:14:10.000Z""","""2026-06-20T20:33:10.000Z""","""2026-06-20T20:14:10.000Z""","""2026-06-20T20:33:10.000Z"""
15,5,153,2197,,topic,completed,6,6,4,9,13,"""2026-05-07T15:37:52.000Z""","""2026-05-07T15:53:52.000Z""","""2026-05-07T15:37:52.000Z""","""2026-05-07T15:53:52.000Z"""
16,6,71,893,,mixed,completed,8,8,4,9,16,"""2026-05-01T16:57:27.000Z""","""2026-05-01T17:12:27.000Z""","""2026-05-01T16:57:27.000Z""","""2026-05-01T17:12:27.000Z"""
17,6,71,889,,weak_area,completed,7,7,3,7,17,"""2026-05-19T11:18:24.000Z""","""2026-05-19T11:29:24.000Z""","""2026-05-19T11:18:24.000Z""","""2026-05-19T11:29:24.000Z"""
18,6,144,2053,,mistakes,completed,9,9,9,16,16,"""2026-05-28T08:46:57.000Z""","""2026-05-28T09:02:57.000Z""","""2026-05-28T08:46:57.000Z""","""2026-05-28T09:02:57.000Z"""
19,6,175,2549,,mixed,completed,7,7,3,5,14,"""2026-05-09T12:01:34.000Z""","""2026-05-09T12:10:34.000Z""","""2026-05-09T12:01:34.000Z""","""2026-05-09T12:10:34.000Z"""
20,10,93,1233,,mixed,completed,6,6,3,5,9,"""2026-05-19T13:10:53.000Z""","""2026-05-19T13:21:53.000Z""","""2026-05-19T13:10:53.000Z""","""2026-05-19T13:21:53.000Z"""
21,10,132,1861,,topic,completed,9,9,4,9,19,"""2026-05-20T10:49:25.000Z""","""2026-05-20T11:03:25.000Z""","""2026-05-20T10:49:25.000Z""","""2026-05-20T11:03:25.000Z"""
22,10,48,574,,mistakes,completed,6,6,3,6,14,"""2026-05-21T16:36:48.000Z""","""2026-05-21T16:48:48.000Z""","""2026-05-21T16:36:48.000Z""","""2026-05-21T16:48:48.000Z"""
23,10,93,1233,,mistakes,completed,7,7,4,8,13,"""2026-04-30T09:03:30.000Z""","""2026-04-30T09:24:30.000Z""","""2026-04-30T09:03:30.000Z""","""2026-04-30T09:24:30.000Z"""
24,12,131,1845,,topic,completed,10,10,6,12,22,"""2026-04-28T07:42:02.000Z""","""2026-04-28T08:01:02.000Z""","""2026-04-28T07:42:02.000Z""","""2026-04-28T08:01:02.000Z"""
25,12,123,1721,,topic,completed,8,8,3,6,18,"""2026-05-01T19:39:01.000Z""","""2026-05-01T20:01:01.000Z""","""2026-05-01T19:39:01.000Z""","""2026-05-01T20:01:01.000Z"""
26,12,8,91,,mistakes,completed,6,6,2,4,12,"""2026-05-03T11:50:15.000Z""","""2026-05-03T12:11:15.000Z""","""2026-05-03T11:50:15.000Z""","""2026-05-03T12:11:15.000Z"""
27,12,164,2369,,topic,completed,9,9,7,13,17,"""2026-05-08T20:19:56.000Z""","""2026-05-08T20:27:56.000Z""","""2026-05-08T20:19:56.000Z""","""2026-05-08T20:27:56.000Z"""
28,12,192,2821,,topic,completed,7,7,6,11,13,"""2026-05-23T09:58:47.000Z""","""2026-05-23T10:18:47.000Z""","""2026-05-23T09:58:47.000Z""","""2026-05-23T10:18:47.000Z"""
29,12,164,2377,,topic,completed,8,8,3,6,16,"""2026-06-02T18:32:23.000Z""","""2026-06-02T18:42:23.000Z""","""2026-06-02T18:32:23.000Z""","""2026-06-02T18:42:23.000Z"""
30,14,137,1945,,weak_area,completed,9,9,8,19,20,"""2026-04-29T14:40:40.000Z""","""2026-04-29T14:51:40.000Z""","""2026-04-29T14:40:40.000Z""","""2026-04-29T14:51:40.000Z"""
31,14,173,2517,,weak_area,completed,6,6,2,5,14,"""2026-06-11T08:54:07.000Z""","""2026-06-11T09:03:07.000Z""","""2026-06-11T08:54:07.000Z""","""2026-06-11T09:03:07.000Z"""
32,14,240,3589,,weak_area,completed,7,7,1,1,13,"""2026-05-21T18:52:09.000Z""","""2026-05-21T19:01:09.000Z""","""2026-05-21T18:52:09.000Z""","""2026-05-21T19:01:09.000Z"""
33,14,9,97,,topic,completed,10,10,3,6,21,"""2026-05-13T14:56:13.000Z""","""2026-05-13T15:17:13.000Z""","""2026-05-13T14:56:13.000Z""","""2026-05-13T15:17:13.000Z"""
34,14,235,3505,,mixed,completed,8,8,3,6,16,"""2026-05-18T13:26:43.000Z""","""2026-05-18T13:48:43.000Z""","""2026-05-18T13:26:43.000Z""","""2026-05-18T13:48:43.000Z"""
35,16,125,1753,,mixed,completed,8,8,3,5,15,"""2026-05-27T17:30:23.000Z""","""2026-05-27T17:44:23.000Z""","""2026-05-27T17:30:23.000Z""","""2026-05-27T17:44:23.000Z"""
36,16,175,2545,,mistakes,completed,7,7,5,8,14,"""2026-05-28T08:18:30.000Z""","""2026-05-28T08:31:30.000Z""","""2026-05-28T08:18:30.000Z""","""2026-05-28T08:31:30.000Z"""
37,16,175,2545,,weak_area,completed,7,7,5,12,18,"""2026-05-29T09:20:43.000Z""","""2026-05-29T09:42:43.000Z""","""2026-05-29T09:20:43.000Z""","""2026-05-29T09:42:43.000Z"""
38,16,67,829,,mistakes,completed,8,8,4,8,18,"""2026-05-21T09:06:38.000Z""","""2026-05-21T09:22:38.000Z""","""2026-05-21T09:06:38.000Z""","""2026-05-21T09:22:38.000Z"""
39,16,67,825,,mistakes,completed,9,9,5,10,18,"""2026-06-02T09:08:40.000Z""","""2026-06-02T09:19:40.000Z""","""2026-06-02T09:08:40.000Z""","""2026-06-02T09:19:40.000Z"""
40,18,131,1849,,mixed,completed,8,8,7,13,16,"""2026-04-30T18:22:26.000Z""","""2026-04-30T18:33:26.000Z""","""2026-04-30T18:22:26.000Z""","""2026-04-30T18:33:26.000Z"""
41,18,162,2341,,mixed,completed,6,6,6,11,11,"""2026-05-15T21:39:06.000Z""","""2026-05-15T21:57:06.000Z""","""2026-05-15T21:39:06.000Z""","""2026-05-15T21:57:06.000Z"""
42,18,131,1845,,weak_area,completed,9,9,8,16,17,"""2026-05-28T09:37:44.000Z""","""2026-05-28T10:02:44.000Z""","""2026-05-28T09:37:44.000Z""","""2026-05-28T10:02:44.000Z"""
43,18,67,821,,topic,completed,6,6,3,6,13,"""2026-06-01T17:38:30.000Z""","""2026-06-01T17:46:30.000Z""","""2026-06-01T17:38:30.000Z""","""2026-06-01T17:46:30.000Z"""
44,20,12,133,,topic,completed,9,9,4,6,15,"""2026-06-12T08:22:23.000Z""","""2026-06-12T08:33:23.000Z""","""2026-06-12T08:22:23.000Z""","""2026-06-12T08:33:23.000Z"""
45,20,12,133,,weak_area,completed,8,8,4,8,15,"""2026-05-10T20:12:11.000Z""","""2026-05-10T20:33:11.000Z""","""2026-05-10T20:12:11.000Z""","""2026-05-10T20:33:11.000Z"""
46,20,49,577,,weak_area,completed,10,10,4,8,21,"""2026-05-27T09:25:27.000Z""","""2026-05-27T09:35:27.000Z""","""2026-05-27T09:25:27.000Z""","""2026-05-27T09:35:27.000Z"""
47,20,120,1665,,mistakes,completed,6,6,4,8,13,"""2026-06-09T14:31:14.000Z""","""2026-06-09T14:53:14.000Z""","""2026-06-09T14:31:14.000Z""","""2026-06-09T14:53:14.000Z"""
48,21,172,2505,,topic,completed,10,10,5,7,20,"""2026-05-05T11:10:34.000Z""","""2026-05-05T11:27:34.000Z""","""2026-05-05T11:10:34.000Z""","""2026-05-05T11:27:34.000Z"""
49,21,24,286,,weak_area,completed,10,10,7,17,24,"""2026-05-13T12:13:44.000Z""","""2026-05-13T12:37:44.000Z""","""2026-05-13T12:13:44.000Z""","""2026-05-13T12:37:44.000Z"""
50,21,48,574,,weak_area,completed,9,9,5,12,23,"""2026-05-16T20:04:31.000Z""","""2026-05-16T20:24:31.000Z""","""2026-05-16T20:04:31.000Z""","""2026-05-16T20:24:31.000Z"""
51,21,73,921,,topic,completed,8,8,3,5,14,"""2026-05-01T11:22:04.000Z""","""2026-05-01T11:42:04.000Z""","""2026-05-01T11:22:04.000Z""","""2026-05-01T11:42:04.000Z"""
52,21,141,2001,,mixed,completed,10,10,8,17,22,"""2026-05-28T09:32:52.000Z""","""2026-05-28T09:43:52.000Z""","""2026-05-28T09:32:52.000Z""","""2026-05-28T09:43:52.000Z"""
53,21,141,2013,,weak_area,completed,8,8,5,8,14,"""2026-05-31T11:43:20.000Z""","""2026-05-31T11:58:20.000Z""","""2026-05-31T11:43:20.000Z""","""2026-05-31T11:58:20.000Z"""
54,22,33,388,,topic,completed,6,6,2,5,13,"""2026-05-20T11:38:34.000Z""","""2026-05-20T11:48:34.000Z""","""2026-05-20T11:38:34.000Z""","""2026-05-20T11:48:34.000Z"""
55,22,126,1765,,topic,completed,6,6,3,6,13,"""2026-05-21T12:12:28.000Z""","""2026-05-21T12:22:28.000Z""","""2026-05-21T12:12:28.000Z""","""2026-05-21T12:22:28.000Z"""
56,22,33,388,,topic,completed,8,8,7,15,16,"""2026-05-22T16:55:09.000Z""","""2026-05-22T17:19:09.000Z""","""2026-05-22T16:55:09.000Z""","""2026-05-22T17:19:09.000Z"""
57,22,191,2805,,mistakes,completed,7,7,4,7,15,"""2026-05-23T08:48:56.000Z""","""2026-05-23T09:03:56.000Z""","""2026-05-23T08:48:56.000Z""","""2026-05-23T09:03:56.000Z"""
58,22,68,841,,mixed,completed,9,9,6,12,17,"""2026-05-24T21:12:49.000Z""","""2026-05-24T21:28:49.000Z""","""2026-05-24T21:12:49.000Z""","""2026-05-24T21:28:49.000Z"""
59,23,183,2673,,topic,completed,8,8,4,7,16,"""2026-06-03T11:46:02.000Z""","""2026-06-03T12:04:02.000Z""","""2026-06-03T11:46:02.000Z""","""2026-06-03T12:04:02.000Z"""
60,23,140,1989,,topic,completed,7,7,3,6,14,"""2026-05-17T20:02:12.000Z""","""2026-05-17T20:13:12.000Z""","""2026-05-17T20:02:12.000Z""","""2026-05-17T20:13:12.000Z"""
61,23,173,2517,,mistakes,completed,10,10,8,16,22,"""2026-06-05T12:20:23.000Z""","""2026-06-05T12:30:23.000Z""","""2026-06-05T12:20:23.000Z""","""2026-06-05T12:30:23.000Z"""
62,23,155,2233,,topic,completed,9,9,7,12,17,"""2026-05-29T12:44:40.000Z""","""2026-05-29T12:52:40.000Z""","""2026-05-29T12:44:40.000Z""","""2026-05-29T12:52:40.000Z"""
63,23,15,175,,topic,completed,6,6,5,11,13,"""2026-05-24T16:00:28.000Z""","""2026-05-24T16:24:28.000Z""","""2026-05-24T16:00:28.000Z""","""2026-05-24T16:24:28.000Z"""
64,24,1,4,,weak_area,completed,8,8,3,6,16,"""2026-05-11T18:48:11.000Z""","""2026-05-11T19:05:11.000Z""","""2026-05-11T18:48:11.000Z""","""2026-05-11T19:05:11.000Z"""
65,24,123,1725,,mixed,completed,9,9,6,9,15,"""2026-05-31T13:07:32.000Z""","""2026-05-31T13:31:32.000Z""","""2026-05-31T13:07:32.000Z""","""2026-05-31T13:31:32.000Z"""
66,24,1,4,,mistakes,completed,7,7,2,6,19,"""2026-06-07T20:43:06.000Z""","""2026-06-07T21:07:06.000Z""","""2026-06-07T20:43:06.000Z""","""2026-06-07T21:07:06.000Z"""
67,24,1,4,,mistakes,completed,6,6,3,5,11,"""2026-06-09T17:44:52.000Z""","""2026-06-09T18:04:52.000Z""","""2026-06-09T17:44:52.000Z""","""2026-06-09T18:04:52.000Z"""
68,25,225,3349,,topic,completed,9,9,6,8,16,"""2026-06-13T17:54:19.000Z""","""2026-06-13T18:13:19.000Z""","""2026-06-13T17:54:19.000Z""","""2026-06-13T18:13:19.000Z"""
69,25,66,801,,topic,completed,10,10,8,12,16,"""2026-06-14T13:21:20.000Z""","""2026-06-14T13:37:20.000Z""","""2026-06-14T13:21:20.000Z""","""2026-06-14T13:37:20.000Z"""
70,25,170,2469,,mixed,completed,6,6,6,13,13,"""2026-05-12T16:56:24.000Z""","""2026-05-12T17:05:24.000Z""","""2026-05-12T16:56:24.000Z""","""2026-05-12T17:05:24.000Z"""
71,25,170,2465,,mistakes,completed,9,9,5,11,20,"""2026-05-17T12:14:14.000Z""","""2026-05-17T12:26:14.000Z""","""2026-05-17T12:14:14.000Z""","""2026-05-17T12:26:14.000Z"""
72,25,99,1341,,mistakes,completed,7,7,6,10,13,"""2026-06-11T18:03:13.000Z""","""2026-06-11T18:14:13.000Z""","""2026-06-11T18:03:13.000Z""","""2026-06-11T18:14:13.000Z"""
73,26,235,3509,,mistakes,completed,10,10,8,15,21,"""2026-04-29T15:10:20.000Z""","""2026-04-29T15:32:20.000Z""","""2026-04-29T15:10:20.000Z""","""2026-04-29T15:32:20.000Z"""
74,26,171,2481,,topic,completed,6,6,2,5,15,"""2026-06-09T19:29:57.000Z""","""2026-06-09T19:52:57.000Z""","""2026-06-09T19:29:57.000Z""","""2026-06-09T19:52:57.000Z"""
75,26,165,2393,,weak_area,completed,10,10,3,8,24,"""2026-06-07T12:47:38.000Z""","""2026-06-07T12:58:38.000Z""","""2026-06-07T12:47:38.000Z""","""2026-06-07T12:58:38.000Z"""
76,26,27,316,,mixed,completed,10,10,2,3,18,"""2026-05-21T12:50:09.000Z""","""2026-05-21T13:10:09.000Z""","""2026-05-21T12:50:09.000Z""","""2026-05-21T13:10:09.000Z"""
77,26,27,313,,mixed,completed,8,8,4,7,18,"""2026-06-12T09:44:21.000Z""","""2026-06-12T10:09:21.000Z""","""2026-06-12T09:44:21.000Z""","""2026-06-12T10:09:21.000Z"""
78,26,24,277,,mistakes,completed,9,9,1,2,20,"""2026-05-23T18:18:16.000Z""","""2026-05-23T18:35:16.000Z""","""2026-05-23T18:18:16.000Z""","""2026-05-23T18:35:16.000Z"""
79,27,70,869,,mistakes,completed,9,9,5,8,18,"""2026-05-29T08:44:32.000Z""","""2026-05-29T09:01:32.000Z""","""2026-05-29T08:44:32.000Z""","""2026-05-29T09:01:32.000Z"""
80,27,70,865,,topic,completed,9,9,6,12,16,"""2026-05-09T13:32:41.000Z""","""2026-05-09T13:51:41.000Z""","""2026-05-09T13:32:41.000Z""","""2026-05-09T13:51:41.000Z"""
81,27,227,3381,,topic,completed,7,7,5,7,12,"""2026-06-09T08:03:20.000Z""","""2026-06-09T08:13:20.000Z""","""2026-06-09T08:03:20.000Z""","""2026-06-09T08:13:20.000Z"""
82,27,93,1237,,weak_area,completed,9,9,4,7,18,"""2026-05-16T12:34:50.000Z""","""2026-05-16T12:46:50.000Z""","""2026-05-16T12:34:50.000Z""","""2026-05-16T12:46:50.000Z"""
83,28,163,2361,,topic,completed,7,7,6,11,13,"""2026-05-16T09:24:33.000Z""","""2026-05-16T09:44:33.000Z""","""2026-05-16T09:24:33.000Z""","""2026-05-16T09:44:33.000Z"""
84,28,163,2353,,mixed,completed,10,10,7,15,20,"""2026-05-23T15:07:37.000Z""","""2026-05-23T15:32:37.000Z""","""2026-05-23T15:07:37.000Z""","""2026-05-23T15:32:37.000Z"""
85,28,163,2353,,mixed,completed,9,9,8,17,18,"""2026-05-27T17:52:10.000Z""","""2026-05-27T18:01:10.000Z""","""2026-05-27T17:52:10.000Z""","""2026-05-27T18:01:10.000Z"""
86,28,235,3505,,mixed,completed,6,6,4,7,11,"""2026-06-01T11:23:27.000Z""","""2026-06-01T11:48:27.000Z""","""2026-06-01T11:23:27.000Z""","""2026-06-01T11:48:27.000Z"""
87,29,163,2357,,mistakes,completed,7,7,1,1,14,"""2026-05-25T20:57:46.000Z""","""2026-05-25T21:16:46.000Z""","""2026-05-25T20:57:46.000Z""","""2026-05-25T21:16:46.000Z"""
88,29,85,1109,,mixed,completed,9,9,4,10,22,"""2026-05-26T17:15:10.000Z""","""2026-05-26T17:32:10.000Z""","""2026-05-26T17:15:10.000Z""","""2026-05-26T17:32:10.000Z"""
89,29,134,1893,,mistakes,completed,9,9,2,4,17,"""2026-05-27T17:55:19.000Z""","""2026-05-27T18:09:19.000Z""","""2026-05-27T17:55:19.000Z""","""2026-05-27T18:09:19.000Z"""
90,29,163,2353,,mistakes,completed,8,8,3,5,16,"""2026-05-28T12:36:59.000Z""","""2026-05-28T12:55:59.000Z""","""2026-05-28T12:36:59.000Z""","""2026-05-28T12:55:59.000Z"""
91,29,127,1781,,weak_area,completed,8,8,4,7,17,"""2026-05-29T20:14:02.000Z""","""2026-05-29T20:34:02.000Z""","""2026-05-29T20:14:02.000Z""","""2026-05-29T20:34:02.000Z"""
92,30,12,139,,mistakes,completed,6,6,2,3,12,"""2026-05-28T19:12:58.000Z""","""2026-05-28T19:34:58.000Z""","""2026-05-28T19:12:58.000Z""","""2026-05-28T19:34:58.000Z"""
93,30,12,142,,topic,completed,9,9,2,4,16,"""2026-05-29T13:13:26.000Z""","""2026-05-29T13:38:26.000Z""","""2026-05-29T13:13:26.000Z""","""2026-05-29T13:38:26.000Z"""
94,30,125,1749,,topic,completed,10,10,4,7,21,"""2026-05-30T10:46:37.000Z""","""2026-05-30T11:07:37.000Z""","""2026-05-30T10:46:37.000Z""","""2026-05-30T11:07:37.000Z"""
95,30,73,921,,topic,completed,10,10,0,0,25,"""2026-05-31T21:39:14.000Z""","""2026-05-31T21:49:14.000Z""","""2026-05-31T21:39:14.000Z""","""2026-05-31T21:49:14.000Z"""
96,31,28,328,,weak_area,completed,7,7,4,6,14,"""2026-05-27T18:48:00.000Z""","""2026-05-27T19:11:00.000Z""","""2026-05-27T18:48:00.000Z""","""2026-05-27T19:11:00.000Z"""
97,31,240,3585,,weak_area,completed,10,10,1,2,20,"""2026-05-28T16:33:33.000Z""","""2026-05-28T16:52:33.000Z""","""2026-05-28T16:33:33.000Z""","""2026-05-28T16:52:33.000Z"""
98,31,68,837,,topic,completed,6,6,3,6,14,"""2026-05-29T14:00:07.000Z""","""2026-05-29T14:19:07.000Z""","""2026-05-29T14:00:07.000Z""","""2026-05-29T14:19:07.000Z"""
99,31,201,2973,,mistakes,completed,8,8,4,7,17,"""2026-05-31T17:14:41.000Z""","""2026-05-31T17:38:41.000Z""","""2026-05-31T17:14:41.000Z""","""2026-05-31T17:38:41.000Z"""
100,32,99,1333,,weak_area,completed,8,8,8,16,16,"""2026-06-06T21:31:42.000Z""","""2026-06-06T21:45:42.000Z""","""2026-06-06T21:31:42.000Z""","""2026-06-06T21:45:42.000Z"""
101,32,3,25,,topic,completed,9,9,6,14,20,"""2026-05-21T19:54:51.000Z""","""2026-05-21T20:07:51.000Z""","""2026-05-21T19:54:51.000Z""","""2026-05-21T20:07:51.000Z"""
102,32,150,2145,,weak_area,completed,6,6,6,9,9,"""2026-06-04T08:49:31.000Z""","""2026-06-04T09:14:31.000Z""","""2026-06-04T08:49:31.000Z""","""2026-06-04T09:14:31.000Z"""
103,32,234,3489,,mixed,completed,9,9,6,10,16,"""2026-06-03T08:52:13.000Z""","""2026-06-03T09:16:13.000Z""","""2026-06-03T08:52:13.000Z""","""2026-06-03T09:16:13.000Z"""
104,32,3,25,,mistakes,completed,8,8,3,5,17,"""2026-05-25T20:24:30.000Z""","""2026-05-25T20:48:30.000Z""","""2026-05-25T20:24:30.000Z""","""2026-05-25T20:48:30.000Z"""
105,33,114,1569,,weak_area,completed,8,8,4,9,19,"""2026-05-24T12:04:26.000Z""","""2026-05-24T12:21:26.000Z""","""2026-05-24T12:04:26.000Z""","""2026-05-24T12:21:26.000Z"""
106,33,122,1697,,mistakes,completed,6,6,3,7,13,"""2026-05-12T08:49:15.000Z""","""2026-05-12T09:09:15.000Z""","""2026-05-12T08:49:15.000Z""","""2026-05-12T09:09:15.000Z"""
107,33,173,2517,,mistakes,completed,10,10,3,6,20,"""2026-05-24T11:22:54.000Z""","""2026-05-24T11:46:54.000Z""","""2026-05-24T11:22:54.000Z""","""2026-05-24T11:46:54.000Z"""
108,33,206,3045,,topic,completed,6,6,3,4,12,"""2026-05-13T14:00:16.000Z""","""2026-05-13T14:11:16.000Z""","""2026-05-13T14:00:16.000Z""","""2026-05-13T14:11:16.000Z"""
109,62,160,2305,,topic,completed,10,10,7,11,18,"""2026-06-01T18:36:54.000Z""","""2026-06-01T18:49:54.000Z""","""2026-06-01T18:36:54.000Z""","""2026-06-01T18:49:54.000Z"""
110,62,233,3481,,mistakes,completed,10,10,5,10,21,"""2026-05-05T14:37:16.000Z""","""2026-05-05T14:57:16.000Z""","""2026-05-05T14:37:16.000Z""","""2026-05-05T14:57:16.000Z"""
111,62,171,2485,,weak_area,completed,7,7,2,3,16,"""2026-06-11T07:54:39.000Z""","""2026-06-11T08:19:39.000Z""","""2026-06-11T07:54:39.000Z""","""2026-06-11T08:19:39.000Z"""
112,62,233,3473,,mistakes,completed,9,9,3,5,15,"""2026-04-29T10:10:44.000Z""","""2026-04-29T10:30:44.000Z""","""2026-04-29T10:10:44.000Z""","""2026-04-29T10:30:44.000Z"""
113,62,107,1461,,mixed,completed,8,8,3,6,17,"""2026-05-08T18:01:01.000Z""","""2026-05-08T18:16:01.000Z""","""2026-05-08T18:01:01.000Z""","""2026-05-08T18:16:01.000Z"""
114,62,171,2481,,topic,completed,9,9,3,5,17,"""2026-05-08T17:55:49.000Z""","""2026-05-08T18:20:49.000Z""","""2026-05-08T17:55:49.000Z""","""2026-05-08T18:20:49.000Z"""
115,63,2,19,,mixed,completed,7,7,2,3,14,"""2026-06-01T17:01:28.000Z""","""2026-06-01T17:18:28.000Z""","""2026-06-01T17:01:28.000Z""","""2026-06-01T17:18:28.000Z"""
116,63,2,22,,mistakes,completed,6,6,3,6,13,"""2026-05-29T10:47:08.000Z""","""2026-05-29T11:03:08.000Z""","""2026-05-29T10:47:08.000Z""","""2026-05-29T11:03:08.000Z"""
117,63,30,358,,weak_area,completed,6,6,1,1,11,"""2026-05-02T09:11:54.000Z""","""2026-05-02T09:36:54.000Z""","""2026-05-02T09:11:54.000Z""","""2026-05-02T09:36:54.000Z"""
118,63,97,1305,,mixed,completed,6,6,5,10,12,"""2026-05-06T20:53:21.000Z""","""2026-05-06T21:03:21.000Z""","""2026-05-06T20:53:21.000Z""","""2026-05-06T21:03:21.000Z"""
119,63,150,2153,,topic,completed,9,9,5,8,18,"""2026-05-27T19:26:22.000Z""","""2026-05-27T19:45:22.000Z""","""2026-05-27T19:26:22.000Z""","""2026-05-27T19:45:22.000Z"""
120,64,6,67,,mistakes,completed,9,9,7,14,16,"""2026-05-27T16:31:01.000Z""","""2026-05-27T16:55:01.000Z""","""2026-05-27T16:31:01.000Z""","""2026-05-27T16:55:01.000Z"""
121,64,153,2193,,mixed,completed,10,10,5,9,21,"""2026-04-28T15:20:35.000Z""","""2026-04-28T15:45:35.000Z""","""2026-04-28T15:20:35.000Z""","""2026-04-28T15:45:35.000Z"""
122,64,171,2485,,weak_area,completed,7,7,6,11,14,"""2026-06-01T14:01:18.000Z""","""2026-06-01T14:11:18.000Z""","""2026-06-01T14:01:18.000Z""","""2026-06-01T14:11:18.000Z"""
123,64,155,2229,,topic,completed,10,10,6,11,18,"""2026-05-10T12:59:12.000Z""","""2026-05-10T13:16:12.000Z""","""2026-05-10T12:59:12.000Z""","""2026-05-10T13:16:12.000Z"""
124,64,190,2793,,topic,completed,7,7,5,8,14,"""2026-05-20T21:24:18.000Z""","""2026-05-20T21:32:18.000Z""","""2026-05-20T21:24:18.000Z""","""2026-05-20T21:32:18.000Z"""
125,64,190,2789,,mixed,completed,10,10,9,15,17,"""2026-05-15T10:11:46.000Z""","""2026-05-15T10:19:46.000Z""","""2026-05-15T10:11:46.000Z""","""2026-05-15T10:19:46.000Z"""
126,65,188,2765,,mixed,completed,8,8,7,16,18,"""2026-05-07T09:21:45.000Z""","""2026-05-07T09:38:45.000Z""","""2026-05-07T09:21:45.000Z""","""2026-05-07T09:38:45.000Z"""
127,65,61,721,,weak_area,completed,10,10,2,5,26,"""2026-06-11T20:07:56.000Z""","""2026-06-11T20:18:56.000Z""","""2026-06-11T20:07:56.000Z""","""2026-06-11T20:18:56.000Z"""
128,65,141,2005,,weak_area,completed,8,8,7,15,17,"""2026-05-01T21:01:44.000Z""","""2026-05-01T21:16:44.000Z""","""2026-05-01T21:01:44.000Z""","""2026-05-01T21:16:44.000Z"""
129,65,141,2009,,mistakes,completed,7,7,5,8,12,"""2026-06-12T09:47:41.000Z""","""2026-06-12T09:59:41.000Z""","""2026-06-12T09:47:41.000Z""","""2026-06-12T09:59:41.000Z"""
130,65,61,721,,mistakes,completed,10,10,3,5,20,"""2026-05-26T07:50:18.000Z""","""2026-05-26T08:15:18.000Z""","""2026-05-26T07:50:18.000Z""","""2026-05-26T08:15:18.000Z"""
131,66,201,2961,,topic,completed,9,9,7,13,17,"""2026-05-14T20:49:49.000Z""","""2026-05-14T21:11:49.000Z""","""2026-05-14T20:49:49.000Z""","""2026-05-14T21:11:49.000Z"""
132,66,158,2277,,mistakes,completed,9,9,3,4,18,"""2026-05-15T18:07:01.000Z""","""2026-05-15T18:20:01.000Z""","""2026-05-15T18:07:01.000Z""","""2026-05-15T18:20:01.000Z"""
133,66,232,3461,,topic,completed,6,6,1,3,12,"""2026-04-29T11:36:54.000Z""","""2026-04-29T11:49:54.000Z""","""2026-04-29T11:36:54.000Z""","""2026-04-29T11:49:54.000Z"""
134,66,158,2273,,mistakes,completed,7,7,3,7,14,"""2026-05-21T09:07:10.000Z""","""2026-05-21T09:20:10.000Z""","""2026-05-21T09:07:10.000Z""","""2026-05-21T09:20:10.000Z"""
135,66,123,1721,,weak_area,completed,8,8,3,4,14,"""2026-05-17T17:35:51.000Z""","""2026-05-17T17:57:51.000Z""","""2026-05-17T17:35:51.000Z""","""2026-05-17T17:57:51.000Z"""
136,67,208,3073,,topic,completed,9,9,7,15,21,"""2026-05-19T08:56:56.000Z""","""2026-05-19T09:04:56.000Z""","""2026-05-19T08:56:56.000Z""","""2026-05-19T09:04:56.000Z"""
137,67,47,556,,mixed,completed,6,6,4,9,14,"""2026-04-28T17:46:24.000Z""","""2026-04-28T18:07:24.000Z""","""2026-04-28T17:46:24.000Z""","""2026-04-28T18:07:24.000Z"""
138,67,168,2433,,mistakes,completed,9,9,5,9,20,"""2026-06-05T18:32:18.000Z""","""2026-06-05T18:43:18.000Z""","""2026-06-05T18:32:18.000Z""","""2026-06-05T18:43:18.000Z"""
139,67,168,2433,,mistakes,completed,6,6,5,13,15,"""2026-05-30T15:29:37.000Z""","""2026-05-30T15:46:37.000Z""","""2026-05-30T15:29:37.000Z""","""2026-05-30T15:46:37.000Z"""
140,67,80,1029,,mistakes,completed,8,8,1,2,14,"""2026-04-29T11:01:21.000Z""","""2026-04-29T11:09:21.000Z""","""2026-04-29T11:01:21.000Z""","""2026-04-29T11:09:21.000Z"""
141,67,80,1037,,topic,completed,10,10,3,5,17,"""2026-06-01T11:38:49.000Z""","""2026-06-01T12:02:49.000Z""","""2026-06-01T11:38:49.000Z""","""2026-06-01T12:02:49.000Z"""
142,68,83,1077,,weak_area,completed,9,9,3,6,18,"""2026-05-05T16:33:10.000Z""","""2026-05-05T16:52:10.000Z""","""2026-05-05T16:33:10.000Z""","""2026-05-05T16:52:10.000Z"""
143,68,155,2225,,mixed,completed,10,10,6,12,18,"""2026-06-02T12:50:35.000Z""","""2026-06-02T13:03:35.000Z""","""2026-06-02T12:50:35.000Z""","""2026-06-02T13:03:35.000Z"""
144,68,155,2233,,mistakes,completed,7,7,6,12,15,"""2026-05-10T20:13:10.000Z""","""2026-05-10T20:32:10.000Z""","""2026-05-10T20:13:10.000Z""","""2026-05-10T20:32:10.000Z"""
145,68,226,3369,,weak_area,completed,10,10,9,19,22,"""2026-05-31T12:52:25.000Z""","""2026-05-31T13:14:25.000Z""","""2026-05-31T12:52:25.000Z""","""2026-05-31T13:14:25.000Z"""
146,68,226,3361,,topic,completed,7,7,6,12,14,"""2026-05-20T12:07:17.000Z""","""2026-05-20T12:20:17.000Z""","""2026-05-20T12:07:17.000Z""","""2026-05-20T12:20:17.000Z"""
147,69,102,1377,,mixed,completed,7,7,6,12,15,"""2026-06-08T17:33:40.000Z""","""2026-06-08T17:42:40.000Z""","""2026-06-08T17:33:40.000Z""","""2026-06-08T17:42:40.000Z"""
148,69,20,229,,weak_area,completed,9,9,4,6,18,"""2026-05-06T16:47:31.000Z""","""2026-05-06T16:59:31.000Z""","""2026-05-06T16:47:31.000Z""","""2026-05-06T16:59:31.000Z"""
149,69,166,2409,,weak_area,completed,7,7,4,8,15,"""2026-05-30T20:37:14.000Z""","""2026-05-30T21:02:14.000Z""","""2026-05-30T20:37:14.000Z""","""2026-05-30T21:02:14.000Z"""
150,69,226,3361,,mixed,completed,6,6,3,3,9,"""2026-05-16T21:20:20.000Z""","""2026-05-16T21:43:20.000Z""","""2026-05-16T21:20:20.000Z""","""2026-05-16T21:43:20.000Z"""
151,69,58,685,,mistakes,completed,8,8,2,3,17,"""2026-06-01T10:47:43.000Z""","""2026-06-01T11:05:43.000Z""","""2026-06-01T10:47:43.000Z""","""2026-06-01T11:05:43.000Z"""
152,69,58,691,,topic,completed,9,9,7,12,17,"""2026-05-19T14:30:34.000Z""","""2026-05-19T14:44:34.000Z""","""2026-05-19T14:30:34.000Z""","""2026-05-19T14:44:34.000Z"""
153,70,83,1073,,weak_area,completed,6,6,3,6,10,"""2026-06-12T09:53:49.000Z""","""2026-06-12T10:18:49.000Z""","""2026-06-12T09:53:49.000Z""","""2026-06-12T10:18:49.000Z"""
154,70,126,1765,,topic,completed,10,10,2,2,19,"""2026-06-06T10:57:45.000Z""","""2026-06-06T11:05:45.000Z""","""2026-06-06T10:57:45.000Z""","""2026-06-06T11:05:45.000Z"""
155,70,64,777,,weak_area,completed,6,6,4,6,11,"""2026-05-13T19:24:55.000Z""","""2026-05-13T19:38:55.000Z""","""2026-05-13T19:24:55.000Z""","""2026-05-13T19:38:55.000Z"""
156,70,170,2469,,topic,completed,7,7,5,10,14,"""2026-04-28T14:08:23.000Z""","""2026-04-28T14:24:23.000Z""","""2026-04-28T14:08:23.000Z""","""2026-04-28T14:24:23.000Z"""
157,70,49,577,,topic,completed,10,10,7,13,20,"""2026-05-10T16:19:36.000Z""","""2026-05-10T16:29:36.000Z""","""2026-05-10T16:19:36.000Z""","""2026-05-10T16:29:36.000Z"""
158,70,49,577,,mixed,completed,8,8,5,11,16,"""2026-05-17T18:08:10.000Z""","""2026-05-17T18:28:10.000Z""","""2026-05-17T18:08:10.000Z""","""2026-05-17T18:28:10.000Z"""
159,71,148,2117,,weak_area,completed,6,6,4,7,11,"""2026-06-11T17:21:37.000Z""","""2026-06-11T17:32:37.000Z""","""2026-06-11T17:21:37.000Z""","""2026-06-11T17:32:37.000Z"""
160,71,65,797,,mixed,completed,6,6,2,3,9,"""2026-05-19T12:47:44.000Z""","""2026-05-19T13:00:44.000Z""","""2026-05-19T12:47:44.000Z""","""2026-05-19T13:00:44.000Z"""
161,71,162,2345,,topic,completed,8,8,5,10,17,"""2026-05-26T18:42:42.000Z""","""2026-05-26T18:52:42.000Z""","""2026-05-26T18:42:42.000Z""","""2026-05-26T18:52:42.000Z"""
162,71,162,2337,,mistakes,completed,7,7,3,4,12,"""2026-05-06T07:51:22.000Z""","""2026-05-06T08:02:22.000Z""","""2026-05-06T07:51:22.000Z""","""2026-05-06T08:02:22.000Z"""
163,72,191,2813,,mixed,completed,8,8,8,15,15,"""2026-05-26T15:21:44.000Z""","""2026-05-26T15:34:44.000Z""","""2026-05-26T15:21:44.000Z""","""2026-05-26T15:34:44.000Z"""
164,72,234,3493,,topic,completed,9,9,7,13,15,"""2026-05-27T15:34:09.000Z""","""2026-05-27T15:50:09.000Z""","""2026-05-27T15:34:09.000Z""","""2026-05-27T15:50:09.000Z"""
165,72,236,3521,,mistakes,completed,7,7,3,5,16,"""2026-05-28T11:33:51.000Z""","""2026-05-28T11:50:51.000Z""","""2026-05-28T11:33:51.000Z""","""2026-05-28T11:50:51.000Z"""
166,72,191,2805,,weak_area,completed,7,7,6,14,16,"""2026-05-29T09:41:01.000Z""","""2026-05-29T10:01:01.000Z""","""2026-05-29T09:41:01.000Z""","""2026-05-29T10:01:01.000Z"""
167,72,53,634,,mistakes,completed,10,10,7,13,21,"""2026-05-15T12:18:43.000Z""","""2026-05-15T12:42:43.000Z""","""2026-05-15T12:18:43.000Z""","""2026-05-15T12:42:43.000Z"""
168,72,83,1081,,mistakes,completed,6,6,6,13,13,"""2026-06-08T19:45:44.000Z""","""2026-06-08T20:06:44.000Z""","""2026-06-08T19:45:44.000Z""","""2026-06-08T20:06:44.000Z"""
169,73,168,2433,,weak_area,completed,7,7,4,8,15,"""2026-05-15T19:18:41.000Z""","""2026-05-15T19:30:41.000Z""","""2026-05-15T19:18:41.000Z""","""2026-05-15T19:30:41.000Z"""
170,73,35,412,,topic,completed,10,10,3,5,21,"""2026-05-22T07:52:15.000Z""","""2026-05-22T08:05:15.000Z""","""2026-05-22T07:52:15.000Z""","""2026-05-22T08:05:15.000Z"""
171,73,20,229,,mistakes,completed,10,10,6,11,21,"""2026-06-01T17:56:55.000Z""","""2026-06-01T18:18:55.000Z""","""2026-06-01T17:56:55.000Z""","""2026-06-01T18:18:55.000Z"""
172,73,20,238,,topic,completed,8,8,6,12,17,"""2026-04-30T16:44:38.000Z""","""2026-04-30T17:05:38.000Z""","""2026-04-30T16:44:38.000Z""","""2026-04-30T17:05:38.000Z"""
173,73,172,2501,,weak_area,completed,9,9,3,6,22,"""2026-06-10T19:07:19.000Z""","""2026-06-10T19:19:19.000Z""","""2026-06-10T19:07:19.000Z""","""2026-06-10T19:19:19.000Z"""
174,73,152,2177,,mixed,completed,7,7,4,7,13,"""2026-05-29T16:48:05.000Z""","""2026-05-29T16:57:05.000Z""","""2026-05-29T16:48:05.000Z""","""2026-05-29T16:57:05.000Z"""
175,74,163,2357,,mistakes,completed,6,6,2,5,15,"""2026-06-05T13:44:30.000Z""","""2026-06-05T14:07:30.000Z""","""2026-06-05T13:44:30.000Z""","""2026-06-05T14:07:30.000Z"""
176,74,103,1405,,topic,completed,10,10,4,8,20,"""2026-06-06T15:10:51.000Z""","""2026-06-06T15:32:51.000Z""","""2026-06-06T15:10:51.000Z""","""2026-06-06T15:32:51.000Z"""
177,74,103,1405,,mixed,completed,10,10,6,11,21,"""2026-06-07T17:56:09.000Z""","""2026-06-07T18:18:09.000Z""","""2026-06-07T17:56:09.000Z""","""2026-06-07T18:18:09.000Z"""
178,74,33,388,,mistakes,completed,6,6,5,7,9,"""2026-04-28T09:53:54.000Z""","""2026-04-28T10:03:54.000Z""","""2026-04-28T09:53:54.000Z""","""2026-04-28T10:03:54.000Z"""
179,74,190,2785,,mixed,completed,8,8,3,4,16,"""2026-05-08T18:47:19.000Z""","""2026-05-08T19:08:19.000Z""","""2026-05-08T18:47:19.000Z""","""2026-05-08T19:08:19.000Z"""
180,75,13,151,,mixed,completed,6,6,1,1,13,"""2026-04-29T19:19:09.000Z""","""2026-04-29T19:28:09.000Z""","""2026-04-29T19:19:09.000Z""","""2026-04-29T19:28:09.000Z"""
181,75,201,2973,,mistakes,completed,7,7,5,9,14,"""2026-06-05T19:42:31.000Z""","""2026-06-05T19:57:31.000Z""","""2026-06-05T19:42:31.000Z""","""2026-06-05T19:57:31.000Z"""
182,75,13,151,,weak_area,completed,8,8,5,12,16,"""2026-05-05T20:55:20.000Z""","""2026-05-05T21:12:20.000Z""","""2026-05-05T20:55:20.000Z""","""2026-05-05T21:12:20.000Z"""
183,75,84,1093,,mistakes,completed,9,9,6,13,21,"""2026-05-29T20:10:19.000Z""","""2026-05-29T20:20:19.000Z""","""2026-05-29T20:10:19.000Z""","""2026-05-29T20:20:19.000Z"""
184,75,220,3277,,mistakes,completed,7,7,6,11,13,"""2026-04-29T18:43:47.000Z""","""2026-04-29T18:56:47.000Z""","""2026-04-29T18:43:47.000Z""","""2026-04-29T18:56:47.000Z"""
185,76,16,184,,topic,completed,9,9,4,7,18,"""2026-06-05T11:59:01.000Z""","""2026-06-05T12:12:01.000Z""","""2026-06-05T11:59:01.000Z""","""2026-06-05T12:12:01.000Z"""
186,76,123,1725,,topic,completed,8,8,4,7,16,"""2026-05-12T09:02:00.000Z""","""2026-05-12T09:16:00.000Z""","""2026-05-12T09:02:00.000Z""","""2026-05-12T09:16:00.000Z"""
187,76,123,1725,,mistakes,completed,9,9,6,13,20,"""2026-06-04T20:07:12.000Z""","""2026-06-04T20:21:12.000Z""","""2026-06-04T20:07:12.000Z""","""2026-06-04T20:21:12.000Z"""
188,76,16,184,,mistakes,completed,8,8,7,13,15,"""2026-05-29T10:16:28.000Z""","""2026-05-29T10:31:28.000Z""","""2026-05-29T10:16:28.000Z""","""2026-05-29T10:31:28.000Z"""
189,77,8,88,,weak_area,completed,8,8,4,7,13,"""2026-04-29T20:15:33.000Z""","""2026-04-29T20:26:33.000Z""","""2026-04-29T20:15:33.000Z""","""2026-04-29T20:26:33.000Z"""
190,77,31,364,,weak_area,completed,7,7,4,8,16,"""2026-06-04T11:46:12.000Z""","""2026-06-04T11:56:12.000Z""","""2026-06-04T11:46:12.000Z""","""2026-06-04T11:56:12.000Z"""
191,77,21,244,,mistakes,completed,7,7,3,6,17,"""2026-05-29T14:21:14.000Z""","""2026-05-29T14:37:14.000Z""","""2026-05-29T14:21:14.000Z""","""2026-05-29T14:37:14.000Z"""
192,77,27,313,,mistakes,completed,6,6,1,2,12,"""2026-06-02T14:31:06.000Z""","""2026-06-02T14:50:06.000Z""","""2026-06-02T14:31:06.000Z""","""2026-06-02T14:50:06.000Z"""
193,77,27,316,,mistakes,completed,8,8,1,2,19,"""2026-06-07T20:05:28.000Z""","""2026-06-07T20:13:28.000Z""","""2026-06-07T20:05:28.000Z""","""2026-06-07T20:13:28.000Z"""
194,77,27,322,,mixed,completed,8,8,2,5,21,"""2026-05-06T20:47:50.000Z""","""2026-05-06T21:00:50.000Z""","""2026-05-06T20:47:50.000Z""","""2026-05-06T21:00:50.000Z"""
195,78,35,412,,mixed,completed,8,8,6,11,15,"""2026-06-16T21:03:44.000Z""","""2026-06-16T21:14:44.000Z""","""2026-06-16T21:03:44.000Z""","""2026-06-16T21:14:44.000Z"""
196,78,18,208,,mistakes,completed,8,8,7,13,16,"""2026-06-17T12:16:12.000Z""","""2026-06-17T12:32:12.000Z""","""2026-06-17T12:16:12.000Z""","""2026-06-17T12:32:12.000Z"""
197,78,48,565,,weak_area,completed,7,7,6,13,16,"""2026-06-18T16:44:49.000Z""","""2026-06-18T16:57:49.000Z""","""2026-06-18T16:44:49.000Z""","""2026-06-18T16:57:49.000Z"""
198,78,169,2453,,topic,completed,6,6,6,12,12,"""2026-06-01T14:53:37.000Z""","""2026-06-01T15:09:37.000Z""","""2026-06-01T14:53:37.000Z""","""2026-06-01T15:09:37.000Z"""
199,78,51,607,,mixed,completed,7,7,5,11,15,"""2026-04-28T11:08:22.000Z""","""2026-04-28T11:18:22.000Z""","""2026-04-28T11:08:22.000Z""","""2026-04-28T11:18:22.000Z"""
200,78,93,1233,,mixed,completed,10,10,8,11,16,"""2026-05-10T09:30:54.000Z""","""2026-05-10T09:52:54.000Z""","""2026-05-10T09:30:54.000Z""","""2026-05-10T09:52:54.000Z"""
201,79,64,777,,mixed,completed,8,8,2,3,18,"""2026-05-15T20:58:50.000Z""","""2026-05-15T21:11:50.000Z""","""2026-05-15T20:58:50.000Z""","""2026-05-15T21:11:50.000Z"""
202,79,64,781,,topic,completed,6,6,1,2,13,"""2026-05-30T11:51:16.000Z""","""2026-05-30T12:14:16.000Z""","""2026-05-30T11:51:16.000Z""","""2026-05-30T12:14:16.000Z"""
203,79,64,781,,mixed,completed,8,8,2,5,20,"""2026-05-15T12:20:59.000Z""","""2026-05-15T12:42:59.000Z""","""2026-05-15T12:20:59.000Z""","""2026-05-15T12:42:59.000Z"""
204,79,166,2401,,mistakes,completed,10,10,4,9,21,"""2026-05-17T11:40:33.000Z""","""2026-05-17T11:54:33.000Z""","""2026-05-17T11:40:33.000Z""","""2026-05-17T11:54:33.000Z"""
205,80,11,121,,mistakes,completed,10,10,6,13,21,"""2026-05-17T17:19:45.000Z""","""2026-05-17T17:29:45.000Z""","""2026-05-17T17:19:45.000Z""","""2026-05-17T17:29:45.000Z"""
206,80,70,877,,topic,completed,6,6,6,11,11,"""2026-05-18T08:29:12.000Z""","""2026-05-18T08:49:12.000Z""","""2026-05-18T08:29:12.000Z""","""2026-05-18T08:49:12.000Z"""
207,80,200,2945,,mixed,completed,7,7,5,11,16,"""2026-05-23T08:32:27.000Z""","""2026-05-23T08:54:27.000Z""","""2026-05-23T08:32:27.000Z""","""2026-05-23T08:54:27.000Z"""
208,80,67,829,,mixed,completed,9,9,6,13,19,"""2026-05-15T17:06:44.000Z""","""2026-05-15T17:24:44.000Z""","""2026-05-15T17:06:44.000Z""","""2026-05-15T17:24:44.000Z"""
209,81,133,1877,,mixed,completed,6,6,4,5,10,"""2026-05-20T17:50:36.000Z""","""2026-05-20T18:09:36.000Z""","""2026-05-20T17:50:36.000Z""","""2026-05-20T18:09:36.000Z"""
210,81,70,869,,mixed,completed,7,7,4,8,14,"""2026-06-04T11:35:46.000Z""","""2026-06-04T11:43:46.000Z""","""2026-06-04T11:35:46.000Z""","""2026-06-04T11:43:46.000Z"""
211,81,105,1437,,mistakes,completed,10,10,8,17,20,"""2026-05-18T18:06:54.000Z""","""2026-05-18T18:15:54.000Z""","""2026-05-18T18:06:54.000Z""","""2026-05-18T18:15:54.000Z"""
212,81,94,1261,,topic,completed,7,7,4,9,18,"""2026-06-09T12:57:01.000Z""","""2026-06-09T13:16:01.000Z""","""2026-06-09T12:57:01.000Z""","""2026-06-09T13:16:01.000Z"""
213,82,114,1569,,mistakes,completed,7,7,6,12,15,"""2026-05-03T12:18:15.000Z""","""2026-05-03T12:40:15.000Z""","""2026-05-03T12:18:15.000Z""","""2026-05-03T12:40:15.000Z"""
214,82,26,304,,topic,completed,9,9,4,9,21,"""2026-05-08T14:34:41.000Z""","""2026-05-08T14:52:41.000Z""","""2026-05-08T14:34:41.000Z""","""2026-05-08T14:52:41.000Z"""
215,82,114,1569,,mistakes,completed,6,6,5,13,16,"""2026-05-05T20:40:31.000Z""","""2026-05-05T20:56:31.000Z""","""2026-05-05T20:40:31.000Z""","""2026-05-05T20:56:31.000Z"""
216,82,111,1529,,mistakes,completed,9,9,7,13,18,"""2026-05-25T15:52:33.000Z""","""2026-05-25T16:10:33.000Z""","""2026-05-25T15:52:33.000Z""","""2026-05-25T16:10:33.000Z"""
217,83,4,37,,mistakes,completed,6,6,4,7,10,"""2026-06-04T11:49:53.000Z""","""2026-06-04T12:00:53.000Z""","""2026-06-04T11:49:53.000Z""","""2026-06-04T12:00:53.000Z"""
218,83,138,1953,,mixed,completed,6,6,3,4,11,"""2026-06-09T08:22:27.000Z""","""2026-06-09T08:34:27.000Z""","""2026-06-09T08:22:27.000Z""","""2026-06-09T08:34:27.000Z"""
219,83,183,2677,,mixed,completed,6,6,5,8,10,"""2026-05-29T20:21:42.000Z""","""2026-05-29T20:36:42.000Z""","""2026-05-29T20:21:42.000Z""","""2026-05-29T20:36:42.000Z"""
220,83,138,1961,,mistakes,completed,10,10,7,14,21,"""2026-05-21T15:41:33.000Z""","""2026-05-21T15:58:33.000Z""","""2026-05-21T15:41:33.000Z""","""2026-05-21T15:58:33.000Z"""
221,84,156,2249,,mistakes,completed,8,8,6,10,14,"""2026-05-31T10:24:22.000Z""","""2026-05-31T10:37:22.000Z""","""2026-05-31T10:24:22.000Z""","""2026-05-31T10:37:22.000Z"""
222,84,6,67,,weak_area,completed,6,6,5,8,10,"""2026-06-01T19:39:17.000Z""","""2026-06-01T19:58:17.000Z""","""2026-06-01T19:39:17.000Z""","""2026-06-01T19:58:17.000Z"""
223,84,192,2821,,weak_area,completed,9,9,5,10,20,"""2026-05-17T16:49:48.000Z""","""2026-05-17T17:07:48.000Z""","""2026-05-17T16:49:48.000Z""","""2026-05-17T17:07:48.000Z"""
224,84,233,3477,,topic,completed,8,8,1,2,13,"""2026-06-09T16:04:59.000Z""","""2026-06-09T16:13:59.000Z""","""2026-06-09T16:04:59.000Z""","""2026-06-09T16:13:59.000Z"""
225,85,45,532,,topic,completed,6,6,6,12,12,"""2026-06-14T11:19:55.000Z""","""2026-06-14T11:33:55.000Z""","""2026-06-14T11:19:55.000Z""","""2026-06-14T11:33:55.000Z"""
226,85,155,2229,,weak_area,completed,8,8,5,11,16,"""2026-06-15T14:02:10.000Z""","""2026-06-15T14:11:10.000Z""","""2026-06-15T14:02:10.000Z""","""2026-06-15T14:11:10.000Z"""
227,85,45,532,,weak_area,completed,6,6,3,6,12,"""2026-06-16T17:21:01.000Z""","""2026-06-16T17:36:01.000Z""","""2026-06-16T17:21:01.000Z""","""2026-06-16T17:36:01.000Z"""
228,85,133,1881,,mistakes,completed,8,8,5,7,15,"""2026-06-17T18:37:05.000Z""","""2026-06-17T19:00:05.000Z""","""2026-06-17T18:37:05.000Z""","""2026-06-17T19:00:05.000Z"""
229,85,45,529,,mistakes,completed,9,9,5,11,19,"""2026-05-31T12:53:23.000Z""","""2026-05-31T13:08:23.000Z""","""2026-05-31T12:53:23.000Z""","""2026-05-31T13:08:23.000Z"""
230,85,133,1881,,weak_area,completed,7,7,5,7,12,"""2026-06-09T21:11:57.000Z""","""2026-06-09T21:25:57.000Z""","""2026-06-09T21:11:57.000Z""","""2026-06-09T21:25:57.000Z"""
231,86,102,1377,,mixed,completed,6,6,2,5,12,"""2026-05-05T12:40:12.000Z""","""2026-05-05T13:00:12.000Z""","""2026-05-05T12:40:12.000Z""","""2026-05-05T13:00:12.000Z"""
232,86,34,403,,topic,completed,7,7,3,5,14,"""2026-05-30T20:46:41.000Z""","""2026-05-30T21:00:41.000Z""","""2026-05-30T20:46:41.000Z""","""2026-05-30T21:00:41.000Z"""
233,86,73,921,,topic,completed,9,9,4,7,20,"""2026-05-04T10:10:26.000Z""","""2026-05-04T10:26:26.000Z""","""2026-05-04T10:10:26.000Z""","""2026-05-04T10:26:26.000Z"""
234,86,95,1273,,topic,completed,8,8,4,5,11,"""2026-05-07T19:25:55.000Z""","""2026-05-07T19:35:55.000Z""","""2026-05-07T19:25:55.000Z""","""2026-05-07T19:35:55.000Z"""
235,86,95,1277,,weak_area,completed,6,6,2,2,11,"""2026-05-23T21:33:32.000Z""","""2026-05-23T21:51:32.000Z""","""2026-05-23T21:33:32.000Z""","""2026-05-23T21:51:32.000Z"""
236,87,68,845,,mixed,completed,6,6,4,7,10,"""2026-05-10T13:33:47.000Z""","""2026-05-10T13:55:47.000Z""","""2026-05-10T13:33:47.000Z""","""2026-05-10T13:55:47.000Z"""
237,87,36,427,,mistakes,completed,10,10,8,14,18,"""2026-05-09T10:29:58.000Z""","""2026-05-09T10:38:58.000Z""","""2026-05-09T10:29:58.000Z""","""2026-05-09T10:38:58.000Z"""
238,87,48,571,,mixed,completed,8,8,7,15,17,"""2026-05-09T14:34:30.000Z""","""2026-05-09T14:47:30.000Z""","""2026-05-09T14:34:30.000Z""","""2026-05-09T14:47:30.000Z"""
239,87,61,721,,topic,completed,8,8,5,8,15,"""2026-05-30T19:18:17.000Z""","""2026-05-30T19:29:17.000Z""","""2026-05-30T19:18:17.000Z""","""2026-05-30T19:29:17.000Z"""
240,87,51,610,,mixed,completed,7,7,5,6,12,"""2026-06-11T14:59:32.000Z""","""2026-06-11T15:23:32.000Z""","""2026-06-11T14:59:32.000Z""","""2026-06-11T15:23:32.000Z"""
241,88,27,322,,weak_area,completed,7,7,7,15,15,"""2026-06-07T08:56:58.000Z""","""2026-06-07T09:18:58.000Z""","""2026-06-07T08:56:58.000Z""","""2026-06-07T09:18:58.000Z"""
242,88,105,1433,,mixed,completed,9,9,6,12,17,"""2026-06-08T20:49:57.000Z""","""2026-06-08T21:12:57.000Z""","""2026-06-08T20:49:57.000Z""","""2026-06-08T21:12:57.000Z"""
243,88,100,1353,,mixed,completed,6,6,4,7,13,"""2026-06-09T20:07:21.000Z""","""2026-06-09T20:20:21.000Z""","""2026-06-09T20:07:21.000Z""","""2026-06-09T20:20:21.000Z"""
244,88,44,520,,topic,completed,9,9,6,10,16,"""2026-06-10T20:09:59.000Z""","""2026-06-10T20:34:59.000Z""","""2026-06-10T20:09:59.000Z""","""2026-06-10T20:34:59.000Z"""
245,89,169,2457,,weak_area,completed,9,9,4,5,15,"""2026-06-15T10:34:46.000Z""","""2026-06-15T10:58:46.000Z""","""2026-06-15T10:34:46.000Z""","""2026-06-15T10:58:46.000Z"""
246,89,18,205,,mistakes,completed,8,8,7,15,18,"""2026-06-16T12:02:42.000Z""","""2026-06-16T12:23:42.000Z""","""2026-06-16T12:02:42.000Z""","""2026-06-16T12:23:42.000Z"""
247,89,169,2457,,mixed,completed,9,9,6,11,17,"""2026-06-17T20:49:35.000Z""","""2026-06-17T21:10:35.000Z""","""2026-06-17T20:49:35.000Z""","""2026-06-17T21:10:35.000Z"""
248,89,99,1333,,topic,completed,10,10,8,16,21,"""2026-06-18T18:30:29.000Z""","""2026-06-18T18:46:29.000Z""","""2026-06-18T18:30:29.000Z""","""2026-06-18T18:46:29.000Z"""
249,89,205,3025,,mistakes,completed,8,8,5,8,15,"""2026-04-29T15:07:32.000Z""","""2026-04-29T15:29:32.000Z""","""2026-04-29T15:07:32.000Z""","""2026-04-29T15:29:32.000Z"""
250,90,134,1893,,mistakes,completed,10,10,6,11,20,"""2026-06-02T21:00:37.000Z""","""2026-06-02T21:12:37.000Z""","""2026-06-02T21:00:37.000Z""","""2026-06-02T21:12:37.000Z"""
251,90,167,2417,,mixed,completed,9,9,6,11,18,"""2026-06-03T21:41:01.000Z""","""2026-06-03T21:59:01.000Z""","""2026-06-03T21:41:01.000Z""","""2026-06-03T21:59:01.000Z"""
252,90,129,1809,,topic,completed,8,8,5,13,21,"""2026-05-03T08:22:48.000Z""","""2026-05-03T08:31:48.000Z""","""2026-05-03T08:22:48.000Z""","""2026-05-03T08:31:48.000Z"""
253,90,240,3585,,topic,completed,9,9,8,16,17,"""2026-05-05T11:12:57.000Z""","""2026-05-05T11:28:57.000Z""","""2026-05-05T11:12:57.000Z""","""2026-05-05T11:28:57.000Z"""
254,90,167,2417,,topic,completed,8,8,3,5,16,"""2026-05-04T18:18:30.000Z""","""2026-05-04T18:36:30.000Z""","""2026-05-04T18:18:30.000Z""","""2026-05-04T18:36:30.000Z"""
255,91,154,2209,,mixed,completed,8,8,6,10,13,"""2026-05-11T15:05:50.000Z""","""2026-05-11T15:22:50.000Z""","""2026-05-11T15:05:50.000Z""","""2026-05-11T15:22:50.000Z"""
256,91,154,2217,,mistakes,completed,8,8,8,12,12,"""2026-05-01T17:40:32.000Z""","""2026-05-01T17:52:32.000Z""","""2026-05-01T17:40:32.000Z""","""2026-05-01T17:52:32.000Z"""
257,91,167,2425,,topic,completed,7,7,5,9,12,"""2026-05-20T10:29:13.000Z""","""2026-05-20T10:53:13.000Z""","""2026-05-20T10:29:13.000Z""","""2026-05-20T10:53:13.000Z"""
258,91,225,3349,,topic,completed,7,7,7,13,13,"""2026-05-11T12:24:13.000Z""","""2026-05-11T12:38:13.000Z""","""2026-05-11T12:24:13.000Z""","""2026-05-11T12:38:13.000Z"""
259,92,15,169,,topic,completed,9,9,3,3,17,"""2026-06-02T13:02:04.000Z""","""2026-06-02T13:13:04.000Z""","""2026-06-02T13:02:04.000Z""","""2026-06-02T13:13:04.000Z"""
260,92,122,1701,,topic,completed,6,6,2,3,13,"""2026-06-03T17:03:00.000Z""","""2026-06-03T17:24:00.000Z""","""2026-06-03T17:03:00.000Z""","""2026-06-03T17:24:00.000Z"""
261,92,32,379,,weak_area,completed,6,6,2,6,14,"""2026-06-03T10:47:37.000Z""","""2026-06-03T11:04:37.000Z""","""2026-06-03T10:47:37.000Z""","""2026-06-03T11:04:37.000Z"""
262,92,9,100,,weak_area,completed,7,7,0,0,14,"""2026-05-29T10:07:00.000Z""","""2026-05-29T10:28:00.000Z""","""2026-05-29T10:07:00.000Z""","""2026-05-29T10:28:00.000Z"""
263,92,30,352,,topic,completed,7,7,4,5,11,"""2026-05-13T09:07:06.000Z""","""2026-05-13T09:32:06.000Z""","""2026-05-13T09:07:06.000Z""","""2026-05-13T09:32:06.000Z"""
264,92,9,100,,mixed,completed,8,8,2,3,15,"""2026-05-23T20:52:37.000Z""","""2026-05-23T21:11:37.000Z""","""2026-05-23T20:52:37.000Z""","""2026-05-23T21:11:37.000Z"""
265,93,177,2577,,mistakes,completed,8,8,5,8,16,"""2026-05-27T11:39:22.000Z""","""2026-05-27T11:49:22.000Z""","""2026-05-27T11:39:22.000Z""","""2026-05-27T11:49:22.000Z"""
266,93,82,1061,,mixed,completed,10,10,4,8,19,"""2026-06-08T16:11:33.000Z""","""2026-06-08T16:20:33.000Z""","""2026-06-08T16:11:33.000Z""","""2026-06-08T16:20:33.000Z"""
267,93,205,3025,,weak_area,completed,7,7,1,2,19,"""2026-05-21T13:32:34.000Z""","""2026-05-21T13:57:34.000Z""","""2026-05-21T13:32:34.000Z""","""2026-05-21T13:57:34.000Z"""
268,93,5,49,,weak_area,completed,8,8,2,3,17,"""2026-05-18T08:52:35.000Z""","""2026-05-18T09:09:35.000Z""","""2026-05-18T08:52:35.000Z""","""2026-05-18T09:09:35.000Z"""
269,93,138,1953,,mixed,completed,6,6,4,9,15,"""2026-05-14T12:13:47.000Z""","""2026-05-14T12:31:47.000Z""","""2026-05-14T12:13:47.000Z""","""2026-05-14T12:31:47.000Z"""
270,93,125,1749,,weak_area,completed,7,7,5,7,12,"""2026-06-08T10:54:50.000Z""","""2026-06-08T11:14:50.000Z""","""2026-06-08T10:54:50.000Z""","""2026-06-08T11:14:50.000Z"""
271,94,94,1257,,weak_area,completed,10,10,6,10,20,"""2026-06-17T12:40:04.000Z""","""2026-06-17T12:48:04.000Z""","""2026-06-17T12:40:04.000Z""","""2026-06-17T12:48:04.000Z"""
272,94,64,773,,mistakes,completed,8,8,4,8,17,"""2026-06-18T15:59:24.000Z""","""2026-06-18T16:23:24.000Z""","""2026-06-18T15:59:24.000Z""","""2026-06-18T16:23:24.000Z"""
273,94,163,2357,,weak_area,completed,9,9,5,10,19,"""2026-06-19T18:50:18.000Z""","""2026-06-19T19:04:18.000Z""","""2026-06-19T18:50:18.000Z""","""2026-06-19T19:04:18.000Z"""
274,94,6,67,,weak_area,completed,7,7,5,9,14,"""2026-05-02T16:11:34.000Z""","""2026-05-02T16:30:34.000Z""","""2026-05-02T16:11:34.000Z""","""2026-05-02T16:30:34.000Z"""
275,94,4,37,,mistakes,completed,7,7,3,5,14,"""2026-06-03T18:49:11.000Z""","""2026-06-03T19:12:11.000Z""","""2026-06-03T18:49:11.000Z""","""2026-06-03T19:12:11.000Z"""
276,94,33,391,,topic,completed,8,8,6,11,16,"""2026-04-28T21:33:35.000Z""","""2026-04-28T21:54:35.000Z""","""2026-04-28T21:33:35.000Z""","""2026-04-28T21:54:35.000Z"""
277,95,39,457,,mixed,completed,9,9,3,5,22,"""2026-06-10T08:58:12.000Z""","""2026-06-10T09:13:12.000Z""","""2026-06-10T08:58:12.000Z""","""2026-06-10T09:13:12.000Z"""
278,95,39,460,,weak_area,completed,6,6,1,2,13,"""2026-06-08T19:12:57.000Z""","""2026-06-08T19:29:57.000Z""","""2026-06-08T19:12:57.000Z""","""2026-06-08T19:29:57.000Z"""
279,95,225,3353,,topic,completed,8,8,4,9,16,"""2026-05-14T19:00:15.000Z""","""2026-05-14T19:17:15.000Z""","""2026-05-14T19:00:15.000Z""","""2026-05-14T19:17:15.000Z"""
280,95,107,1469,,mistakes,completed,8,8,4,10,19,"""2026-05-08T20:56:05.000Z""","""2026-05-08T21:15:05.000Z""","""2026-05-08T20:56:05.000Z""","""2026-05-08T21:15:05.000Z"""
281,96,8,85,,topic,completed,7,7,6,15,17,"""2026-05-21T16:36:48.000Z""","""2026-05-21T16:50:48.000Z""","""2026-05-21T16:36:48.000Z""","""2026-05-21T16:50:48.000Z"""
282,96,8,88,,mixed,completed,9,9,9,17,17,"""2026-05-22T09:50:36.000Z""","""2026-05-22T10:07:36.000Z""","""2026-05-22T09:50:36.000Z""","""2026-05-22T10:07:36.000Z"""
283,96,21,247,,mixed,completed,10,10,8,14,19,"""2026-05-23T17:34:35.000Z""","""2026-05-23T17:51:35.000Z""","""2026-05-23T17:34:35.000Z""","""2026-05-23T17:51:35.000Z"""
284,96,63,761,,weak_area,completed,9,9,7,16,22,"""2026-05-24T16:25:18.000Z""","""2026-05-24T16:37:18.000Z""","""2026-05-24T16:25:18.000Z""","""2026-05-24T16:37:18.000Z"""
285,97,51,607,,mixed,completed,8,8,5,12,17,"""2026-05-22T18:24:04.000Z""","""2026-05-22T18:41:04.000Z""","""2026-05-22T18:24:04.000Z""","""2026-05-22T18:41:04.000Z"""
286,97,4,46,,topic,completed,9,9,6,15,23,"""2026-05-23T16:47:02.000Z""","""2026-05-23T17:04:02.000Z""","""2026-05-23T16:47:02.000Z""","""2026-05-23T17:04:02.000Z"""
287,97,39,466,,mistakes,completed,8,8,4,6,13,"""2026-05-24T17:31:34.000Z""","""2026-05-24T17:44:34.000Z""","""2026-05-24T17:31:34.000Z""","""2026-05-24T17:44:34.000Z"""
288,97,51,601,,weak_area,completed,10,10,7,14,21,"""2026-05-25T21:12:49.000Z""","""2026-05-25T21:33:49.000Z""","""2026-05-25T21:12:49.000Z""","""2026-05-25T21:33:49.000Z"""
289,98,114,1577,,weak_area,completed,7,7,4,7,14,"""2026-05-07T19:30:04.000Z""","""2026-05-07T19:46:04.000Z""","""2026-05-07T19:30:04.000Z""","""2026-05-07T19:46:04.000Z"""
290,98,72,901,,weak_area,completed,8,8,1,3,20,"""2026-05-24T13:47:38.000Z""","""2026-05-24T14:05:38.000Z""","""2026-05-24T13:47:38.000Z""","""2026-05-24T14:05:38.000Z"""
291,98,165,2389,,mistakes,completed,7,7,7,12,12,"""2026-05-18T09:51:51.000Z""","""2026-05-18T10:16:51.000Z""","""2026-05-18T09:51:51.000Z""","""2026-05-18T10:16:51.000Z"""
292,98,138,1953,,weak_area,completed,7,7,5,11,16,"""2026-05-28T11:21:14.000Z""","""2026-05-28T11:29:14.000Z""","""2026-05-28T11:21:14.000Z""","""2026-05-28T11:29:14.000Z"""
293,98,21,247,,mixed,completed,9,9,4,7,16,"""2026-06-06T16:13:23.000Z""","""2026-06-06T16:38:23.000Z""","""2026-06-06T16:13:23.000Z""","""2026-06-06T16:38:23.000Z"""
294,99,31,364,,topic,completed,10,10,7,15,22,"""2026-06-12T13:04:15.000Z""","""2026-06-12T13:22:15.000Z""","""2026-06-12T13:04:15.000Z""","""2026-06-12T13:22:15.000Z"""
295,99,153,2197,,mixed,completed,9,9,2,4,19,"""2026-06-12T11:43:39.000Z""","""2026-06-12T11:56:39.000Z""","""2026-06-12T11:43:39.000Z""","""2026-06-12T11:56:39.000Z"""
296,99,15,169,,mistakes,completed,9,9,5,9,20,"""2026-05-14T12:00:31.000Z""","""2026-05-14T12:19:31.000Z""","""2026-05-14T12:00:31.000Z""","""2026-05-14T12:19:31.000Z"""
297,99,160,2309,,mistakes,completed,8,8,7,10,13,"""2026-04-28T19:33:46.000Z""","""2026-04-28T19:50:46.000Z""","""2026-04-28T19:33:46.000Z""","""2026-04-28T19:50:46.000Z"""
298,99,26,301,,mixed,completed,9,9,5,9,19,"""2026-06-10T08:27:40.000Z""","""2026-06-10T08:43:40.000Z""","""2026-06-10T08:27:40.000Z""","""2026-06-10T08:43:40.000Z"""
299,99,15,175,,mistakes,completed,6,6,2,3,12,"""2026-06-03T12:35:20.000Z""","""2026-06-03T12:51:20.000Z""","""2026-06-03T12:35:20.000Z""","""2026-06-03T12:51:20.000Z"""
300,100,83,1073,,mixed,completed,8,8,7,16,19,"""2026-05-14T16:03:55.000Z""","""2026-05-14T16:12:55.000Z""","""2026-05-14T16:03:55.000Z""","""2026-05-14T16:12:55.000Z"""
301,100,83,1081,,topic,completed,6,6,5,7,9,"""2026-06-04T19:44:36.000Z""","""2026-06-04T20:09:36.000Z""","""2026-06-04T19:44:36.000Z""","""2026-06-04T20:09:36.000Z"""
302,100,93,1237,,topic,completed,8,8,3,6,16,"""2026-05-25T11:41:17.000Z""","""2026-05-25T11:50:17.000Z""","""2026-05-25T11:41:17.000Z""","""2026-05-25T11:50:17.000Z"""
303,100,93,1245,,mistakes,completed,7,7,2,5,16,"""2026-05-05T18:57:15.000Z""","""2026-05-05T19:16:15.000Z""","""2026-05-05T18:57:15.000Z""","""2026-05-05T19:16:15.000Z"""
304,101,39,460,,mistakes,completed,9,9,2,4,19,"""2026-05-03T21:17:15.000Z""","""2026-05-03T21:34:15.000Z""","""2026-05-03T21:17:15.000Z""","""2026-05-03T21:34:15.000Z"""
305,101,99,1329,,mixed,completed,9,9,3,7,19,"""2026-05-30T10:14:55.000Z""","""2026-05-30T10:33:55.000Z""","""2026-05-30T10:14:55.000Z""","""2026-05-30T10:33:55.000Z"""
306,101,230,3425,,mistakes,completed,8,8,4,7,15,"""2026-04-30T09:22:56.000Z""","""2026-04-30T09:32:56.000Z""","""2026-04-30T09:22:56.000Z""","""2026-04-30T09:32:56.000Z"""
307,101,56,670,,mistakes,completed,8,8,5,11,18,"""2026-06-05T13:18:22.000Z""","""2026-06-05T13:39:22.000Z""","""2026-06-05T13:18:22.000Z""","""2026-06-05T13:39:22.000Z"""
308,102,153,2193,,topic,completed,10,10,9,18,21,"""2026-05-17T13:50:22.000Z""","""2026-05-17T13:58:22.000Z""","""2026-05-17T13:50:22.000Z""","""2026-05-17T13:58:22.000Z"""
309,102,44,523,,mistakes,completed,9,9,7,12,17,"""2026-05-14T07:42:02.000Z""","""2026-05-14T08:01:02.000Z""","""2026-05-14T07:42:02.000Z""","""2026-05-14T08:01:02.000Z"""
310,102,183,2681,,weak_area,completed,6,6,4,9,15,"""2026-05-13T08:33:05.000Z""","""2026-05-13T08:43:05.000Z""","""2026-05-13T08:33:05.000Z""","""2026-05-13T08:43:05.000Z"""
311,102,172,2505,,mistakes,completed,10,10,6,12,19,"""2026-06-01T16:25:19.000Z""","""2026-06-01T16:50:19.000Z""","""2026-06-01T16:25:19.000Z""","""2026-06-01T16:50:19.000Z"""
312,102,60,715,,mixed,completed,6,6,2,3,10,"""2026-06-07T17:44:07.000Z""","""2026-06-07T18:06:07.000Z""","""2026-06-07T17:44:07.000Z""","""2026-06-07T18:06:07.000Z"""
313,102,73,913,,topic,completed,9,9,6,7,13,"""2026-05-28T17:32:48.000Z""","""2026-05-28T17:42:48.000Z""","""2026-05-28T17:32:48.000Z""","""2026-05-28T17:42:48.000Z"""
314,103,6,64,,weak_area,completed,10,10,9,18,21,"""2026-06-01T14:29:32.000Z""","""2026-06-01T14:43:32.000Z""","""2026-06-01T14:29:32.000Z""","""2026-06-01T14:43:32.000Z"""
315,103,82,1057,,mistakes,completed,8,8,6,14,19,"""2026-05-30T10:58:16.000Z""","""2026-05-30T11:22:16.000Z""","""2026-05-30T10:58:16.000Z""","""2026-05-30T11:22:16.000Z"""
316,103,82,1069,,mixed,completed,8,8,8,19,19,"""2026-05-08T16:37:42.000Z""","""2026-05-08T16:55:42.000Z""","""2026-05-08T16:37:42.000Z""","""2026-05-08T16:55:42.000Z"""
317,103,82,1061,,mixed,completed,8,8,8,14,14,"""2026-05-06T10:17:27.000Z""","""2026-05-06T10:31:27.000Z""","""2026-05-06T10:17:27.000Z""","""2026-05-06T10:31:27.000Z"""
318,104,63,753,,weak_area,completed,7,7,2,4,13,"""2026-05-06T17:11:55.000Z""","""2026-05-06T17:30:55.000Z""","""2026-05-06T17:11:55.000Z""","""2026-05-06T17:30:55.000Z"""
319,104,27,319,,topic,completed,9,9,1,2,18,"""2026-05-24T19:01:56.000Z""","""2026-05-24T19:12:56.000Z""","""2026-05-24T19:01:56.000Z""","""2026-05-24T19:12:56.000Z"""
320,104,27,316,,mixed,completed,7,7,2,3,14,"""2026-05-26T14:27:34.000Z""","""2026-05-26T14:42:34.000Z""","""2026-05-26T14:27:34.000Z""","""2026-05-26T14:42:34.000Z"""
321,104,164,2369,,weak_area,completed,10,10,2,4,20,"""2026-06-09T17:47:36.000Z""","""2026-06-09T18:01:36.000Z""","""2026-06-09T17:47:36.000Z""","""2026-06-09T18:01:36.000Z"""
322,104,130,1837,,mixed,completed,10,10,1,3,23,"""2026-05-12T14:02:58.000Z""","""2026-05-12T14:17:58.000Z""","""2026-05-12T14:02:58.000Z""","""2026-05-12T14:17:58.000Z"""
323,105,104,1413,,mistakes,completed,8,8,4,7,15,"""2026-06-03T20:10:49.000Z""","""2026-06-03T20:27:49.000Z""","""2026-06-03T20:10:49.000Z""","""2026-06-03T20:27:49.000Z"""
324,105,167,2417,,mixed,completed,7,7,4,7,12,"""2026-06-04T07:52:07.000Z""","""2026-06-04T08:10:07.000Z""","""2026-06-04T07:52:07.000Z""","""2026-06-04T08:10:07.000Z"""
325,105,169,2453,,mixed,completed,6,6,3,5,11,"""2026-05-28T12:54:43.000Z""","""2026-05-28T13:08:43.000Z""","""2026-05-28T12:54:43.000Z""","""2026-05-28T13:08:43.000Z"""
326,105,169,2449,,mixed,completed,8,8,4,9,16,"""2026-05-12T12:58:05.000Z""","""2026-05-12T13:08:05.000Z""","""2026-05-12T12:58:05.000Z""","""2026-05-12T13:08:05.000Z"""
327,106,192,2817,,weak_area,completed,9,9,3,6,21,"""2026-06-14T12:04:00.000Z""","""2026-06-14T12:25:00.000Z""","""2026-06-14T12:04:00.000Z""","""2026-06-14T12:25:00.000Z"""
328,106,192,2829,,mixed,completed,7,7,4,9,14,"""2026-06-15T17:43:42.000Z""","""2026-06-15T18:00:42.000Z""","""2026-06-15T17:43:42.000Z""","""2026-06-15T18:00:42.000Z"""
329,106,192,2825,,topic,completed,7,7,2,4,13,"""2026-06-16T12:44:01.000Z""","""2026-06-16T12:53:01.000Z""","""2026-06-16T12:44:01.000Z""","""2026-06-16T12:53:01.000Z"""
330,106,134,1897,,mistakes,completed,7,7,6,9,10,"""2026-06-17T16:52:10.000Z""","""2026-06-17T17:07:10.000Z""","""2026-06-17T16:52:10.000Z""","""2026-06-17T17:07:10.000Z"""
331,107,13,145,,mixed,completed,7,7,5,10,14,"""2026-06-08T17:26:25.000Z""","""2026-06-08T17:44:25.000Z""","""2026-06-08T17:26:25.000Z""","""2026-06-08T17:44:25.000Z"""
332,107,32,376,,weak_area,completed,6,6,4,8,14,"""2026-04-28T14:39:30.000Z""","""2026-04-28T14:57:30.000Z""","""2026-04-28T14:39:30.000Z""","""2026-04-28T14:57:30.000Z"""
333,107,85,1113,,topic,completed,8,8,6,11,16,"""2026-05-07T15:36:46.000Z""","""2026-05-07T15:53:46.000Z""","""2026-05-07T15:36:46.000Z""","""2026-05-07T15:53:46.000Z"""
334,107,8,91,,mistakes,completed,9,9,7,12,15,"""2026-06-09T09:04:57.000Z""","""2026-06-09T09:12:57.000Z""","""2026-06-09T09:04:57.000Z""","""2026-06-09T09:12:57.000Z"""
335,107,13,145,,mixed,completed,6,6,5,11,13,"""2026-06-03T09:19:40.000Z""","""2026-06-03T09:38:40.000Z""","""2026-06-03T09:19:40.000Z""","""2026-06-03T09:38:40.000Z"""
336,108,232,3461,,weak_area,completed,9,9,3,5,17,"""2026-05-01T14:09:18.000Z""","""2026-05-01T14:28:18.000Z""","""2026-05-01T14:09:18.000Z""","""2026-05-01T14:28:18.000Z"""
337,108,111,1529,,mixed,completed,7,7,2,3,14,"""2026-05-23T16:21:30.000Z""","""2026-05-23T16:34:30.000Z""","""2026-05-23T16:21:30.000Z""","""2026-05-23T16:34:30.000Z"""
338,108,28,328,,weak_area,completed,8,8,6,13,17,"""2026-05-30T20:22:35.000Z""","""2026-05-30T20:41:35.000Z""","""2026-05-30T20:22:35.000Z""","""2026-05-30T20:41:35.000Z"""
339,108,68,841,,mixed,completed,8,8,6,8,14,"""2026-05-22T14:59:23.000Z""","""2026-05-22T15:22:23.000Z""","""2026-05-22T14:59:23.000Z""","""2026-05-22T15:22:23.000Z"""
340,108,154,2217,,mistakes,completed,9,9,8,15,17,"""2026-06-04T13:55:17.000Z""","""2026-06-04T14:04:17.000Z""","""2026-06-04T13:55:17.000Z""","""2026-06-04T14:04:17.000Z"""
341,108,16,181,,mixed,completed,9,9,8,14,17,"""2026-04-29T18:44:30.000Z""","""2026-04-29T19:07:30.000Z""","""2026-04-29T18:44:30.000Z""","""2026-04-29T19:07:30.000Z"""
342,109,208,3085,,topic,completed,7,7,5,9,12,"""2026-06-06T09:37:21.000Z""","""2026-06-06T09:51:21.000Z""","""2026-06-06T09:37:21.000Z""","""2026-06-06T09:51:21.000Z"""
343,109,84,1101,,weak_area,completed,6,6,4,10,13,"""2026-05-01T17:26:07.000Z""","""2026-05-01T17:51:07.000Z""","""2026-05-01T17:26:07.000Z""","""2026-05-01T17:51:07.000Z"""
344,109,66,805,,mistakes,completed,10,10,8,16,20,"""2026-05-05T13:05:18.000Z""","""2026-05-05T13:18:18.000Z""","""2026-05-05T13:05:18.000Z""","""2026-05-05T13:18:18.000Z"""
345,109,60,709,,topic,completed,7,7,6,11,13,"""2026-05-06T15:27:57.000Z""","""2026-05-06T15:43:57.000Z""","""2026-05-06T15:27:57.000Z""","""2026-05-06T15:43:57.000Z"""
346,109,65,785,,weak_area,completed,9,9,9,19,19,"""2026-06-07T21:29:48.000Z""","""2026-06-07T21:44:48.000Z""","""2026-06-07T21:29:48.000Z""","""2026-06-07T21:44:48.000Z"""
347,110,51,610,,weak_area,completed,6,6,6,15,15,"""2026-06-08T08:40:01.000Z""","""2026-06-08T08:50:01.000Z""","""2026-06-08T08:40:01.000Z""","""2026-06-08T08:50:01.000Z"""
348,110,71,893,,topic,completed,9,9,6,10,17,"""2026-05-24T09:22:37.000Z""","""2026-05-24T09:37:37.000Z""","""2026-05-24T09:22:37.000Z""","""2026-05-24T09:37:37.000Z"""
349,110,65,785,,weak_area,completed,8,8,3,5,14,"""2026-06-12T20:36:37.000Z""","""2026-06-12T20:44:37.000Z""","""2026-06-12T20:36:37.000Z""","""2026-06-12T20:44:37.000Z"""
350,110,51,607,,mixed,completed,7,7,5,9,13,"""2026-05-04T12:42:32.000Z""","""2026-05-04T12:52:32.000Z""","""2026-05-04T12:42:32.000Z""","""2026-05-04T12:52:32.000Z"""
351,111,58,688,,weak_area,completed,7,7,2,2,15,"""2026-05-21T10:15:55.000Z""","""2026-05-21T10:26:55.000Z""","""2026-05-21T10:15:55.000Z""","""2026-05-21T10:26:55.000Z"""
352,111,58,685,,weak_area,completed,9,9,4,8,19,"""2026-05-09T19:24:39.000Z""","""2026-05-09T19:42:39.000Z""","""2026-05-09T19:24:39.000Z""","""2026-05-09T19:42:39.000Z"""
353,111,94,1261,,topic,completed,7,7,6,9,11,"""2026-06-05T16:57:29.000Z""","""2026-06-05T17:08:29.000Z""","""2026-06-05T16:57:29.000Z""","""2026-06-05T17:08:29.000Z"""
354,111,153,2197,,weak_area,completed,8,8,5,9,14,"""2026-05-23T09:29:30.000Z""","""2026-05-23T09:45:30.000Z""","""2026-05-23T09:29:30.000Z""","""2026-05-23T09:45:30.000Z"""
355,111,17,199,,mistakes,completed,10,10,4,8,22,"""2026-05-04T14:58:55.000Z""","""2026-05-04T15:11:55.000Z""","""2026-05-04T14:58:55.000Z""","""2026-05-04T15:11:55.000Z"""
356,112,172,2497,,topic,completed,10,10,9,18,21,"""2026-04-30T10:52:26.000Z""","""2026-04-30T11:12:26.000Z""","""2026-04-30T10:52:26.000Z""","""2026-04-30T11:12:26.000Z"""
357,112,120,1669,,topic,completed,10,10,9,18,20,"""2026-05-28T15:04:17.000Z""","""2026-05-28T15:20:17.000Z""","""2026-05-28T15:04:17.000Z""","""2026-05-28T15:20:17.000Z"""
358,112,23,274,,mistakes,completed,7,7,5,10,15,"""2026-05-30T13:04:56.000Z""","""2026-05-30T13:15:56.000Z""","""2026-05-30T13:04:56.000Z""","""2026-05-30T13:15:56.000Z"""
359,112,95,1277,,mistakes,completed,9,9,7,15,20,"""2026-04-28T19:27:34.000Z""","""2026-04-28T19:47:34.000Z""","""2026-04-28T19:27:34.000Z""","""2026-04-28T19:47:34.000Z"""
360,112,156,2241,,mistakes,completed,9,9,7,12,18,"""2026-05-20T11:09:31.000Z""","""2026-05-20T11:21:31.000Z""","""2026-05-20T11:09:31.000Z""","""2026-05-20T11:21:31.000Z"""
361,113,64,773,,mixed,completed,6,6,3,5,13,"""2026-05-08T17:52:29.000Z""","""2026-05-08T18:01:29.000Z""","""2026-05-08T17:52:29.000Z""","""2026-05-08T18:01:29.000Z"""
362,113,190,2797,,topic,completed,10,10,5,10,22,"""2026-05-16T14:29:24.000Z""","""2026-05-16T14:52:24.000Z""","""2026-05-16T14:29:24.000Z""","""2026-05-16T14:52:24.000Z"""
363,113,72,897,,mistakes,completed,8,8,3,5,15,"""2026-05-10T13:56:33.000Z""","""2026-05-10T14:21:33.000Z""","""2026-05-10T13:56:33.000Z""","""2026-05-10T14:21:33.000Z"""
364,113,72,901,,weak_area,completed,10,10,5,7,19,"""2026-04-29T14:37:39.000Z""","""2026-04-29T14:45:39.000Z""","""2026-04-29T14:37:39.000Z""","""2026-04-29T14:45:39.000Z"""
365,113,129,1809,,weak_area,completed,9,9,2,3,19,"""2026-05-12T08:53:32.000Z""","""2026-05-12T09:16:32.000Z""","""2026-05-12T08:53:32.000Z""","""2026-05-12T09:16:32.000Z"""
366,113,7,79,,weak_area,completed,10,10,5,8,19,"""2026-06-10T17:31:03.000Z""","""2026-06-10T17:40:03.000Z""","""2026-06-10T17:31:03.000Z""","""2026-06-10T17:40:03.000Z"""
367,114,84,1101,,topic,completed,6,6,3,6,14,"""2026-06-10T12:16:03.000Z""","""2026-06-10T12:41:03.000Z""","""2026-06-10T12:16:03.000Z""","""2026-06-10T12:41:03.000Z"""
368,114,206,3041,,mistakes,completed,7,7,5,11,17,"""2026-05-26T17:43:58.000Z""","""2026-05-26T18:07:58.000Z""","""2026-05-26T17:43:58.000Z""","""2026-05-26T18:07:58.000Z"""
369,114,232,3461,,mistakes,completed,7,7,6,10,12,"""2026-05-04T13:18:18.000Z""","""2026-05-04T13:31:18.000Z""","""2026-05-04T13:18:18.000Z""","""2026-05-04T13:31:18.000Z"""
370,114,40,478,,mistakes,completed,6,6,3,7,13,"""2026-06-04T18:01:36.000Z""","""2026-06-04T18:13:36.000Z""","""2026-06-04T18:01:36.000Z""","""2026-06-04T18:13:36.000Z"""
371,114,84,1093,,mistakes,completed,8,8,1,2,18,"""2026-05-04T11:19:29.000Z""","""2026-05-04T11:33:29.000Z""","""2026-05-04T11:19:29.000Z""","""2026-05-04T11:33:29.000Z"""
372,114,84,1097,,mistakes,completed,10,10,2,3,21,"""2026-05-14T12:15:17.000Z""","""2026-05-14T12:24:17.000Z""","""2026-05-14T12:15:17.000Z""","""2026-05-14T12:24:17.000Z"""
373,115,131,1849,,mistakes,completed,6,6,2,3,11,"""2026-05-27T09:16:21.000Z""","""2026-05-27T09:34:21.000Z""","""2026-05-27T09:16:21.000Z""","""2026-05-27T09:34:21.000Z"""
374,115,156,2249,,mixed,completed,10,10,6,9,20,"""2026-04-30T18:27:49.000Z""","""2026-04-30T18:37:49.000Z""","""2026-04-30T18:27:49.000Z""","""2026-04-30T18:37:49.000Z"""
375,115,61,725,,mistakes,completed,10,10,4,5,16,"""2026-05-08T16:39:30.000Z""","""2026-05-08T17:04:30.000Z""","""2026-05-08T16:39:30.000Z""","""2026-05-08T17:04:30.000Z"""
376,115,51,601,,weak_area,completed,8,8,4,6,15,"""2026-05-20T09:43:42.000Z""","""2026-05-20T09:57:42.000Z""","""2026-05-20T09:43:42.000Z""","""2026-05-20T09:57:42.000Z"""
377,116,67,825,,topic,completed,8,8,3,7,18,"""2026-05-27T20:34:14.000Z""","""2026-05-27T20:48:14.000Z""","""2026-05-27T20:34:14.000Z""","""2026-05-27T20:48:14.000Z"""
378,116,107,1465,,mixed,completed,7,7,2,4,15,"""2026-05-15T17:30:57.000Z""","""2026-05-15T17:48:57.000Z""","""2026-05-15T17:30:57.000Z""","""2026-05-15T17:48:57.000Z"""
379,116,102,1377,,mixed,completed,10,10,4,9,21,"""2026-05-23T16:28:16.000Z""","""2026-05-23T16:47:16.000Z""","""2026-05-23T16:28:16.000Z""","""2026-05-23T16:47:16.000Z"""
380,116,97,1309,,weak_area,completed,7,7,2,4,13,"""2026-05-17T20:26:33.000Z""","""2026-05-17T20:51:33.000Z""","""2026-05-17T20:26:33.000Z""","""2026-05-17T20:51:33.000Z"""
381,116,125,1745,,topic,completed,10,10,4,9,19,"""2026-06-09T18:12:44.000Z""","""2026-06-09T18:23:44.000Z""","""2026-06-09T18:12:44.000Z""","""2026-06-09T18:23:44.000Z"""
382,117,105,1433,,weak_area,completed,10,10,4,5,18,"""2026-06-02T15:27:44.000Z""","""2026-06-02T15:38:44.000Z""","""2026-06-02T15:27:44.000Z""","""2026-06-02T15:38:44.000Z"""
383,117,205,3033,,mixed,completed,10,10,5,9,20,"""2026-06-12T16:55:14.000Z""","""2026-06-12T17:11:14.000Z""","""2026-06-12T16:55:14.000Z""","""2026-06-12T17:11:14.000Z"""
384,117,230,3429,,weak_area,completed,9,9,4,8,18,"""2026-04-29T16:08:53.000Z""","""2026-04-29T16:31:53.000Z""","""2026-04-29T16:08:53.000Z""","""2026-04-29T16:31:53.000Z"""
385,117,60,712,,mistakes,completed,6,6,2,4,9,"""2026-06-06T12:49:46.000Z""","""2026-06-06T13:11:46.000Z""","""2026-06-06T12:49:46.000Z""","""2026-06-06T13:11:46.000Z"""
386,117,141,2005,,mixed,completed,7,7,3,5,15,"""2026-05-30T14:34:45.000Z""","""2026-05-30T14:55:45.000Z""","""2026-05-30T14:34:45.000Z""","""2026-05-30T14:55:45.000Z"""
387,118,133,1881,,topic,completed,10,10,3,5,20,"""2026-05-13T10:16:08.000Z""","""2026-05-13T10:35:08.000Z""","""2026-05-13T10:16:08.000Z""","""2026-05-13T10:35:08.000Z"""
388,118,133,1873,,topic,completed,10,10,4,8,21,"""2026-05-01T15:34:39.000Z""","""2026-05-01T15:43:39.000Z""","""2026-05-01T15:34:39.000Z""","""2026-05-01T15:43:39.000Z"""
389,118,65,793,,topic,completed,6,6,4,8,13,"""2026-05-08T12:47:46.000Z""","""2026-05-08T12:56:46.000Z""","""2026-05-08T12:47:46.000Z""","""2026-05-08T12:56:46.000Z"""
390,118,141,2013,,weak_area,completed,8,8,5,9,15,"""2026-05-20T16:55:07.000Z""","""2026-05-20T17:17:07.000Z""","""2026-05-20T16:55:07.000Z""","""2026-05-20T17:17:07.000Z"""
391,118,175,2545,,weak_area,completed,9,9,9,18,18,"""2026-05-23T11:06:05.000Z""","""2026-05-23T11:28:05.000Z""","""2026-05-23T11:06:05.000Z""","""2026-05-23T11:28:05.000Z"""
392,119,57,673,,topic,completed,10,10,9,18,21,"""2026-06-03T15:10:05.000Z""","""2026-06-03T15:24:05.000Z""","""2026-06-03T15:10:05.000Z""","""2026-06-03T15:24:05.000Z"""
393,119,23,265,,mixed,completed,10,10,6,10,21,"""2026-05-21T18:22:37.000Z""","""2026-05-21T18:44:37.000Z""","""2026-05-21T18:22:37.000Z""","""2026-05-21T18:44:37.000Z"""
394,119,154,2213,,mixed,completed,7,7,2,3,13,"""2026-05-19T13:11:40.000Z""","""2026-05-19T13:19:40.000Z""","""2026-05-19T13:11:40.000Z""","""2026-05-19T13:19:40.000Z"""
395,119,159,2293,,topic,completed,7,7,3,6,14,"""2026-05-13T14:05:28.000Z""","""2026-05-13T14:20:28.000Z""","""2026-05-13T14:05:28.000Z""","""2026-05-13T14:20:28.000Z"""
396,120,30,355,,weak_area,completed,8,8,4,8,15,"""2026-05-28T10:28:50.000Z""","""2026-05-28T10:41:50.000Z""","""2026-05-28T10:28:50.000Z""","""2026-05-28T10:41:50.000Z"""
397,120,109,1493,,mistakes,completed,10,10,4,7,21,"""2026-06-01T11:34:49.000Z""","""2026-06-01T11:43:49.000Z""","""2026-06-01T11:34:49.000Z""","""2026-06-01T11:43:49.000Z"""
398,120,159,2289,,topic,completed,6,6,4,6,10,"""2026-04-28T20:06:33.000Z""","""2026-04-28T20:20:33.000Z""","""2026-04-28T20:06:33.000Z""","""2026-04-28T20:20:33.000Z"""
399,120,237,3537,,topic,completed,6,6,3,7,11,"""2026-05-25T10:14:55.000Z""","""2026-05-25T10:31:55.000Z""","""2026-05-25T10:14:55.000Z""","""2026-05-25T10:31:55.000Z"""
400,120,159,2289,,mistakes,completed,10,10,7,13,19,"""2026-05-30T20:24:14.000Z""","""2026-05-30T20:47:14.000Z""","""2026-05-30T20:24:14.000Z""","""2026-05-30T20:47:14.000Z"""
401,121,127,1785,,mixed,completed,7,7,5,7,11,"""2026-06-15T07:48:43.000Z""","""2026-06-15T08:09:43.000Z""","""2026-06-15T07:48:43.000Z""","""2026-06-15T08:09:43.000Z"""
402,121,1,1,,mixed,completed,9,9,5,12,21,"""2026-06-10T17:13:10.000Z""","""2026-06-10T17:32:10.000Z""","""2026-06-10T17:13:10.000Z""","""2026-06-10T17:32:10.000Z"""
403,121,20,232,,mixed,completed,6,6,2,3,13,"""2026-05-18T09:02:09.000Z""","""2026-05-18T09:12:09.000Z""","""2026-05-18T09:02:09.000Z""","""2026-05-18T09:12:09.000Z"""
404,121,12,142,,mixed,completed,10,10,7,15,23,"""2026-05-07T09:01:25.000Z""","""2026-05-07T09:16:25.000Z""","""2026-05-07T09:01:25.000Z""","""2026-05-07T09:16:25.000Z"""
405,122,33,385,,topic,completed,6,6,2,5,12,"""2026-05-21T12:19:26.000Z""","""2026-05-21T12:44:26.000Z""","""2026-05-21T12:19:26.000Z""","""2026-05-21T12:44:26.000Z"""
406,122,111,1529,,topic,completed,8,8,4,6,15,"""2026-05-25T15:08:27.000Z""","""2026-05-25T15:17:27.000Z""","""2026-05-25T15:08:27.000Z""","""2026-05-25T15:17:27.000Z"""
407,122,126,1773,,mistakes,completed,9,9,5,8,16,"""2026-05-27T21:09:49.000Z""","""2026-05-27T21:29:49.000Z""","""2026-05-27T21:09:49.000Z""","""2026-05-27T21:29:49.000Z"""
408,122,33,391,,mistakes,completed,10,10,8,16,22,"""2026-05-21T19:43:43.000Z""","""2026-05-21T20:07:43.000Z""","""2026-05-21T19:43:43.000Z""","""2026-05-21T20:07:43.000Z"""
409,122,126,1765,,weak_area,completed,6,6,1,2,12,"""2026-06-08T15:04:57.000Z""","""2026-06-08T15:23:57.000Z""","""2026-06-08T15:04:57.000Z""","""2026-06-08T15:23:57.000Z"""
410,123,231,3449,,mistakes,completed,6,6,5,7,9,"""2026-05-21T17:24:49.000Z""","""2026-05-21T17:40:49.000Z""","""2026-05-21T17:24:49.000Z""","""2026-05-21T17:40:49.000Z"""
411,123,114,1573,,mistakes,completed,9,9,5,8,17,"""2026-05-27T20:20:36.000Z""","""2026-05-27T20:31:36.000Z""","""2026-05-27T20:20:36.000Z""","""2026-05-27T20:31:36.000Z"""
412,123,46,541,,mistakes,completed,8,8,5,9,14,"""2026-05-18T14:27:33.000Z""","""2026-05-18T14:47:33.000Z""","""2026-05-18T14:27:33.000Z""","""2026-05-18T14:47:33.000Z"""
413,123,175,2549,,mistakes,completed,6,6,4,7,13,"""2026-05-19T11:49:31.000Z""","""2026-05-19T12:14:31.000Z""","""2026-05-19T11:49:31.000Z""","""2026-05-19T12:14:31.000Z"""
414,124,72,905,,mistakes,completed,8,8,5,11,17,"""2026-05-05T11:29:30.000Z""","""2026-05-05T11:37:30.000Z""","""2026-05-05T11:29:30.000Z""","""2026-05-05T11:37:30.000Z"""
415,124,139,1969,,weak_area,completed,9,9,3,6,19,"""2026-05-26T19:51:30.000Z""","""2026-05-26T20:06:30.000Z""","""2026-05-26T19:51:30.000Z""","""2026-05-26T20:06:30.000Z"""
416,124,72,905,,topic,completed,6,6,4,9,14,"""2026-05-19T15:25:36.000Z""","""2026-05-19T15:47:36.000Z""","""2026-05-19T15:25:36.000Z""","""2026-05-19T15:47:36.000Z"""
417,124,64,781,,mistakes,completed,7,7,7,13,13,"""2026-05-26T08:20:02.000Z""","""2026-05-26T08:31:02.000Z""","""2026-05-26T08:20:02.000Z""","""2026-05-26T08:31:02.000Z"""
418,124,8,94,,weak_area,completed,8,8,8,17,17,"""2026-06-09T16:06:51.000Z""","""2026-06-09T16:30:51.000Z""","""2026-06-09T16:06:51.000Z""","""2026-06-09T16:30:51.000Z"""
419,124,81,1049,,mistakes,completed,8,8,7,14,17,"""2026-05-29T14:00:59.000Z""","""2026-05-29T14:23:59.000Z""","""2026-05-29T14:00:59.000Z""","""2026-05-29T14:23:59.000Z"""
420,125,226,3369,,weak_area,completed,7,7,4,7,13,"""2026-05-31T18:56:30.000Z""","""2026-05-31T19:12:30.000Z""","""2026-05-31T18:56:30.000Z""","""2026-05-31T19:12:30.000Z"""
421,125,1,4,,mistakes,completed,7,7,2,5,15,"""2026-05-08T09:54:20.000Z""","""2026-05-08T10:11:20.000Z""","""2026-05-08T09:54:20.000Z""","""2026-05-08T10:11:20.000Z"""
422,125,137,1945,,mixed,completed,9,9,7,13,18,"""2026-04-29T12:34:14.000Z""","""2026-04-29T12:45:14.000Z""","""2026-04-29T12:34:14.000Z""","""2026-04-29T12:45:14.000Z"""
423,125,137,1945,,weak_area,completed,8,8,5,10,16,"""2026-05-16T12:35:36.000Z""","""2026-05-16T12:43:36.000Z""","""2026-05-16T12:35:36.000Z""","""2026-05-16T12:43:36.000Z"""
424,125,1,4,,mixed,completed,8,8,7,12,15,"""2026-05-29T15:47:42.000Z""","""2026-05-29T16:09:42.000Z""","""2026-05-29T15:47:42.000Z""","""2026-05-29T16:09:42.000Z"""
425,125,137,1941,,mixed,completed,6,6,5,7,9,"""2026-05-20T10:26:59.000Z""","""2026-05-20T10:38:59.000Z""","""2026-05-20T10:26:59.000Z""","""2026-05-20T10:38:59.000Z"""
426,126,45,532,,weak_area,completed,6,6,2,4,14,"""2026-06-09T17:30:51.000Z""","""2026-06-09T17:46:51.000Z""","""2026-06-09T17:30:51.000Z""","""2026-06-09T17:46:51.000Z"""
427,126,11,130,,weak_area,completed,9,9,5,10,21,"""2026-06-10T16:43:24.000Z""","""2026-06-10T16:58:24.000Z""","""2026-06-10T16:43:24.000Z""","""2026-06-10T16:58:24.000Z"""
428,126,49,583,,weak_area,completed,8,8,6,13,16,"""2026-06-11T15:57:23.000Z""","""2026-06-11T16:10:23.000Z""","""2026-06-11T15:57:23.000Z""","""2026-06-11T16:10:23.000Z"""
429,126,45,529,,mistakes,completed,8,8,7,12,14,"""2026-06-12T16:15:27.000Z""","""2026-06-12T16:40:27.000Z""","""2026-06-12T16:15:27.000Z""","""2026-06-12T16:40:27.000Z"""
430,126,11,121,,topic,completed,9,9,3,4,18,"""2026-06-11T10:53:24.000Z""","""2026-06-11T11:08:24.000Z""","""2026-06-11T10:53:24.000Z""","""2026-06-11T11:08:24.000Z"""
431,126,138,1965,,weak_area,completed,8,8,3,7,18,"""2026-06-05T20:13:37.000Z""","""2026-06-05T20:29:37.000Z""","""2026-06-05T20:13:37.000Z""","""2026-06-05T20:29:37.000Z"""
432,127,51,601,,mistakes,completed,10,10,6,13,22,"""2026-05-19T17:58:35.000Z""","""2026-05-19T18:17:35.000Z""","""2026-05-19T17:58:35.000Z""","""2026-05-19T18:17:35.000Z"""
433,127,34,406,,topic,completed,6,6,6,11,11,"""2026-05-05T11:36:18.000Z""","""2026-05-05T11:55:18.000Z""","""2026-05-05T11:36:18.000Z""","""2026-05-05T11:55:18.000Z"""
434,127,138,1953,,topic,completed,7,7,4,8,15,"""2026-04-30T10:01:32.000Z""","""2026-04-30T10:20:32.000Z""","""2026-04-30T10:01:32.000Z""","""2026-04-30T10:20:32.000Z"""
435,127,138,1957,,topic,completed,8,8,4,6,15,"""2026-06-12T08:18:24.000Z""","""2026-06-12T08:26:24.000Z""","""2026-06-12T08:18:24.000Z""","""2026-06-12T08:26:24.000Z"""
436,127,51,607,,weak_area,completed,7,7,2,3,13,"""2026-05-11T11:17:23.000Z""","""2026-05-11T11:31:23.000Z""","""2026-05-11T11:17:23.000Z""","""2026-05-11T11:31:23.000Z"""
437,127,34,397,,mistakes,completed,10,10,9,19,21,"""2026-05-09T12:06:53.000Z""","""2026-05-09T12:29:53.000Z""","""2026-05-09T12:06:53.000Z""","""2026-05-09T12:29:53.000Z"""
438,128,82,1061,,mixed,completed,7,7,3,7,16,"""2026-05-03T21:22:07.000Z""","""2026-05-03T21:47:07.000Z""","""2026-05-03T21:22:07.000Z""","""2026-05-03T21:47:07.000Z"""
439,128,1,7,,mistakes,completed,9,9,2,4,21,"""2026-06-01T18:23:02.000Z""","""2026-06-01T18:31:02.000Z""","""2026-06-01T18:23:02.000Z""","""2026-06-01T18:31:02.000Z"""
440,128,55,652,,mixed,completed,6,6,4,6,11,"""2026-05-17T10:40:43.000Z""","""2026-05-17T10:52:43.000Z""","""2026-05-17T10:40:43.000Z""","""2026-05-17T10:52:43.000Z"""
441,128,1,10,,mistakes,completed,6,6,2,3,13,"""2026-04-29T14:27:48.000Z""","""2026-04-29T14:35:48.000Z""","""2026-04-29T14:27:48.000Z""","""2026-04-29T14:35:48.000Z"""
442,128,29,340,,weak_area,completed,7,7,5,10,14,"""2026-05-12T21:29:58.000Z""","""2026-05-12T21:54:58.000Z""","""2026-05-12T21:29:58.000Z""","""2026-05-12T21:54:58.000Z"""
443,128,61,729,,mistakes,completed,9,9,6,9,17,"""2026-06-08T14:49:55.000Z""","""2026-06-08T14:58:55.000Z""","""2026-06-08T14:49:55.000Z""","""2026-06-08T14:58:55.000Z"""
444,129,126,1769,,mixed,completed,7,7,4,5,13,"""2026-05-26T13:25:57.000Z""","""2026-05-26T13:34:57.000Z""","""2026-05-26T13:25:57.000Z""","""2026-05-26T13:34:57.000Z"""
445,129,200,2949,,topic,completed,10,10,8,17,20,"""2026-05-27T16:35:58.000Z""","""2026-05-27T16:56:58.000Z""","""2026-05-27T16:35:58.000Z""","""2026-05-27T16:56:58.000Z"""
446,129,4,46,,topic,completed,9,9,9,19,19,"""2026-05-28T13:08:38.000Z""","""2026-05-28T13:24:38.000Z""","""2026-05-28T13:08:38.000Z""","""2026-05-28T13:24:38.000Z"""
447,129,200,2957,,mixed,completed,6,6,4,10,16,"""2026-05-29T08:30:05.000Z""","""2026-05-29T08:53:05.000Z""","""2026-05-29T08:30:05.000Z""","""2026-05-29T08:53:05.000Z"""
448,130,192,2817,,topic,completed,9,9,4,6,16,"""2026-06-13T16:09:13.000Z""","""2026-06-13T16:22:13.000Z""","""2026-06-13T16:09:13.000Z""","""2026-06-13T16:22:13.000Z"""
449,130,208,3085,,mixed,completed,10,10,7,13,20,"""2026-06-14T08:40:56.000Z""","""2026-06-14T08:56:56.000Z""","""2026-06-14T08:40:56.000Z""","""2026-06-14T08:56:56.000Z"""
450,130,63,753,,mixed,completed,9,9,6,11,18,"""2026-06-15T18:59:23.000Z""","""2026-06-15T19:19:23.000Z""","""2026-06-15T18:59:23.000Z""","""2026-06-15T19:19:23.000Z"""
451,130,231,3445,,mixed,completed,9,9,7,14,19,"""2026-05-08T13:38:44.000Z""","""2026-05-08T13:54:44.000Z""","""2026-05-08T13:38:44.000Z""","""2026-05-08T13:54:44.000Z"""
452,131,31,364,,mistakes,completed,9,9,7,10,16,"""2026-05-17T19:23:26.000Z""","""2026-05-17T19:48:26.000Z""","""2026-05-17T19:23:26.000Z""","""2026-05-17T19:48:26.000Z"""
453,131,131,1849,,mistakes,completed,8,8,4,7,16,"""2026-05-22T20:36:32.000Z""","""2026-05-22T20:52:32.000Z""","""2026-05-22T20:36:32.000Z""","""2026-05-22T20:52:32.000Z"""
454,131,131,1853,,weak_area,completed,6,6,2,4,11,"""2026-05-26T11:25:14.000Z""","""2026-05-26T11:48:14.000Z""","""2026-05-26T11:25:14.000Z""","""2026-05-26T11:48:14.000Z"""
455,131,137,1937,,mixed,completed,8,8,4,7,17,"""2026-05-15T18:13:09.000Z""","""2026-05-15T18:25:09.000Z""","""2026-05-15T18:13:09.000Z""","""2026-05-15T18:25:09.000Z"""
456,132,238,3553,,mixed,completed,9,9,5,12,20,"""2026-06-07T18:44:33.000Z""","""2026-06-07T19:04:33.000Z""","""2026-06-07T18:44:33.000Z""","""2026-06-07T19:04:33.000Z"""
457,132,52,619,,topic,completed,6,6,3,9,18,"""2026-06-12T10:52:32.000Z""","""2026-06-12T11:17:32.000Z""","""2026-06-12T10:52:32.000Z""","""2026-06-12T11:17:32.000Z"""
458,132,45,538,,mixed,completed,8,8,5,10,16,"""2026-05-10T19:54:58.000Z""","""2026-05-10T20:09:58.000Z""","""2026-05-10T19:54:58.000Z""","""2026-05-10T20:09:58.000Z"""
459,132,45,532,,topic,completed,6,6,3,3,9,"""2026-06-08T17:20:46.000Z""","""2026-06-08T17:39:46.000Z""","""2026-06-08T17:20:46.000Z""","""2026-06-08T17:39:46.000Z"""
460,133,165,2385,,weak_area,completed,7,7,6,13,16,"""2026-06-03T10:05:45.000Z""","""2026-06-03T10:24:45.000Z""","""2026-06-03T10:05:45.000Z""","""2026-06-03T10:24:45.000Z"""
461,133,228,3401,,mistakes,completed,6,6,4,8,13,"""2026-06-04T21:19:03.000Z""","""2026-06-04T21:36:03.000Z""","""2026-06-04T21:19:03.000Z""","""2026-06-04T21:36:03.000Z"""
462,133,150,2145,,weak_area,completed,7,7,5,9,13,"""2026-06-05T17:54:36.000Z""","""2026-06-05T18:14:36.000Z""","""2026-06-05T17:54:36.000Z""","""2026-06-05T18:14:36.000Z"""
463,133,109,1501,,mixed,completed,8,8,6,12,16,"""2026-05-22T17:25:56.000Z""","""2026-05-22T17:37:56.000Z""","""2026-05-22T17:25:56.000Z""","""2026-05-22T17:37:56.000Z"""
464,133,228,3401,,mistakes,completed,8,8,6,9,14,"""2026-06-09T08:50:54.000Z""","""2026-06-09T09:11:54.000Z""","""2026-06-09T08:50:54.000Z""","""2026-06-09T09:11:54.000Z"""
465,133,170,2465,,mistakes,completed,9,9,7,14,20,"""2026-05-18T13:37:04.000Z""","""2026-05-18T13:50:04.000Z""","""2026-05-18T13:37:04.000Z""","""2026-05-18T13:50:04.000Z"""
466,134,12,142,,weak_area,completed,6,6,6,9,9,"""2026-06-01T14:19:29.000Z""","""2026-06-01T14:44:29.000Z""","""2026-06-01T14:19:29.000Z""","""2026-06-01T14:44:29.000Z"""
467,134,49,580,,mistakes,completed,7,7,5,9,12,"""2026-05-15T21:20:49.000Z""","""2026-05-15T21:31:49.000Z""","""2026-05-15T21:20:49.000Z""","""2026-05-15T21:31:49.000Z"""
468,134,190,2793,,mixed,completed,8,8,8,15,15,"""2026-05-23T09:59:25.000Z""","""2026-05-23T10:15:25.000Z""","""2026-05-23T09:59:25.000Z""","""2026-05-23T10:15:25.000Z"""
469,134,127,1777,,topic,completed,6,6,3,5,13,"""2026-05-10T19:31:03.000Z""","""2026-05-10T19:55:03.000Z""","""2026-05-10T19:31:03.000Z""","""2026-05-10T19:55:03.000Z"""
470,134,12,142,,mistakes,completed,7,7,7,15,15,"""2026-06-12T18:44:53.000Z""","""2026-06-12T19:01:53.000Z""","""2026-06-12T18:44:53.000Z""","""2026-06-12T19:01:53.000Z"""
471,134,23,268,,mixed,completed,8,8,6,9,14,"""2026-05-04T21:16:14.000Z""","""2026-05-04T21:25:14.000Z""","""2026-05-04T21:16:14.000Z""","""2026-05-04T21:25:14.000Z"""
472,135,95,1273,,mixed,completed,6,6,3,4,13,"""2026-06-04T14:15:52.000Z""","""2026-06-04T14:24:52.000Z""","""2026-06-04T14:15:52.000Z""","""2026-06-04T14:24:52.000Z"""
473,135,121,1685,,weak_area,completed,7,7,1,3,16,"""2026-05-05T19:14:47.000Z""","""2026-05-05T19:22:47.000Z""","""2026-05-05T19:14:47.000Z""","""2026-05-05T19:22:47.000Z"""
474,135,224,3337,,mistakes,completed,9,9,2,3,16,"""2026-06-02T09:49:36.000Z""","""2026-06-02T10:09:36.000Z""","""2026-06-02T09:49:36.000Z""","""2026-06-02T10:09:36.000Z"""
475,135,64,769,,mixed,completed,9,9,6,12,18,"""2026-05-12T19:15:17.000Z""","""2026-05-12T19:25:17.000Z""","""2026-05-12T19:15:17.000Z""","""2026-05-12T19:25:17.000Z"""
476,136,13,151,,mistakes,completed,9,9,6,15,20,"""2026-05-13T10:09:14.000Z""","""2026-05-13T10:33:14.000Z""","""2026-05-13T10:09:14.000Z""","""2026-05-13T10:33:14.000Z"""
477,136,95,1269,,mixed,completed,8,8,4,7,16,"""2026-05-13T07:50:26.000Z""","""2026-05-13T08:13:26.000Z""","""2026-05-13T07:50:26.000Z""","""2026-05-13T08:13:26.000Z"""
478,136,13,154,,topic,completed,9,9,7,12,14,"""2026-05-10T12:00:39.000Z""","""2026-05-10T12:12:39.000Z""","""2026-05-10T12:00:39.000Z""","""2026-05-10T12:12:39.000Z"""
479,136,238,3557,,topic,completed,9,9,2,3,19,"""2026-05-22T17:43:31.000Z""","""2026-05-22T18:07:31.000Z""","""2026-05-22T17:43:31.000Z""","""2026-05-22T18:07:31.000Z"""
480,136,190,2785,,topic,completed,6,6,4,7,11,"""2026-04-30T21:17:46.000Z""","""2026-04-30T21:33:46.000Z""","""2026-04-30T21:17:46.000Z""","""2026-04-30T21:33:46.000Z"""
481,137,55,649,,weak_area,completed,6,6,5,8,9,"""2026-06-10T17:44:33.000Z""","""2026-06-10T18:04:33.000Z""","""2026-06-10T17:44:33.000Z""","""2026-06-10T18:04:33.000Z"""
482,137,220,3265,,topic,completed,10,10,7,14,21,"""2026-05-19T18:10:38.000Z""","""2026-05-19T18:24:38.000Z""","""2026-05-19T18:10:38.000Z""","""2026-05-19T18:24:38.000Z"""
483,137,28,331,,mistakes,completed,7,7,6,11,14,"""2026-04-29T18:32:49.000Z""","""2026-04-29T18:54:49.000Z""","""2026-04-29T18:32:49.000Z""","""2026-04-29T18:54:49.000Z"""
484,137,28,325,,mixed,completed,8,8,5,12,18,"""2026-05-25T12:34:00.000Z""","""2026-05-25T12:42:00.000Z""","""2026-05-25T12:34:00.000Z""","""2026-05-25T12:42:00.000Z"""
485,138,144,2061,,topic,completed,7,7,3,6,16,"""2026-05-29T16:06:32.000Z""","""2026-05-29T16:30:32.000Z""","""2026-05-29T16:06:32.000Z""","""2026-05-29T16:30:32.000Z"""
486,138,144,2057,,mistakes,completed,10,10,3,6,20,"""2026-05-17T15:30:50.000Z""","""2026-05-17T15:48:50.000Z""","""2026-05-17T15:30:50.000Z""","""2026-05-17T15:48:50.000Z"""
487,138,81,1045,,weak_area,completed,7,7,3,5,13,"""2026-05-14T14:16:56.000Z""","""2026-05-14T14:29:56.000Z""","""2026-05-14T14:16:56.000Z""","""2026-05-14T14:29:56.000Z"""
488,138,144,2061,,mistakes,completed,7,7,2,3,14,"""2026-05-13T11:06:19.000Z""","""2026-05-13T11:17:19.000Z""","""2026-05-13T11:06:19.000Z""","""2026-05-13T11:17:19.000Z"""
489,139,40,475,,mistakes,completed,9,9,6,11,17,"""2026-05-23T12:09:54.000Z""","""2026-05-23T12:27:54.000Z""","""2026-05-23T12:09:54.000Z""","""2026-05-23T12:27:54.000Z"""
490,139,130,1829,,mixed,completed,7,7,2,6,14,"""2026-05-24T17:18:29.000Z""","""2026-05-24T17:26:29.000Z""","""2026-05-24T17:18:29.000Z""","""2026-05-24T17:26:29.000Z"""
491,139,40,469,,weak_area,completed,8,8,6,12,16,"""2026-05-30T16:02:31.000Z""","""2026-05-30T16:14:31.000Z""","""2026-05-30T16:02:31.000Z""","""2026-05-30T16:14:31.000Z"""
492,139,34,406,,weak_area,completed,10,10,2,3,17,"""2026-05-21T19:06:49.000Z""","""2026-05-21T19:26:49.000Z""","""2026-05-21T19:06:49.000Z""","""2026-05-21T19:26:49.000Z"""
493,140,157,2257,,weak_area,completed,9,9,9,19,19,"""2026-06-16T15:57:11.000Z""","""2026-06-16T16:21:11.000Z""","""2026-06-16T15:57:11.000Z""","""2026-06-16T16:21:11.000Z"""
494,140,120,1677,,weak_area,completed,9,9,6,11,19,"""2026-06-17T20:03:07.000Z""","""2026-06-17T20:17:07.000Z""","""2026-06-17T20:03:07.000Z""","""2026-06-17T20:17:07.000Z"""
495,140,120,1665,,weak_area,completed,10,10,8,17,21,"""2026-06-18T21:03:01.000Z""","""2026-06-18T21:12:01.000Z""","""2026-06-18T21:03:01.000Z""","""2026-06-18T21:12:01.000Z"""
496,140,21,244,,topic,completed,9,9,7,13,18,"""2026-06-19T10:45:43.000Z""","""2026-06-19T11:07:43.000Z""","""2026-06-19T10:45:43.000Z""","""2026-06-19T11:07:43.000Z"""
497,141,138,1965,,mixed,completed,6,6,5,9,11,"""2026-06-08T20:15:30.000Z""","""2026-06-08T20:36:30.000Z""","""2026-06-08T20:15:30.000Z""","""2026-06-08T20:36:30.000Z"""
498,141,51,601,,topic,completed,6,6,5,10,11,"""2026-06-09T21:31:36.000Z""","""2026-06-09T21:56:36.000Z""","""2026-06-09T21:31:36.000Z""","""2026-06-09T21:56:36.000Z"""
499,141,100,1357,,mixed,completed,7,7,6,10,13,"""2026-06-10T08:50:58.000Z""","""2026-06-10T09:10:58.000Z""","""2026-06-10T08:50:58.000Z""","""2026-06-10T09:10:58.000Z"""
500,141,233,3473,,weak_area,completed,7,7,6,10,12,"""2026-06-11T20:06:28.000Z""","""2026-06-11T20:14:28.000Z""","""2026-06-11T20:06:28.000Z""","""2026-06-11T20:14:28.000Z"""
501,141,84,1089,,mixed,completed,6,6,5,11,13,"""2026-05-01T09:01:57.000Z""","""2026-05-01T09:23:57.000Z""","""2026-05-01T09:01:57.000Z""","""2026-05-01T09:23:57.000Z"""
502,141,104,1413,,mistakes,completed,10,10,5,9,19,"""2026-06-04T10:00:54.000Z""","""2026-06-04T10:20:54.000Z""","""2026-06-04T10:00:54.000Z""","""2026-06-04T10:20:54.000Z"""
503,142,69,857,,weak_area,completed,8,8,4,9,18,"""2026-05-14T16:18:25.000Z""","""2026-05-14T16:35:25.000Z""","""2026-05-14T16:18:25.000Z""","""2026-05-14T16:35:25.000Z"""
504,142,123,1713,,mixed,completed,7,7,2,2,15,"""2026-05-15T19:55:35.000Z""","""2026-05-15T20:06:35.000Z""","""2026-05-15T19:55:35.000Z""","""2026-05-15T20:06:35.000Z"""
505,142,200,2945,,weak_area,completed,6,6,5,8,11,"""2026-05-13T12:44:59.000Z""","""2026-05-13T13:07:59.000Z""","""2026-05-13T12:44:59.000Z""","""2026-05-13T13:07:59.000Z"""
506,142,45,535,,weak_area,completed,9,9,7,14,19,"""2026-05-24T17:45:33.000Z""","""2026-05-24T18:06:33.000Z""","""2026-05-24T17:45:33.000Z""","""2026-05-24T18:06:33.000Z"""
507,143,23,265,,mixed,completed,7,7,1,3,16,"""2026-05-13T12:59:39.000Z""","""2026-05-13T13:16:39.000Z""","""2026-05-13T12:59:39.000Z""","""2026-05-13T13:16:39.000Z"""
508,143,159,2289,,weak_area,completed,10,10,5,9,19,"""2026-05-08T20:06:51.000Z""","""2026-05-08T20:14:51.000Z""","""2026-05-08T20:06:51.000Z""","""2026-05-08T20:14:51.000Z"""
509,143,159,2293,,mixed,completed,8,8,3,4,17,"""2026-05-15T20:38:31.000Z""","""2026-05-15T20:53:31.000Z""","""2026-05-15T20:38:31.000Z""","""2026-05-15T20:53:31.000Z"""
510,143,144,2057,,weak_area,completed,6,6,5,12,14,"""2026-05-20T21:04:52.000Z""","""2026-05-20T21:14:52.000Z""","""2026-05-20T21:04:52.000Z""","""2026-05-20T21:14:52.000Z"""
511,143,23,265,,mixed,completed,10,10,7,13,20,"""2026-05-01T11:19:45.000Z""","""2026-05-01T11:35:45.000Z""","""2026-05-01T11:19:45.000Z""","""2026-05-01T11:35:45.000Z"""
512,144,70,869,,mixed,completed,8,8,8,17,17,"""2026-06-09T21:10:50.000Z""","""2026-06-09T21:30:50.000Z""","""2026-06-09T21:10:50.000Z""","""2026-06-09T21:30:50.000Z"""
513,144,233,3481,,mixed,completed,9,9,6,11,18,"""2026-06-10T20:59:29.000Z""","""2026-06-10T21:19:29.000Z""","""2026-06-10T20:59:29.000Z""","""2026-06-10T21:19:29.000Z"""
514,144,55,658,,mistakes,completed,9,9,7,14,19,"""2026-05-19T08:47:58.000Z""","""2026-05-19T09:08:58.000Z""","""2026-05-19T08:47:58.000Z""","""2026-05-19T09:08:58.000Z"""
515,144,2,19,,weak_area,completed,9,9,6,8,15,"""2026-04-28T15:06:06.000Z""","""2026-04-28T15:17:06.000Z""","""2026-04-28T15:06:06.000Z""","""2026-04-28T15:17:06.000Z"""
516,144,25,295,,mistakes,completed,7,7,7,13,13,"""2026-05-13T17:32:30.000Z""","""2026-05-13T17:42:30.000Z""","""2026-05-13T17:32:30.000Z""","""2026-05-13T17:42:30.000Z"""
517,144,70,877,,weak_area,completed,10,10,9,15,17,"""2026-05-22T18:32:56.000Z""","""2026-05-22T18:41:56.000Z""","""2026-05-22T18:32:56.000Z""","""2026-05-22T18:41:56.000Z"""
518,145,61,729,,weak_area,completed,8,8,7,15,17,"""2026-05-26T19:53:05.000Z""","""2026-05-26T20:03:05.000Z""","""2026-05-26T19:53:05.000Z""","""2026-05-26T20:03:05.000Z"""
519,145,70,877,,mixed,completed,8,8,7,15,18,"""2026-05-27T08:24:56.000Z""","""2026-05-27T08:45:56.000Z""","""2026-05-27T08:24:56.000Z""","""2026-05-27T08:45:56.000Z"""
520,145,70,865,,mistakes,completed,7,7,6,12,15,"""2026-05-28T15:37:32.000Z""","""2026-05-28T15:58:32.000Z""","""2026-05-28T15:37:32.000Z""","""2026-05-28T15:58:32.000Z"""
521,145,12,142,,mixed,completed,8,8,7,15,18,"""2026-05-04T13:06:39.000Z""","""2026-05-04T13:22:39.000Z""","""2026-05-04T13:06:39.000Z""","""2026-05-04T13:22:39.000Z"""
522,146,102,1377,,topic,completed,7,7,6,12,15,"""2026-06-08T09:31:32.000Z""","""2026-06-08T09:54:32.000Z""","""2026-06-08T09:31:32.000Z""","""2026-06-08T09:54:32.000Z"""
523,146,235,3509,,weak_area,completed,10,10,6,10,20,"""2026-05-10T10:46:58.000Z""","""2026-05-10T11:01:58.000Z""","""2026-05-10T10:46:58.000Z""","""2026-05-10T11:01:58.000Z"""
524,146,82,1061,,topic,completed,9,9,7,11,16,"""2026-05-12T14:27:04.000Z""","""2026-05-12T14:47:04.000Z""","""2026-05-12T14:27:04.000Z""","""2026-05-12T14:47:04.000Z"""
525,146,237,3545,,weak_area,completed,8,8,5,8,15,"""2026-06-11T10:24:39.000Z""","""2026-06-11T10:35:39.000Z""","""2026-06-11T10:24:39.000Z""","""2026-06-11T10:35:39.000Z"""
526,146,235,3509,,mistakes,completed,9,9,7,14,17,"""2026-05-22T20:30:19.000Z""","""2026-05-22T20:45:19.000Z""","""2026-05-22T20:30:19.000Z""","""2026-05-22T20:45:19.000Z"""
527,146,235,3505,,mixed,completed,10,10,7,14,21,"""2026-06-08T13:56:39.000Z""","""2026-06-08T14:17:39.000Z""","""2026-06-08T13:56:39.000Z""","""2026-06-08T14:17:39.000Z"""
528,147,13,145,,topic,completed,10,10,2,5,25,"""2026-05-15T21:25:21.000Z""","""2026-05-15T21:49:21.000Z""","""2026-05-15T21:25:21.000Z""","""2026-05-15T21:49:21.000Z"""
529,147,68,833,,mistakes,completed,7,7,3,5,16,"""2026-05-16T13:50:29.000Z""","""2026-05-16T13:58:29.000Z""","""2026-05-16T13:50:29.000Z""","""2026-05-16T13:58:29.000Z"""
530,147,120,1677,,mistakes,completed,9,9,5,11,20,"""2026-05-17T11:02:34.000Z""","""2026-05-17T11:13:34.000Z""","""2026-05-17T11:02:34.000Z""","""2026-05-17T11:13:34.000Z"""
531,147,13,154,,weak_area,completed,9,9,5,7,15,"""2026-06-01T10:38:24.000Z""","""2026-06-01T10:52:24.000Z""","""2026-06-01T10:38:24.000Z""","""2026-06-01T10:52:24.000Z"""
532,148,51,610,,weak_area,completed,6,6,3,5,11,"""2026-06-02T13:18:30.000Z""","""2026-06-02T13:36:30.000Z""","""2026-06-02T13:18:30.000Z""","""2026-06-02T13:36:30.000Z"""
533,148,172,2501,,weak_area,completed,7,7,5,10,15,"""2026-05-14T08:02:10.000Z""","""2026-05-14T08:22:10.000Z""","""2026-05-14T08:02:10.000Z""","""2026-05-14T08:22:10.000Z"""
534,148,153,2193,,topic,completed,8,8,7,14,16,"""2026-05-28T20:58:14.000Z""","""2026-05-28T21:07:14.000Z""","""2026-05-28T20:58:14.000Z""","""2026-05-28T21:07:14.000Z"""
535,148,25,289,,mistakes,completed,8,8,6,12,17,"""2026-05-31T07:37:23.000Z""","""2026-05-31T08:01:23.000Z""","""2026-05-31T07:37:23.000Z""","""2026-05-31T08:01:23.000Z"""
536,148,14,157,,weak_area,completed,10,10,7,15,22,"""2026-05-06T10:06:30.000Z""","""2026-05-06T10:29:30.000Z""","""2026-05-06T10:06:30.000Z""","""2026-05-06T10:29:30.000Z"""
537,149,152,2177,,topic,completed,10,10,9,15,17,"""2026-06-08T20:44:20.000Z""","""2026-06-08T20:55:20.000Z""","""2026-06-08T20:44:20.000Z""","""2026-06-08T20:55:20.000Z"""
538,149,70,869,,mixed,completed,9,9,6,12,18,"""2026-05-13T19:25:09.000Z""","""2026-05-13T19:39:09.000Z""","""2026-05-13T19:25:09.000Z""","""2026-05-13T19:39:09.000Z"""
539,149,148,2117,,topic,completed,8,8,4,6,15,"""2026-05-01T12:39:19.000Z""","""2026-05-01T13:00:19.000Z""","""2026-05-01T12:39:19.000Z""","""2026-05-01T13:00:19.000Z"""
540,149,9,106,,weak_area,completed,7,7,2,4,14,"""2026-06-09T19:54:25.000Z""","""2026-06-09T20:17:25.000Z""","""2026-06-09T19:54:25.000Z""","""2026-06-09T20:17:25.000Z"""
541,150,163,2353,,mistakes,completed,8,8,2,5,19,"""2026-05-19T21:29:37.000Z""","""2026-05-19T21:39:37.000Z""","""2026-05-19T21:29:37.000Z""","""2026-05-19T21:39:37.000Z"""
542,150,109,1501,,mistakes,completed,6,6,3,6,13,"""2026-05-20T12:23:15.000Z""","""2026-05-20T12:36:15.000Z""","""2026-05-20T12:23:15.000Z""","""2026-05-20T12:36:15.000Z"""
543,150,8,94,,mixed,completed,6,6,4,6,10,"""2026-05-21T18:13:24.000Z""","""2026-05-21T18:30:24.000Z""","""2026-05-21T18:13:24.000Z""","""2026-05-21T18:30:24.000Z"""
544,150,163,2357,,mistakes,completed,10,10,5,11,22,"""2026-05-11T15:07:35.000Z""","""2026-05-11T15:21:35.000Z""","""2026-05-11T15:07:35.000Z""","""2026-05-11T15:21:35.000Z"""
545,151,208,3081,,weak_area,completed,9,9,7,13,17,"""2026-05-11T11:27:09.000Z""","""2026-05-11T11:41:09.000Z""","""2026-05-11T11:27:09.000Z""","""2026-05-11T11:41:09.000Z"""
546,151,100,1357,,mistakes,completed,10,10,9,15,17,"""2026-06-11T17:57:25.000Z""","""2026-06-11T18:05:25.000Z""","""2026-06-11T17:57:25.000Z""","""2026-06-11T18:05:25.000Z"""
547,151,45,535,,topic,completed,6,6,5,10,13,"""2026-04-29T13:07:35.000Z""","""2026-04-29T13:25:35.000Z""","""2026-04-29T13:07:35.000Z""","""2026-04-29T13:25:35.000Z"""
548,151,68,837,,topic,completed,8,8,8,16,16,"""2026-05-20T08:33:28.000Z""","""2026-05-20T08:46:28.000Z""","""2026-05-20T08:33:28.000Z""","""2026-05-20T08:46:28.000Z"""
549,151,94,1253,,mixed,completed,9,9,7,12,16,"""2026-05-24T14:07:34.000Z""","""2026-05-24T14:22:34.000Z""","""2026-05-24T14:07:34.000Z""","""2026-05-24T14:22:34.000Z"""
550,152,144,2057,,mistakes,completed,8,8,4,8,16,"""2026-05-28T14:38:26.000Z""","""2026-05-28T14:48:26.000Z""","""2026-05-28T14:38:26.000Z""","""2026-05-28T14:48:26.000Z"""
551,152,144,2049,,mixed,completed,9,9,2,2,16,"""2026-06-08T09:22:25.000Z""","""2026-06-08T09:33:25.000Z""","""2026-06-08T09:22:25.000Z""","""2026-06-08T09:33:25.000Z"""
552,152,240,3589,,topic,completed,9,9,5,8,18,"""2026-05-20T08:47:18.000Z""","""2026-05-20T09:00:18.000Z""","""2026-05-20T08:47:18.000Z""","""2026-05-20T09:00:18.000Z"""
553,152,22,256,,mixed,completed,6,6,3,6,14,"""2026-06-09T12:39:26.000Z""","""2026-06-09T12:54:26.000Z""","""2026-06-09T12:39:26.000Z""","""2026-06-09T12:54:26.000Z"""
554,153,83,1073,,mistakes,completed,6,6,4,6,10,"""2026-05-24T13:37:42.000Z""","""2026-05-24T13:53:42.000Z""","""2026-05-24T13:37:42.000Z""","""2026-05-24T13:53:42.000Z"""
555,153,164,2373,,mixed,completed,7,7,0,0,17,"""2026-06-07T10:52:21.000Z""","""2026-06-07T11:05:21.000Z""","""2026-06-07T10:52:21.000Z""","""2026-06-07T11:05:21.000Z"""
556,153,69,849,,mistakes,completed,7,7,3,5,16,"""2026-05-24T20:33:32.000Z""","""2026-05-24T20:45:32.000Z""","""2026-05-24T20:33:32.000Z""","""2026-05-24T20:45:32.000Z"""
557,153,4,40,,weak_area,completed,9,9,2,2,19,"""2026-05-01T09:51:35.000Z""","""2026-05-01T10:03:35.000Z""","""2026-05-01T09:51:35.000Z""","""2026-05-01T10:03:35.000Z"""
558,154,187,2741,,weak_area,completed,7,7,5,8,14,"""2026-05-29T12:42:39.000Z""","""2026-05-29T13:06:39.000Z""","""2026-05-29T12:42:39.000Z""","""2026-05-29T13:06:39.000Z"""
559,154,22,253,,mixed,completed,6,6,1,2,14,"""2026-05-30T12:28:37.000Z""","""2026-05-30T12:52:37.000Z""","""2026-05-30T12:28:37.000Z""","""2026-05-30T12:52:37.000Z"""
560,154,17,193,,topic,completed,7,7,5,11,17,"""2026-05-11T20:02:28.000Z""","""2026-05-11T20:13:28.000Z""","""2026-05-11T20:02:28.000Z""","""2026-05-11T20:13:28.000Z"""
561,154,83,1077,,topic,completed,8,8,3,7,18,"""2026-05-07T21:29:06.000Z""","""2026-05-07T21:49:06.000Z""","""2026-05-07T21:29:06.000Z""","""2026-05-07T21:49:06.000Z"""
562,154,25,298,,weak_area,completed,6,6,1,1,12,"""2026-05-27T20:05:34.000Z""","""2026-05-27T20:20:34.000Z""","""2026-05-27T20:05:34.000Z""","""2026-05-27T20:20:34.000Z"""
563,155,131,1841,,mixed,completed,6,6,2,3,13,"""2026-05-24T20:32:37.000Z""","""2026-05-24T20:50:37.000Z""","""2026-05-24T20:32:37.000Z""","""2026-05-24T20:50:37.000Z"""
564,155,105,1429,,topic,completed,8,8,4,6,16,"""2026-05-06T19:00:42.000Z""","""2026-05-06T19:10:42.000Z""","""2026-05-06T19:00:42.000Z""","""2026-05-06T19:10:42.000Z"""
565,155,7,79,,mistakes,completed,7,7,4,6,14,"""2026-05-27T09:01:33.000Z""","""2026-05-27T09:18:33.000Z""","""2026-05-27T09:01:33.000Z""","""2026-05-27T09:18:33.000Z"""
566,155,95,1269,,mistakes,completed,10,10,3,5,18,"""2026-05-04T17:20:39.000Z""","""2026-05-04T17:45:39.000Z""","""2026-05-04T17:20:39.000Z""","""2026-05-04T17:45:39.000Z"""
567,155,137,1945,,mixed,completed,6,6,3,5,13,"""2026-05-23T19:41:39.000Z""","""2026-05-23T20:04:39.000Z""","""2026-05-23T19:41:39.000Z""","""2026-05-23T20:04:39.000Z"""
568,156,160,2305,,weak_area,completed,9,9,7,12,15,"""2026-05-20T17:54:00.000Z""","""2026-05-20T18:07:00.000Z""","""2026-05-20T17:54:00.000Z""","""2026-05-20T18:07:00.000Z"""
569,156,167,2417,,mixed,completed,7,7,3,6,15,"""2026-05-21T11:13:03.000Z""","""2026-05-21T11:22:03.000Z""","""2026-05-21T11:13:03.000Z""","""2026-05-21T11:22:03.000Z"""
570,156,83,1077,,topic,completed,7,7,6,13,16,"""2026-05-30T21:03:18.000Z""","""2026-05-30T21:23:18.000Z""","""2026-05-30T21:03:18.000Z""","""2026-05-30T21:23:18.000Z"""
571,156,107,1461,,mistakes,completed,9,9,8,17,19,"""2026-06-09T14:14:32.000Z""","""2026-06-09T14:37:32.000Z""","""2026-06-09T14:14:32.000Z""","""2026-06-09T14:37:32.000Z"""
572,156,107,1465,,mistakes,completed,8,8,7,13,16,"""2026-06-06T09:35:07.000Z""","""2026-06-06T09:43:07.000Z""","""2026-06-06T09:35:07.000Z""","""2026-06-06T09:43:07.000Z"""
573,156,208,3073,,mistakes,completed,7,7,3,4,12,"""2026-05-22T16:58:17.000Z""","""2026-05-22T17:08:17.000Z""","""2026-05-22T16:58:17.000Z""","""2026-05-22T17:08:17.000Z"""
574,157,239,3569,,weak_area,completed,7,7,5,10,13,"""2026-05-13T20:09:53.000Z""","""2026-05-13T20:32:53.000Z""","""2026-05-13T20:09:53.000Z""","""2026-05-13T20:32:53.000Z"""
575,157,239,3577,,topic,completed,10,10,3,5,18,"""2026-04-30T09:07:39.000Z""","""2026-04-30T09:30:39.000Z""","""2026-04-30T09:07:39.000Z""","""2026-04-30T09:30:39.000Z"""
576,157,224,3333,,mixed,completed,7,7,5,10,16,"""2026-06-10T08:21:33.000Z""","""2026-06-10T08:33:33.000Z""","""2026-06-10T08:21:33.000Z""","""2026-06-10T08:33:33.000Z"""
577,157,138,1953,,mixed,completed,9,9,6,9,15,"""2026-05-30T17:55:33.000Z""","""2026-05-30T18:17:33.000Z""","""2026-05-30T17:55:33.000Z""","""2026-05-30T18:17:33.000Z"""
578,157,138,1965,,mixed,completed,10,10,6,13,23,"""2026-05-25T18:41:52.000Z""","""2026-05-25T18:53:52.000Z""","""2026-05-25T18:41:52.000Z""","""2026-05-25T18:53:52.000Z"""
579,158,56,670,,weak_area,completed,10,10,7,13,20,"""2026-06-13T16:10:34.000Z""","""2026-06-13T16:19:34.000Z""","""2026-06-13T16:10:34.000Z""","""2026-06-13T16:19:34.000Z"""
580,158,132,1865,,topic,completed,7,7,4,8,15,"""2026-06-14T18:38:59.000Z""","""2026-06-14T18:59:59.000Z""","""2026-06-14T18:38:59.000Z""","""2026-06-14T18:59:59.000Z"""
581,158,53,631,,topic,completed,7,7,5,11,15,"""2026-06-11T19:28:52.000Z""","""2026-06-11T19:46:52.000Z""","""2026-06-11T19:28:52.000Z""","""2026-06-11T19:46:52.000Z"""
582,158,18,208,,topic,completed,7,7,6,11,12,"""2026-05-01T16:26:36.000Z""","""2026-05-01T16:50:36.000Z""","""2026-05-01T16:26:36.000Z""","""2026-05-01T16:50:36.000Z"""
583,158,148,2125,,mixed,completed,6,6,5,9,11,"""2026-05-27T09:38:26.000Z""","""2026-05-27T10:01:26.000Z""","""2026-05-27T09:38:26.000Z""","""2026-05-27T10:01:26.000Z"""
584,159,150,2149,,mistakes,completed,7,7,1,2,14,"""2026-05-01T20:22:47.000Z""","""2026-05-01T20:38:47.000Z""","""2026-05-01T20:22:47.000Z""","""2026-05-01T20:38:47.000Z"""
585,159,97,1309,,topic,completed,10,10,4,4,19,"""2026-05-22T16:43:16.000Z""","""2026-05-22T16:57:16.000Z""","""2026-05-22T16:43:16.000Z""","""2026-05-22T16:57:16.000Z"""
586,159,120,1665,,weak_area,completed,7,7,3,5,14,"""2026-05-23T08:24:25.000Z""","""2026-05-23T08:36:25.000Z""","""2026-05-23T08:24:25.000Z""","""2026-05-23T08:36:25.000Z"""
587,159,183,2681,,weak_area,completed,7,7,3,6,16,"""2026-06-04T18:01:46.000Z""","""2026-06-04T18:13:46.000Z""","""2026-06-04T18:01:46.000Z""","""2026-06-04T18:13:46.000Z"""
588,159,150,2145,,weak_area,completed,7,7,3,6,14,"""2026-05-22T15:45:41.000Z""","""2026-05-22T15:56:41.000Z""","""2026-05-22T15:45:41.000Z""","""2026-05-22T15:56:41.000Z"""
589,160,225,3345,,topic,completed,7,7,4,6,14,"""2026-05-01T14:22:58.000Z""","""2026-05-01T14:45:58.000Z""","""2026-05-01T14:22:58.000Z""","""2026-05-01T14:45:58.000Z"""
590,160,227,3377,,weak_area,completed,6,6,4,9,12,"""2026-05-06T12:51:35.000Z""","""2026-05-06T13:02:35.000Z""","""2026-05-06T12:51:35.000Z""","""2026-05-06T13:02:35.000Z"""
591,160,49,583,,mixed,completed,10,10,5,10,21,"""2026-06-08T07:52:53.000Z""","""2026-06-08T08:05:53.000Z""","""2026-06-08T07:52:53.000Z""","""2026-06-08T08:05:53.000Z"""
592,160,225,3345,,mistakes,completed,8,8,6,11,16,"""2026-05-09T12:06:55.000Z""","""2026-05-09T12:28:55.000Z""","""2026-05-09T12:06:55.000Z""","""2026-05-09T12:28:55.000Z"""
593,160,225,3349,,mistakes,completed,9,9,5,9,16,"""2026-05-22T15:04:47.000Z""","""2026-05-22T15:18:47.000Z""","""2026-05-22T15:04:47.000Z""","""2026-05-22T15:18:47.000Z"""
594,160,225,3349,,mistakes,completed,9,9,7,13,16,"""2026-05-25T08:01:16.000Z""","""2026-05-25T08:09:16.000Z""","""2026-05-25T08:01:16.000Z""","""2026-05-25T08:09:16.000Z"""
595,161,53,634,,weak_area,completed,9,9,7,17,20,"""2026-05-27T17:58:19.000Z""","""2026-05-27T18:19:19.000Z""","""2026-05-27T17:58:19.000Z""","""2026-05-27T18:19:19.000Z"""
596,161,140,1993,,mistakes,completed,8,8,2,3,19,"""2026-05-28T15:22:44.000Z""","""2026-05-28T15:39:44.000Z""","""2026-05-28T15:22:44.000Z""","""2026-05-28T15:39:44.000Z"""
597,161,71,885,,mixed,completed,10,10,7,15,20,"""2026-05-29T14:31:44.000Z""","""2026-05-29T14:54:44.000Z""","""2026-05-29T14:31:44.000Z""","""2026-05-29T14:54:44.000Z"""
598,161,107,1461,,topic,completed,8,8,5,11,20,"""2026-05-30T16:22:02.000Z""","""2026-05-30T16:40:02.000Z""","""2026-05-30T16:22:02.000Z""","""2026-05-30T16:40:02.000Z"""
599,161,144,2049,,mistakes,completed,10,10,2,2,21,"""2026-05-31T12:24:17.000Z""","""2026-05-31T12:40:17.000Z""","""2026-05-31T12:24:17.000Z""","""2026-05-31T12:40:17.000Z"""
600,161,140,1989,,weak_area,completed,9,9,1,2,22,"""2026-06-05T09:06:57.000Z""","""2026-06-05T09:27:57.000Z""","""2026-06-05T09:06:57.000Z""","""2026-06-05T09:27:57.000Z"""
601,162,8,91,,mistakes,completed,9,9,4,8,18,"""2026-05-18T19:08:54.000Z""","""2026-05-18T19:16:54.000Z""","""2026-05-18T19:08:54.000Z""","""2026-05-18T19:16:54.000Z"""
602,162,67,825,,weak_area,completed,6,6,4,6,10,"""2026-04-30T20:52:01.000Z""","""2026-04-30T21:13:01.000Z""","""2026-04-30T20:52:01.000Z""","""2026-04-30T21:13:01.000Z"""
603,162,8,94,,mixed,completed,7,7,3,5,13,"""2026-05-07T18:52:01.000Z""","""2026-05-07T19:09:01.000Z""","""2026-05-07T18:52:01.000Z""","""2026-05-07T19:09:01.000Z"""
604,162,72,905,,mixed,completed,6,6,3,6,14,"""2026-05-18T11:26:14.000Z""","""2026-05-18T11:47:14.000Z""","""2026-05-18T11:26:14.000Z""","""2026-05-18T11:47:14.000Z"""
605,163,125,1749,,mixed,completed,6,6,2,4,12,"""2026-05-11T11:13:13.000Z""","""2026-05-11T11:25:13.000Z""","""2026-05-11T11:13:13.000Z""","""2026-05-11T11:25:13.000Z"""
606,163,201,2969,,mixed,completed,9,9,6,10,17,"""2026-05-12T12:54:57.000Z""","""2026-05-12T13:17:57.000Z""","""2026-05-12T12:54:57.000Z""","""2026-05-12T13:17:57.000Z"""
607,163,141,2001,,mixed,completed,6,6,4,9,13,"""2026-06-05T18:21:46.000Z""","""2026-06-05T18:37:46.000Z""","""2026-06-05T18:21:46.000Z""","""2026-06-05T18:37:46.000Z"""
608,163,33,394,,mixed,completed,8,8,6,9,14,"""2026-06-02T17:22:12.000Z""","""2026-06-02T17:42:12.000Z""","""2026-06-02T17:22:12.000Z""","""2026-06-02T17:42:12.000Z"""
609,164,234,3493,,mistakes,completed,8,8,3,5,14,"""2026-06-08T14:19:56.000Z""","""2026-06-08T14:40:56.000Z""","""2026-06-08T14:19:56.000Z""","""2026-06-08T14:40:56.000Z"""
610,164,144,2057,,weak_area,completed,7,7,4,7,12,"""2026-05-15T17:43:45.000Z""","""2026-05-15T18:05:45.000Z""","""2026-05-15T17:43:45.000Z""","""2026-05-15T18:05:45.000Z"""
611,164,166,2405,,mixed,completed,10,10,6,11,21,"""2026-05-29T13:03:19.000Z""","""2026-05-29T13:27:19.000Z""","""2026-05-29T13:03:19.000Z""","""2026-05-29T13:27:19.000Z"""
612,164,144,2053,,mistakes,completed,9,9,4,9,18,"""2026-05-01T15:39:01.000Z""","""2026-05-01T15:52:01.000Z""","""2026-05-01T15:39:01.000Z""","""2026-05-01T15:52:01.000Z"""
613,164,144,2061,,weak_area,completed,6,6,2,3,12,"""2026-05-14T08:10:46.000Z""","""2026-05-14T08:30:46.000Z""","""2026-05-14T08:10:46.000Z""","""2026-05-14T08:30:46.000Z"""
614,164,121,1681,,topic,completed,7,7,5,9,15,"""2026-05-08T11:30:57.000Z""","""2026-05-08T11:55:57.000Z""","""2026-05-08T11:30:57.000Z""","""2026-05-08T11:55:57.000Z"""
615,165,175,2553,,weak_area,completed,7,7,7,13,13,"""2026-05-19T10:16:33.000Z""","""2026-05-19T10:26:33.000Z""","""2026-05-19T10:16:33.000Z""","""2026-05-19T10:26:33.000Z"""
616,165,228,3401,,topic,completed,7,7,6,14,15,"""2026-06-08T16:13:04.000Z""","""2026-06-08T16:34:04.000Z""","""2026-06-08T16:13:04.000Z""","""2026-06-08T16:34:04.000Z"""
617,165,228,3397,,weak_area,completed,10,10,8,16,22,"""2026-05-28T13:58:33.000Z""","""2026-05-28T14:07:33.000Z""","""2026-05-28T13:58:33.000Z""","""2026-05-28T14:07:33.000Z"""
618,165,187,2745,,weak_area,completed,9,9,7,13,17,"""2026-05-06T17:15:38.000Z""","""2026-05-06T17:27:38.000Z""","""2026-05-06T17:15:38.000Z""","""2026-05-06T17:27:38.000Z"""
619,165,187,2737,,topic,completed,6,6,5,7,10,"""2026-05-25T09:14:23.000Z""","""2026-05-25T09:35:23.000Z""","""2026-05-25T09:14:23.000Z""","""2026-05-25T09:35:23.000Z"""
620,166,13,148,,mistakes,completed,6,6,1,1,12,"""2026-05-30T19:55:07.000Z""","""2026-05-30T20:14:07.000Z""","""2026-05-30T19:55:07.000Z""","""2026-05-30T20:14:07.000Z"""
621,166,168,2441,,topic,completed,10,10,3,5,21,"""2026-06-08T18:42:56.000Z""","""2026-06-08T18:52:56.000Z""","""2026-06-08T18:42:56.000Z""","""2026-06-08T18:52:56.000Z"""
622,166,168,2441,,topic,completed,6,6,2,3,12,"""2026-05-21T18:32:56.000Z""","""2026-05-21T18:46:56.000Z""","""2026-05-21T18:32:56.000Z""","""2026-05-21T18:46:56.000Z"""
623,166,13,145,,weak_area,completed,8,8,6,11,15,"""2026-05-15T17:38:25.000Z""","""2026-05-15T18:02:25.000Z""","""2026-05-15T17:38:25.000Z""","""2026-05-15T18:02:25.000Z"""
624,166,170,2469,,topic,completed,10,10,4,6,21,"""2026-05-22T18:02:34.000Z""","""2026-05-22T18:14:34.000Z""","""2026-05-22T18:02:34.000Z""","""2026-05-22T18:14:34.000Z"""
625,166,13,145,,mistakes,completed,10,10,3,7,25,"""2026-06-03T17:53:24.000Z""","""2026-06-03T18:13:24.000Z""","""2026-06-03T17:53:24.000Z""","""2026-06-03T18:13:24.000Z"""
626,167,10,115,,mixed,completed,8,8,5,13,21,"""2026-05-10T16:53:51.000Z""","""2026-05-10T17:03:51.000Z""","""2026-05-10T16:53:51.000Z""","""2026-05-10T17:03:51.000Z"""
627,167,10,118,,topic,completed,9,9,7,12,16,"""2026-05-14T18:55:22.000Z""","""2026-05-14T19:08:22.000Z""","""2026-05-14T18:55:22.000Z""","""2026-05-14T19:08:22.000Z"""
628,167,105,1429,,mixed,completed,10,10,4,5,18,"""2026-05-23T09:51:33.000Z""","""2026-05-23T10:15:33.000Z""","""2026-05-23T09:51:33.000Z""","""2026-05-23T10:15:33.000Z"""
629,167,10,115,,mistakes,completed,7,7,6,9,10,"""2026-06-09T07:53:55.000Z""","""2026-06-09T08:03:55.000Z""","""2026-06-09T07:53:55.000Z""","""2026-06-09T08:03:55.000Z"""
630,167,30,355,,weak_area,completed,7,7,5,7,12,"""2026-05-26T12:45:33.000Z""","""2026-05-26T12:58:33.000Z""","""2026-05-26T12:45:33.000Z""","""2026-05-26T12:58:33.000Z"""
631,168,224,3329,,mixed,completed,10,10,9,18,21,"""2026-05-20T21:12:47.000Z""","""2026-05-20T21:33:47.000Z""","""2026-05-20T21:12:47.000Z""","""2026-05-20T21:33:47.000Z"""
632,168,13,148,,weak_area,completed,10,10,7,10,15,"""2026-05-21T07:43:45.000Z""","""2026-05-21T08:01:45.000Z""","""2026-05-21T07:43:45.000Z""","""2026-05-21T08:01:45.000Z"""
633,168,239,3573,,weak_area,completed,9,9,7,14,18,"""2026-05-22T16:50:00.000Z""","""2026-05-22T17:03:00.000Z""","""2026-05-22T16:50:00.000Z""","""2026-05-22T17:03:00.000Z"""
634,168,239,3577,,weak_area,completed,10,10,9,19,22,"""2026-05-23T12:42:42.000Z""","""2026-05-23T13:07:42.000Z""","""2026-05-23T12:42:42.000Z""","""2026-05-23T13:07:42.000Z"""
635,168,11,121,,mixed,completed,8,8,5,10,16,"""2026-05-14T21:21:58.000Z""","""2026-05-14T21:35:58.000Z""","""2026-05-14T21:21:58.000Z""","""2026-05-14T21:35:58.000Z"""
636,169,155,2225,,weak_area,completed,6,6,6,9,9,"""2026-06-07T19:14:57.000Z""","""2026-06-07T19:34:57.000Z""","""2026-06-07T19:14:57.000Z""","""2026-06-07T19:34:57.000Z"""
637,169,165,2389,,weak_area,completed,7,7,4,9,16,"""2026-06-12T08:30:40.000Z""","""2026-06-12T08:48:40.000Z""","""2026-06-12T08:30:40.000Z""","""2026-06-12T08:48:40.000Z"""
638,169,121,1693,,mistakes,completed,9,9,7,13,16,"""2026-04-29T20:42:27.000Z""","""2026-04-29T21:01:27.000Z""","""2026-04-29T20:42:27.000Z""","""2026-04-29T21:01:27.000Z"""
639,169,166,2405,,mistakes,completed,9,9,5,6,17,"""2026-06-07T17:20:16.000Z""","""2026-06-07T17:33:16.000Z""","""2026-06-07T17:20:16.000Z""","""2026-06-07T17:33:16.000Z"""
640,169,61,721,,weak_area,completed,8,8,6,11,15,"""2026-05-28T16:50:12.000Z""","""2026-05-28T17:04:12.000Z""","""2026-05-28T16:50:12.000Z""","""2026-05-28T17:04:12.000Z"""
641,170,230,3429,,mistakes,completed,10,10,7,14,19,"""2026-05-13T18:53:29.000Z""","""2026-05-13T19:15:29.000Z""","""2026-05-13T18:53:29.000Z""","""2026-05-13T19:15:29.000Z"""
642,170,62,741,,mixed,completed,6,6,3,6,12,"""2026-05-16T16:52:19.000Z""","""2026-05-16T17:16:19.000Z""","""2026-05-16T16:52:19.000Z""","""2026-05-16T17:16:19.000Z"""
643,170,164,2369,,topic,completed,9,9,4,7,17,"""2026-05-04T14:52:18.000Z""","""2026-05-04T15:05:18.000Z""","""2026-05-04T14:52:18.000Z""","""2026-05-04T15:05:18.000Z"""
644,170,154,2213,,mistakes,completed,7,7,5,10,15,"""2026-05-21T12:18:49.000Z""","""2026-05-21T12:27:49.000Z""","""2026-05-21T12:18:49.000Z""","""2026-05-21T12:27:49.000Z"""
645,170,164,2369,,topic,completed,6,6,4,7,11,"""2026-06-03T11:07:53.000Z""","""2026-06-03T11:26:53.000Z""","""2026-06-03T11:07:53.000Z""","""2026-06-03T11:26:53.000Z"""
646,171,4,37,,mixed,completed,10,10,6,13,20,"""2026-05-18T17:27:03.000Z""","""2026-05-18T17:52:03.000Z""","""2026-05-18T17:27:03.000Z""","""2026-05-18T17:52:03.000Z"""
647,171,4,43,,weak_area,completed,8,8,3,5,16,"""2026-05-19T11:10:46.000Z""","""2026-05-19T11:33:46.000Z""","""2026-05-19T11:10:46.000Z""","""2026-05-19T11:33:46.000Z"""
648,171,28,331,,weak_area,completed,9,9,4,8,19,"""2026-05-20T13:11:48.000Z""","""2026-05-20T13:29:48.000Z""","""2026-05-20T13:11:48.000Z""","""2026-05-20T13:29:48.000Z"""
649,171,229,3413,,mixed,completed,7,7,5,9,12,"""2026-05-21T17:44:24.000Z""","""2026-05-21T17:56:24.000Z""","""2026-05-21T17:44:24.000Z""","""2026-05-21T17:56:24.000Z"""
650,171,238,3553,,mixed,completed,6,6,3,6,12,"""2026-04-28T11:19:51.000Z""","""2026-04-28T11:36:51.000Z""","""2026-04-28T11:19:51.000Z""","""2026-04-28T11:36:51.000Z"""
651,172,98,1317,,mistakes,completed,8,8,6,12,18,"""2026-05-05T21:19:41.000Z""","""2026-05-05T21:40:41.000Z""","""2026-05-05T21:19:41.000Z""","""2026-05-05T21:40:41.000Z"""
652,172,187,2737,,mixed,completed,7,7,4,7,13,"""2026-05-18T15:58:49.000Z""","""2026-05-18T16:23:49.000Z""","""2026-05-18T15:58:49.000Z""","""2026-05-18T16:23:49.000Z"""
653,172,126,1773,,mixed,completed,7,7,2,4,16,"""2026-05-17T13:05:11.000Z""","""2026-05-17T13:14:11.000Z""","""2026-05-17T13:05:11.000Z""","""2026-05-17T13:14:11.000Z"""
654,172,103,1401,,mixed,completed,10,10,3,5,19,"""2026-05-24T20:35:02.000Z""","""2026-05-24T20:53:02.000Z""","""2026-05-24T20:35:02.000Z""","""2026-05-24T20:53:02.000Z"""
655,173,65,789,,mixed,completed,10,10,8,16,20,"""2026-05-02T15:40:08.000Z""","""2026-05-02T15:52:08.000Z""","""2026-05-02T15:40:08.000Z""","""2026-05-02T15:52:08.000Z"""
656,173,163,2353,,weak_area,completed,6,6,6,11,11,"""2026-04-28T16:29:53.000Z""","""2026-04-28T16:52:53.000Z""","""2026-04-28T16:29:53.000Z""","""2026-04-28T16:52:53.000Z"""
657,173,129,1813,,topic,completed,7,7,7,14,14,"""2026-05-03T08:52:32.000Z""","""2026-05-03T09:07:32.000Z""","""2026-05-03T08:52:32.000Z""","""2026-05-03T09:07:32.000Z"""
658,173,155,2233,,topic,completed,8,8,7,15,18,"""2026-05-22T19:57:40.000Z""","""2026-05-22T20:08:40.000Z""","""2026-05-22T19:57:40.000Z""","""2026-05-22T20:08:40.000Z"""
659,174,150,2145,,weak_area,completed,10,10,3,6,21,"""2026-06-05T16:56:08.000Z""","""2026-06-05T17:15:08.000Z""","""2026-06-05T16:56:08.000Z""","""2026-06-05T17:15:08.000Z"""
660,174,3,28,,mixed,completed,9,9,6,14,21,"""2026-04-29T17:08:59.000Z""","""2026-04-29T17:18:59.000Z""","""2026-04-29T17:08:59.000Z""","""2026-04-29T17:18:59.000Z"""
661,174,12,142,,topic,completed,7,7,6,11,12,"""2026-06-10T14:15:52.000Z""","""2026-06-10T14:23:52.000Z""","""2026-06-10T14:15:52.000Z""","""2026-06-10T14:23:52.000Z"""
662,174,3,34,,mixed,completed,6,6,5,11,12,"""2026-06-09T15:54:21.000Z""","""2026-06-09T16:14:21.000Z""","""2026-06-09T15:54:21.000Z""","""2026-06-09T16:14:21.000Z"""
663,174,127,1781,,mixed,completed,8,8,3,5,18,"""2026-05-11T19:03:12.000Z""","""2026-05-11T19:14:12.000Z""","""2026-05-11T19:03:12.000Z""","""2026-05-11T19:14:12.000Z"""
664,174,84,1093,,weak_area,completed,9,9,6,12,16,"""2026-04-29T18:53:54.000Z""","""2026-04-29T19:13:54.000Z""","""2026-04-29T18:53:54.000Z""","""2026-04-29T19:13:54.000Z"""
665,175,226,3365,,mixed,completed,8,8,5,10,17,"""2026-05-25T12:48:57.000Z""","""2026-05-25T13:04:57.000Z""","""2026-05-25T12:48:57.000Z""","""2026-05-25T13:04:57.000Z"""
666,175,48,568,,topic,completed,9,9,5,9,17,"""2026-05-13T13:04:42.000Z""","""2026-05-13T13:20:42.000Z""","""2026-05-13T13:04:42.000Z""","""2026-05-13T13:20:42.000Z"""
667,175,44,526,,mistakes,completed,8,8,6,13,19,"""2026-06-01T15:35:08.000Z""","""2026-06-01T15:53:08.000Z""","""2026-06-01T15:35:08.000Z""","""2026-06-01T15:53:08.000Z"""
668,175,44,520,,topic,completed,9,9,9,20,20,"""2026-05-03T11:37:13.000Z""","""2026-05-03T11:47:13.000Z""","""2026-05-03T11:37:13.000Z""","""2026-05-03T11:47:13.000Z"""
669,176,100,1349,,topic,completed,10,10,6,11,19,"""2026-05-08T13:22:09.000Z""","""2026-05-08T13:45:09.000Z""","""2026-05-08T13:22:09.000Z""","""2026-05-08T13:45:09.000Z"""
670,176,100,1345,,mixed,completed,7,7,3,6,13,"""2026-06-08T13:35:52.000Z""","""2026-06-08T13:49:52.000Z""","""2026-06-08T13:35:52.000Z""","""2026-06-08T13:49:52.000Z"""
671,176,23,268,,weak_area,completed,8,8,7,14,16,"""2026-05-02T13:46:40.000Z""","""2026-05-02T13:58:40.000Z""","""2026-05-02T13:46:40.000Z""","""2026-05-02T13:58:40.000Z"""
672,176,23,268,,weak_area,completed,7,7,4,9,16,"""2026-05-10T14:19:57.000Z""","""2026-05-10T14:36:57.000Z""","""2026-05-10T14:19:57.000Z""","""2026-05-10T14:36:57.000Z"""
673,177,10,109,,topic,completed,6,6,3,6,13,"""2026-06-15T13:41:32.000Z""","""2026-06-15T14:03:32.000Z""","""2026-06-15T13:41:32.000Z""","""2026-06-15T14:03:32.000Z"""
674,177,71,881,,topic,completed,10,10,3,5,19,"""2026-06-16T18:46:47.000Z""","""2026-06-16T18:59:47.000Z""","""2026-06-16T18:46:47.000Z""","""2026-06-16T18:59:47.000Z"""
675,177,137,1937,,mixed,completed,8,8,3,5,14,"""2026-06-17T14:22:56.000Z""","""2026-06-17T14:46:56.000Z""","""2026-06-17T14:22:56.000Z""","""2026-06-17T14:46:56.000Z"""
676,177,71,881,,mixed,completed,9,9,3,7,19,"""2026-06-03T07:53:54.000Z""","""2026-06-03T08:07:54.000Z""","""2026-06-03T07:53:54.000Z""","""2026-06-03T08:07:54.000Z"""
677,178,130,1837,,topic,completed,8,8,6,11,15,"""2026-05-15T14:48:29.000Z""","""2026-05-15T15:11:29.000Z""","""2026-05-15T14:48:29.000Z""","""2026-05-15T15:11:29.000Z"""
678,178,94,1253,,topic,completed,9,9,7,13,16,"""2026-05-16T18:02:32.000Z""","""2026-05-16T18:17:32.000Z""","""2026-05-16T18:02:32.000Z""","""2026-05-16T18:17:32.000Z"""
679,178,17,199,,mistakes,completed,6,6,4,9,14,"""2026-05-17T08:22:30.000Z""","""2026-05-17T08:34:30.000Z""","""2026-05-17T08:22:30.000Z""","""2026-05-17T08:34:30.000Z"""
680,178,236,3525,,topic,completed,6,6,5,10,13,"""2026-05-18T09:43:16.000Z""","""2026-05-18T10:08:16.000Z""","""2026-05-18T09:43:16.000Z""","""2026-05-18T10:08:16.000Z"""
681,178,236,3525,,mistakes,completed,10,10,8,16,22,"""2026-05-10T14:19:59.000Z""","""2026-05-10T14:29:59.000Z""","""2026-05-10T14:19:59.000Z""","""2026-05-10T14:29:59.000Z"""
682,178,130,1833,,weak_area,completed,8,8,4,7,17,"""2026-06-12T10:28:02.000Z""","""2026-06-12T10:49:02.000Z""","""2026-06-12T10:28:02.000Z""","""2026-06-12T10:49:02.000Z"""
683,179,25,295,,mixed,completed,7,7,6,9,11,"""2026-06-05T09:40:55.000Z""","""2026-06-05T09:59:55.000Z""","""2026-06-05T09:40:55.000Z""","""2026-06-05T09:59:55.000Z"""
684,179,44,526,,weak_area,completed,9,9,4,8,18,"""2026-06-06T08:43:45.000Z""","""2026-06-06T09:01:45.000Z""","""2026-06-06T08:43:45.000Z""","""2026-06-06T09:01:45.000Z"""
685,179,93,1237,,mixed,completed,8,8,1,1,17,"""2026-06-09T21:15:04.000Z""","""2026-06-09T21:26:04.000Z""","""2026-06-09T21:15:04.000Z""","""2026-06-09T21:26:04.000Z"""
686,179,167,2417,,mistakes,completed,6,6,2,4,12,"""2026-05-23T17:15:22.000Z""","""2026-05-23T17:30:22.000Z""","""2026-05-23T17:15:22.000Z""","""2026-05-23T17:30:22.000Z"""
687,179,167,2421,,mixed,completed,7,7,2,5,15,"""2026-05-16T17:23:15.000Z""","""2026-05-16T17:31:15.000Z""","""2026-05-16T17:23:15.000Z""","""2026-05-16T17:31:15.000Z"""
688,180,51,601,,topic,completed,7,7,3,7,14,"""2026-06-03T08:59:28.000Z""","""2026-06-03T09:12:28.000Z""","""2026-06-03T08:59:28.000Z""","""2026-06-03T09:12:28.000Z"""
689,180,51,610,,weak_area,completed,6,6,4,9,13,"""2026-05-04T14:30:56.000Z""","""2026-05-04T14:50:56.000Z""","""2026-05-04T14:30:56.000Z""","""2026-05-04T14:50:56.000Z"""
690,180,129,1813,,topic,completed,6,6,3,6,13,"""2026-05-16T15:16:52.000Z""","""2026-05-16T15:38:52.000Z""","""2026-05-16T15:16:52.000Z""","""2026-05-16T15:38:52.000Z"""
691,180,105,1433,,mistakes,completed,9,9,5,10,16,"""2026-05-27T17:27:56.000Z""","""2026-05-27T17:52:56.000Z""","""2026-05-27T17:27:56.000Z""","""2026-05-27T17:52:56.000Z"""
692,180,107,1465,,weak_area,completed,7,7,3,5,15,"""2026-06-05T19:54:34.000Z""","""2026-06-05T20:13:34.000Z""","""2026-06-05T19:54:34.000Z""","""2026-06-05T20:13:34.000Z"""
693,181,160,2309,,mixed,completed,7,7,6,11,13,"""2026-06-01T21:01:44.000Z""","""2026-06-01T21:22:44.000Z""","""2026-06-01T21:01:44.000Z""","""2026-06-01T21:22:44.000Z"""
694,181,171,2481,,mistakes,completed,6,6,5,12,13,"""2026-06-02T16:20:02.000Z""","""2026-06-02T16:41:02.000Z""","""2026-06-02T16:20:02.000Z""","""2026-06-02T16:41:02.000Z"""
695,181,166,2405,,mistakes,completed,10,10,5,7,17,"""2026-06-03T15:12:30.000Z""","""2026-06-03T15:36:30.000Z""","""2026-06-03T15:12:30.000Z""","""2026-06-03T15:36:30.000Z"""
696,181,63,765,,mistakes,completed,8,8,3,7,17,"""2026-06-04T08:20:09.000Z""","""2026-06-04T08:31:09.000Z""","""2026-06-04T08:20:09.000Z""","""2026-06-04T08:31:09.000Z"""
697,181,171,2485,,weak_area,completed,7,7,5,9,14,"""2026-06-07T14:04:13.000Z""","""2026-06-07T14:28:13.000Z""","""2026-06-07T14:04:13.000Z""","""2026-06-07T14:28:13.000Z"""
698,181,166,2405,,mixed,completed,7,7,1,1,13,"""2026-05-05T12:38:06.000Z""","""2026-05-05T12:56:06.000Z""","""2026-05-05T12:38:06.000Z""","""2026-05-05T12:56:06.000Z"""
699,182,163,2357,,weak_area,completed,10,10,7,14,21,"""2026-06-08T15:54:05.000Z""","""2026-06-08T16:13:05.000Z""","""2026-06-08T15:54:05.000Z""","""2026-06-08T16:13:05.000Z"""
700,182,130,1825,,weak_area,completed,10,10,2,4,20,"""2026-06-09T09:22:50.000Z""","""2026-06-09T09:35:50.000Z""","""2026-06-09T09:22:50.000Z""","""2026-06-09T09:35:50.000Z"""
701,182,227,3381,,mixed,completed,9,9,5,7,16,"""2026-06-10T11:05:22.000Z""","""2026-06-10T11:18:22.000Z""","""2026-06-10T11:05:22.000Z""","""2026-06-10T11:18:22.000Z"""
702,182,82,1069,,topic,completed,7,7,3,6,14,"""2026-05-27T15:18:02.000Z""","""2026-05-27T15:38:02.000Z""","""2026-05-27T15:18:02.000Z""","""2026-05-27T15:38:02.000Z"""
703,183,13,154,,topic,completed,7,7,5,9,14,"""2026-05-28T12:58:18.000Z""","""2026-05-28T13:23:18.000Z""","""2026-05-28T12:58:18.000Z""","""2026-05-28T13:23:18.000Z"""
704,183,22,262,,topic,completed,7,7,3,3,11,"""2026-05-29T13:20:03.000Z""","""2026-05-29T13:42:03.000Z""","""2026-05-29T13:20:03.000Z""","""2026-05-29T13:42:03.000Z"""
705,183,167,2417,,weak_area,completed,8,8,7,13,15,"""2026-05-30T09:53:05.000Z""","""2026-05-30T10:14:05.000Z""","""2026-05-30T09:53:05.000Z""","""2026-05-30T10:14:05.000Z"""
706,183,13,154,,mistakes,completed,7,7,3,8,17,"""2026-05-31T16:51:46.000Z""","""2026-05-31T17:07:46.000Z""","""2026-05-31T16:51:46.000Z""","""2026-05-31T17:07:46.000Z"""
707,183,16,181,,topic,completed,6,6,2,4,14,"""2026-06-01T08:29:01.000Z""","""2026-06-01T08:38:01.000Z""","""2026-06-01T08:29:01.000Z""","""2026-06-01T08:38:01.000Z"""
708,183,60,718,,weak_area,completed,7,7,4,7,14,"""2026-04-28T08:42:56.000Z""","""2026-04-28T08:58:56.000Z""","""2026-04-28T08:42:56.000Z""","""2026-04-28T08:58:56.000Z"""
709,184,224,3337,,mixed,completed,7,7,6,12,14,"""2026-05-09T19:48:53.000Z""","""2026-05-09T19:57:53.000Z""","""2026-05-09T19:48:53.000Z""","""2026-05-09T19:57:53.000Z"""
710,184,18,208,,mixed,completed,8,8,6,13,16,"""2026-05-02T16:01:23.000Z""","""2026-05-02T16:19:23.000Z""","""2026-05-02T16:01:23.000Z""","""2026-05-02T16:19:23.000Z"""
711,184,158,2277,,weak_area,completed,10,10,5,13,23,"""2026-05-18T20:03:26.000Z""","""2026-05-18T20:14:26.000Z""","""2026-05-18T20:03:26.000Z""","""2026-05-18T20:14:26.000Z"""
712,184,26,301,,mistakes,completed,10,10,4,5,18,"""2026-05-11T19:44:50.000Z""","""2026-05-11T20:05:50.000Z""","""2026-05-11T19:44:50.000Z""","""2026-05-11T20:05:50.000Z"""
713,184,114,1573,,mistakes,completed,8,8,5,10,18,"""2026-05-31T10:46:40.000Z""","""2026-05-31T10:56:40.000Z""","""2026-05-31T10:46:40.000Z""","""2026-05-31T10:56:40.000Z"""
714,184,28,331,,topic,completed,9,9,4,8,19,"""2026-05-22T13:05:55.000Z""","""2026-05-22T13:23:55.000Z""","""2026-05-22T13:05:55.000Z""","""2026-05-22T13:23:55.000Z"""
715,185,83,1085,,weak_area,completed,10,10,4,11,21,"""2026-05-16T16:01:26.000Z""","""2026-05-16T16:20:26.000Z""","""2026-05-16T16:01:26.000Z""","""2026-05-16T16:20:26.000Z"""
716,185,183,2677,,mistakes,completed,9,9,3,6,18,"""2026-06-03T13:30:45.000Z""","""2026-06-03T13:52:45.000Z""","""2026-06-03T13:30:45.000Z""","""2026-06-03T13:52:45.000Z"""
717,185,12,142,,topic,completed,7,7,2,5,16,"""2026-05-04T15:10:32.000Z""","""2026-05-04T15:22:32.000Z""","""2026-05-04T15:10:32.000Z""","""2026-05-04T15:22:32.000Z"""
718,185,83,1073,,mistakes,completed,10,10,7,14,20,"""2026-05-06T18:17:36.000Z""","""2026-05-06T18:39:36.000Z""","""2026-05-06T18:17:36.000Z""","""2026-05-06T18:39:36.000Z"""
719,186,13,148,,mistakes,completed,8,8,7,12,14,"""2026-05-30T19:35:25.000Z""","""2026-05-30T19:57:25.000Z""","""2026-05-30T19:35:25.000Z""","""2026-05-30T19:57:25.000Z"""
720,186,80,1025,,weak_area,completed,7,7,1,2,16,"""2026-05-06T08:33:00.000Z""","""2026-05-06T08:46:00.000Z""","""2026-05-06T08:33:00.000Z""","""2026-05-06T08:46:00.000Z"""
721,186,150,2153,,topic,completed,8,8,5,12,18,"""2026-05-16T09:17:00.000Z""","""2026-05-16T09:38:00.000Z""","""2026-05-16T09:17:00.000Z""","""2026-05-16T09:38:00.000Z"""
722,186,107,1469,,topic,completed,8,8,4,9,18,"""2026-05-03T14:41:39.000Z""","""2026-05-03T14:58:39.000Z""","""2026-05-03T14:41:39.000Z""","""2026-05-03T14:58:39.000Z"""
723,187,200,2957,,mistakes,completed,8,8,4,8,16,"""2026-05-22T10:35:11.000Z""","""2026-05-22T10:51:11.000Z""","""2026-05-22T10:35:11.000Z""","""2026-05-22T10:51:11.000Z"""
724,187,81,1045,,weak_area,completed,9,9,4,9,21,"""2026-05-23T19:51:03.000Z""","""2026-05-23T20:10:03.000Z""","""2026-05-23T19:51:03.000Z""","""2026-05-23T20:10:03.000Z"""
725,187,17,199,,topic,completed,9,9,4,8,18,"""2026-05-24T10:23:21.000Z""","""2026-05-24T10:37:21.000Z""","""2026-05-24T10:23:21.000Z""","""2026-05-24T10:37:21.000Z"""
726,187,201,2969,,topic,completed,6,6,4,6,11,"""2026-05-25T16:54:21.000Z""","""2026-05-25T17:06:21.000Z""","""2026-05-25T16:54:21.000Z""","""2026-05-25T17:06:21.000Z"""
727,187,200,2957,,mistakes,completed,9,9,5,9,16,"""2026-05-18T17:19:05.000Z""","""2026-05-18T17:43:05.000Z""","""2026-05-18T17:19:05.000Z""","""2026-05-18T17:43:05.000Z"""
728,188,131,1853,,mixed,completed,7,7,4,8,15,"""2026-06-11T12:06:25.000Z""","""2026-06-11T12:16:25.000Z""","""2026-06-11T12:06:25.000Z""","""2026-06-11T12:16:25.000Z"""
729,188,229,3413,,mixed,completed,7,7,4,7,10,"""2026-06-11T14:54:12.000Z""","""2026-06-11T15:10:12.000Z""","""2026-06-11T14:54:12.000Z""","""2026-06-11T15:10:12.000Z"""
730,188,22,262,,mistakes,completed,10,10,6,14,21,"""2026-05-19T11:59:26.000Z""","""2026-05-19T12:10:26.000Z""","""2026-05-19T11:59:26.000Z""","""2026-05-19T12:10:26.000Z"""
731,188,98,1313,,weak_area,completed,9,9,8,18,20,"""2026-04-28T19:47:36.000Z""","""2026-04-28T20:06:36.000Z""","""2026-04-28T19:47:36.000Z""","""2026-04-28T20:06:36.000Z"""
732,188,229,3413,,weak_area,completed,9,9,3,5,16,"""2026-05-05T08:37:09.000Z""","""2026-05-05T08:50:09.000Z""","""2026-05-05T08:37:09.000Z""","""2026-05-05T08:50:09.000Z"""
733,189,104,1421,,mistakes,completed,6,6,5,8,11,"""2026-05-30T10:12:04.000Z""","""2026-05-30T10:26:04.000Z""","""2026-05-30T10:12:04.000Z""","""2026-05-30T10:26:04.000Z"""
734,189,104,1409,,mixed,completed,10,10,7,13,20,"""2026-05-31T10:29:39.000Z""","""2026-05-31T10:46:39.000Z""","""2026-05-31T10:29:39.000Z""","""2026-05-31T10:46:39.000Z"""
735,189,104,1413,,weak_area,completed,6,6,2,4,14,"""2026-06-01T20:36:19.000Z""","""2026-06-01T20:47:19.000Z""","""2026-06-01T20:36:19.000Z""","""2026-06-01T20:47:19.000Z"""
736,189,238,3557,,topic,completed,9,9,4,6,19,"""2026-06-03T18:04:17.000Z""","""2026-06-03T18:15:17.000Z""","""2026-06-03T18:04:17.000Z""","""2026-06-03T18:15:17.000Z"""
737,190,38,448,,mistakes,completed,6,6,1,2,14,"""2026-05-10T20:56:11.000Z""","""2026-05-10T21:09:11.000Z""","""2026-05-10T20:56:11.000Z""","""2026-05-10T21:09:11.000Z"""
738,190,220,3265,,mistakes,completed,10,10,6,9,18,"""2026-06-11T19:34:15.000Z""","""2026-06-11T19:46:15.000Z""","""2026-06-11T19:34:15.000Z""","""2026-06-11T19:46:15.000Z"""
739,190,130,1833,,mixed,completed,8,8,3,4,12,"""2026-05-25T21:18:22.000Z""","""2026-05-25T21:38:22.000Z""","""2026-05-25T21:18:22.000Z""","""2026-05-25T21:38:22.000Z"""
740,190,157,2265,,mixed,completed,7,7,3,5,13,"""2026-05-17T11:54:32.000Z""","""2026-05-17T12:19:32.000Z""","""2026-05-17T11:54:32.000Z""","""2026-05-17T12:19:32.000Z"""
741,190,100,1353,,weak_area,completed,7,7,1,2,14,"""2026-05-23T21:30:03.000Z""","""2026-05-23T21:46:03.000Z""","""2026-05-23T21:30:03.000Z""","""2026-05-23T21:46:03.000Z"""
742,190,27,322,,mixed,completed,10,10,2,5,19,"""2026-05-28T18:05:28.000Z""","""2026-05-28T18:29:28.000Z""","""2026-05-28T18:05:28.000Z""","""2026-05-28T18:29:28.000Z"""
743,191,69,853,,topic,completed,8,8,1,2,17,"""2026-06-12T07:43:57.000Z""","""2026-06-12T08:02:57.000Z""","""2026-06-12T07:43:57.000Z""","""2026-06-12T08:02:57.000Z"""
744,191,70,865,,topic,completed,6,6,3,5,10,"""2026-05-16T13:08:52.000Z""","""2026-05-16T13:17:52.000Z""","""2026-05-16T13:08:52.000Z""","""2026-05-16T13:17:52.000Z"""
745,191,69,849,,mixed,completed,8,8,5,9,16,"""2026-05-31T09:43:00.000Z""","""2026-05-31T09:58:00.000Z""","""2026-05-31T09:43:00.000Z""","""2026-05-31T09:58:00.000Z"""
746,191,191,2809,,mistakes,completed,9,9,4,8,19,"""2026-06-08T15:33:45.000Z""","""2026-06-08T15:49:45.000Z""","""2026-06-08T15:33:45.000Z""","""2026-06-08T15:49:45.000Z"""
747,191,70,865,,mixed,completed,6,6,2,3,11,"""2026-05-27T09:13:12.000Z""","""2026-05-27T09:32:12.000Z""","""2026-05-27T09:13:12.000Z""","""2026-05-27T09:32:12.000Z"""
748,192,129,1813,,topic,completed,6,6,4,7,12,"""2026-05-22T17:43:12.000Z""","""2026-05-22T18:05:12.000Z""","""2026-05-22T17:43:12.000Z""","""2026-05-22T18:05:12.000Z"""
749,192,66,801,,weak_area,completed,8,8,6,12,15,"""2026-05-27T20:06:33.000Z""","""2026-05-27T20:19:33.000Z""","""2026-05-27T20:06:33.000Z""","""2026-05-27T20:19:33.000Z"""
750,192,238,3557,,topic,completed,10,10,9,16,17,"""2026-05-05T11:14:02.000Z""","""2026-05-05T11:39:02.000Z""","""2026-05-05T11:14:02.000Z""","""2026-05-05T11:39:02.000Z"""
751,192,131,1849,,weak_area,completed,6,6,5,8,9,"""2026-06-08T19:50:38.000Z""","""2026-06-08T20:00:38.000Z""","""2026-06-08T19:50:38.000Z""","""2026-06-08T20:00:38.000Z"""
752,192,236,3525,,weak_area,completed,8,8,6,11,14,"""2026-06-03T19:15:45.000Z""","""2026-06-03T19:40:45.000Z""","""2026-06-03T19:15:45.000Z""","""2026-06-03T19:40:45.000Z"""
753,193,20,229,,weak_area,completed,10,10,8,16,19,"""2026-05-08T07:49:58.000Z""","""2026-05-08T08:08:58.000Z""","""2026-05-08T07:49:58.000Z""","""2026-05-08T08:08:58.000Z"""
754,193,20,235,,mixed,completed,9,9,8,15,17,"""2026-05-15T19:00:43.000Z""","""2026-05-15T19:08:43.000Z""","""2026-05-15T19:00:43.000Z""","""2026-05-15T19:08:43.000Z"""
755,193,2,13,,topic,completed,7,7,5,9,13,"""2026-05-20T17:43:43.000Z""","""2026-05-20T18:04:43.000Z""","""2026-05-20T17:43:43.000Z""","""2026-05-20T18:04:43.000Z"""
756,193,7,76,,mistakes,completed,8,8,4,8,15,"""2026-05-17T15:50:52.000Z""","""2026-05-17T16:06:52.000Z""","""2026-05-17T15:50:52.000Z""","""2026-05-17T16:06:52.000Z"""
757,193,20,238,,weak_area,completed,6,6,5,9,12,"""2026-05-29T14:15:46.000Z""","""2026-05-29T14:33:46.000Z""","""2026-05-29T14:15:46.000Z""","""2026-05-29T14:33:46.000Z"""
758,193,20,238,,weak_area,completed,7,7,4,10,15,"""2026-05-23T16:01:19.000Z""","""2026-05-23T16:14:19.000Z""","""2026-05-23T16:01:19.000Z""","""2026-05-23T16:14:19.000Z"""
759,194,29,340,,mistakes,completed,6,6,5,9,11,"""2026-06-02T18:20:20.000Z""","""2026-06-02T18:38:20.000Z""","""2026-06-02T18:20:20.000Z""","""2026-06-02T18:38:20.000Z"""
760,194,29,346,,topic,completed,7,7,3,6,14,"""2026-06-03T09:41:15.000Z""","""2026-06-03T09:57:15.000Z""","""2026-06-03T09:41:15.000Z""","""2026-06-03T09:57:15.000Z"""
761,194,2,13,,mistakes,completed,6,6,4,6,9,"""2026-06-04T08:52:59.000Z""","""2026-06-04T09:17:59.000Z""","""2026-06-04T08:52:59.000Z""","""2026-06-04T09:17:59.000Z"""
762,194,2,16,,topic,completed,10,10,9,16,19,"""2026-04-28T11:52:46.000Z""","""2026-04-28T12:09:46.000Z""","""2026-04-28T11:52:46.000Z""","""2026-04-28T12:09:46.000Z"""
763,194,2,13,,mistakes,completed,6,6,4,8,12,"""2026-05-19T12:25:53.000Z""","""2026-05-19T12:39:53.000Z""","""2026-05-19T12:25:53.000Z""","""2026-05-19T12:39:53.000Z"""
764,195,70,877,,mistakes,completed,8,8,4,6,14,"""2026-06-14T15:07:44.000Z""","""2026-06-14T15:24:44.000Z""","""2026-06-14T15:07:44.000Z""","""2026-06-14T15:24:44.000Z"""
765,195,82,1061,,weak_area,completed,6,6,5,8,11,"""2026-06-15T20:06:50.000Z""","""2026-06-15T20:16:50.000Z""","""2026-06-15T20:06:50.000Z""","""2026-06-15T20:16:50.000Z"""
766,195,70,869,,weak_area,completed,10,10,5,8,17,"""2026-06-04T19:03:15.000Z""","""2026-06-04T19:24:15.000Z""","""2026-06-04T19:03:15.000Z""","""2026-06-04T19:24:15.000Z"""
767,195,5,52,,mixed,completed,8,8,3,6,16,"""2026-06-07T20:28:14.000Z""","""2026-06-07T20:38:14.000Z""","""2026-06-07T20:28:14.000Z""","""2026-06-07T20:38:14.000Z"""
768,195,82,1065,,mixed,completed,8,8,1,2,17,"""2026-05-27T17:53:39.000Z""","""2026-05-27T18:06:39.000Z""","""2026-05-27T17:53:39.000Z""","""2026-05-27T18:06:39.000Z"""
769,195,5,58,,mistakes,completed,7,7,1,2,15,"""2026-05-12T21:24:27.000Z""","""2026-05-12T21:40:27.000Z""","""2026-05-12T21:24:27.000Z""","""2026-05-12T21:40:27.000Z"""
770,196,79,1017,,mistakes,completed,6,6,5,7,9,"""2026-06-01T20:42:41.000Z""","""2026-06-01T20:57:41.000Z""","""2026-06-01T20:42:41.000Z""","""2026-06-01T20:57:41.000Z"""
771,196,236,3521,,topic,completed,9,9,8,11,13,"""2026-04-30T16:06:54.000Z""","""2026-04-30T16:29:54.000Z""","""2026-04-30T16:06:54.000Z""","""2026-04-30T16:29:54.000Z"""
772,196,234,3493,,mistakes,completed,6,6,6,8,8,"""2026-04-28T12:25:47.000Z""","""2026-04-28T12:50:47.000Z""","""2026-04-28T12:25:47.000Z""","""2026-04-28T12:50:47.000Z"""
773,196,154,2209,,mistakes,completed,9,9,7,15,20,"""2026-04-29T17:21:55.000Z""","""2026-04-29T17:41:55.000Z""","""2026-04-29T17:21:55.000Z""","""2026-04-29T17:41:55.000Z"""
774,196,154,2217,,mistakes,completed,9,9,8,14,17,"""2026-05-06T15:00:14.000Z""","""2026-05-06T15:12:14.000Z""","""2026-05-06T15:00:14.000Z""","""2026-05-06T15:12:14.000Z"""
775,196,137,1945,,mistakes,completed,6,6,6,13,13,"""2026-06-07T19:28:30.000Z""","""2026-06-07T19:47:30.000Z""","""2026-06-07T19:28:30.000Z""","""2026-06-07T19:47:30.000Z"""
776,197,47,562,,topic,completed,9,9,7,14,20,"""2026-05-26T17:25:50.000Z""","""2026-05-26T17:33:50.000Z""","""2026-05-26T17:25:50.000Z""","""2026-05-26T17:33:50.000Z"""
777,197,167,2425,,weak_area,completed,7,7,5,8,11,"""2026-05-27T21:09:45.000Z""","""2026-05-27T21:25:45.000Z""","""2026-05-27T21:09:45.000Z""","""2026-05-27T21:25:45.000Z"""
778,197,52,622,,mixed,completed,8,8,7,16,18,"""2026-05-28T14:56:46.000Z""","""2026-05-28T15:10:46.000Z""","""2026-05-28T14:56:46.000Z""","""2026-05-28T15:10:46.000Z"""
779,197,175,2549,,mistakes,completed,6,6,5,10,13,"""2026-06-02T18:17:31.000Z""","""2026-06-02T18:30:31.000Z""","""2026-06-02T18:17:31.000Z""","""2026-06-02T18:30:31.000Z"""
780,198,171,2481,,mistakes,completed,7,7,1,1,14,"""2026-06-04T07:57:47.000Z""","""2026-06-04T08:12:47.000Z""","""2026-06-04T07:57:47.000Z""","""2026-06-04T08:12:47.000Z"""
781,198,154,2217,,weak_area,completed,7,7,6,13,14,"""2026-06-05T09:33:08.000Z""","""2026-06-05T09:58:08.000Z""","""2026-06-05T09:33:08.000Z""","""2026-06-05T09:58:08.000Z"""
782,198,53,625,,topic,completed,9,9,2,3,17,"""2026-06-06T18:30:50.000Z""","""2026-06-06T18:49:50.000Z""","""2026-06-06T18:30:50.000Z""","""2026-06-06T18:49:50.000Z"""
783,198,159,2289,,weak_area,completed,9,9,1,1,18,"""2026-06-07T15:16:42.000Z""","""2026-06-07T15:24:42.000Z""","""2026-06-07T15:16:42.000Z""","""2026-06-07T15:24:42.000Z"""
784,198,160,2313,,topic,completed,10,10,5,9,20,"""2026-05-07T18:31:09.000Z""","""2026-05-07T18:47:09.000Z""","""2026-05-07T18:31:09.000Z""","""2026-05-07T18:47:09.000Z"""
785,198,234,3489,,mistakes,completed,10,10,6,12,19,"""2026-05-21T21:35:56.000Z""","""2026-05-21T21:59:56.000Z""","""2026-05-21T21:35:56.000Z""","""2026-05-21T21:59:56.000Z"""
786,199,205,3029,,mistakes,completed,6,6,3,6,13,"""2026-05-16T21:17:40.000Z""","""2026-05-16T21:29:40.000Z""","""2026-05-16T21:17:40.000Z""","""2026-05-16T21:29:40.000Z"""
787,199,8,88,,weak_area,completed,9,9,6,11,19,"""2026-05-16T16:48:28.000Z""","""2026-05-16T17:09:28.000Z""","""2026-05-16T16:48:28.000Z""","""2026-05-16T17:09:28.000Z"""
788,199,237,3537,,topic,completed,6,6,1,1,11,"""2026-05-24T12:25:42.000Z""","""2026-05-24T12:40:42.000Z""","""2026-05-24T12:25:42.000Z""","""2026-05-24T12:40:42.000Z"""
789,199,53,634,,mistakes,completed,9,9,4,7,18,"""2026-05-10T16:53:00.000Z""","""2026-05-10T17:12:00.000Z""","""2026-05-10T16:53:00.000Z""","""2026-05-10T17:12:00.000Z"""
790,199,8,91,,mistakes,completed,7,7,3,5,14,"""2026-05-10T12:06:35.000Z""","""2026-05-10T12:27:35.000Z""","""2026-05-10T12:06:35.000Z""","""2026-05-10T12:27:35.000Z"""
791,199,53,634,,weak_area,completed,6,6,3,4,7,"""2026-06-04T14:19:16.000Z""","""2026-06-04T14:40:16.000Z""","""2026-06-04T14:19:16.000Z""","""2026-06-04T14:40:16.000Z"""
792,200,138,1957,,mistakes,completed,6,6,2,2,11,"""2026-05-11T18:37:05.000Z""","""2026-05-11T18:59:05.000Z""","""2026-05-11T18:37:05.000Z""","""2026-05-11T18:59:05.000Z"""
793,200,138,1965,,topic,completed,6,6,2,4,11,"""2026-04-30T17:54:03.000Z""","""2026-04-30T18:09:03.000Z""","""2026-04-30T17:54:03.000Z""","""2026-04-30T18:09:03.000Z"""
794,200,5,49,,topic,completed,8,8,4,7,17,"""2026-05-31T17:55:51.000Z""","""2026-05-31T18:11:51.000Z""","""2026-05-31T17:55:51.000Z""","""2026-05-31T18:11:51.000Z"""
795,200,138,1953,,mistakes,completed,10,10,7,14,22,"""2026-05-06T13:21:35.000Z""","""2026-05-06T13:33:35.000Z""","""2026-05-06T13:21:35.000Z""","""2026-05-06T13:33:35.000Z"""
796,201,28,334,,mixed,completed,7,7,5,12,16,"""2026-05-28T18:16:58.000Z""","""2026-05-28T18:34:58.000Z""","""2026-05-28T18:16:58.000Z""","""2026-05-28T18:34:58.000Z"""
797,201,28,328,,mistakes,completed,9,9,6,12,19,"""2026-06-12T21:12:08.000Z""","""2026-06-12T21:25:08.000Z""","""2026-06-12T21:12:08.000Z""","""2026-06-12T21:25:08.000Z"""
798,201,158,2277,,weak_area,completed,6,6,0,0,16,"""2026-05-26T17:18:34.000Z""","""2026-05-26T17:33:34.000Z""","""2026-05-26T17:18:34.000Z""","""2026-05-26T17:33:34.000Z"""
799,201,28,334,,weak_area,completed,8,8,5,12,17,"""2026-06-11T08:08:15.000Z""","""2026-06-11T08:32:15.000Z""","""2026-06-11T08:08:15.000Z""","""2026-06-11T08:32:15.000Z"""
800,205,192,2829,,mixed,completed,7,7,1,1,14,"""2026-06-02T17:08:44.000Z""","""2026-06-02T17:26:44.000Z""","""2026-06-02T17:08:44.000Z""","""2026-06-02T17:26:44.000Z"""
801,205,15,178,,mistakes,completed,8,8,3,5,17,"""2026-04-29T15:17:54.000Z""","""2026-04-29T15:31:54.000Z""","""2026-04-29T15:17:54.000Z""","""2026-04-29T15:31:54.000Z"""
802,205,120,1669,,weak_area,completed,9,9,2,5,19,"""2026-06-05T19:20:59.000Z""","""2026-06-05T19:42:59.000Z""","""2026-06-05T19:20:59.000Z""","""2026-06-05T19:42:59.000Z"""
803,205,27,322,,mixed,completed,6,6,3,7,12,"""2026-05-09T11:38:35.000Z""","""2026-05-09T11:58:35.000Z""","""2026-05-09T11:38:35.000Z""","""2026-05-09T11:58:35.000Z"""
804,205,27,316,,topic,completed,7,7,1,2,16,"""2026-06-08T12:48:30.000Z""","""2026-06-08T13:09:30.000Z""","""2026-06-08T12:48:30.000Z""","""2026-06-08T13:09:30.000Z"""
805,206,236,3529,,topic,completed,6,6,5,11,14,"""2026-05-31T12:57:25.000Z""","""2026-05-31T13:12:25.000Z""","""2026-05-31T12:57:25.000Z""","""2026-05-31T13:12:25.000Z"""
806,206,126,1765,,weak_area,completed,9,9,4,8,20,"""2026-06-01T21:04:14.000Z""","""2026-06-01T21:13:14.000Z""","""2026-06-01T21:04:14.000Z""","""2026-06-01T21:13:14.000Z"""
807,206,236,3521,,topic,completed,10,10,3,5,20,"""2026-05-29T17:13:18.000Z""","""2026-05-29T17:36:18.000Z""","""2026-05-29T17:13:18.000Z""","""2026-05-29T17:36:18.000Z"""
808,206,126,1765,,topic,completed,6,6,2,5,13,"""2026-05-06T19:39:34.000Z""","""2026-05-06T19:58:34.000Z""","""2026-05-06T19:39:34.000Z""","""2026-05-06T19:58:34.000Z"""
809,207,21,241,,topic,completed,9,9,6,12,20,"""2026-05-05T15:01:49.000Z""","""2026-05-05T15:18:49.000Z""","""2026-05-05T15:01:49.000Z""","""2026-05-05T15:18:49.000Z"""
810,207,140,1989,,topic,completed,10,10,7,14,20,"""2026-06-10T19:03:59.000Z""","""2026-06-10T19:13:59.000Z""","""2026-06-10T19:03:59.000Z""","""2026-06-10T19:13:59.000Z"""
811,207,190,2793,,weak_area,completed,7,7,4,8,16,"""2026-06-01T08:31:41.000Z""","""2026-06-01T08:40:41.000Z""","""2026-06-01T08:31:41.000Z""","""2026-06-01T08:40:41.000Z"""
812,207,190,2793,,mixed,completed,9,9,7,12,17,"""2026-06-03T21:05:06.000Z""","""2026-06-03T21:27:06.000Z""","""2026-06-03T21:05:06.000Z""","""2026-06-03T21:27:06.000Z"""
813,208,114,1569,,mixed,completed,7,7,3,8,16,"""2026-05-17T18:18:50.000Z""","""2026-05-17T18:34:50.000Z""","""2026-05-17T18:18:50.000Z""","""2026-05-17T18:34:50.000Z"""
814,208,46,550,,mixed,completed,10,10,10,16,16,"""2026-06-01T07:48:36.000Z""","""2026-06-01T08:12:36.000Z""","""2026-06-01T07:48:36.000Z""","""2026-06-01T08:12:36.000Z"""
815,208,83,1073,,weak_area,completed,6,6,5,10,13,"""2026-05-30T11:17:14.000Z""","""2026-05-30T11:39:14.000Z""","""2026-05-30T11:17:14.000Z""","""2026-05-30T11:39:14.000Z"""
816,208,16,190,,mistakes,completed,9,9,7,10,16,"""2026-04-30T11:07:45.000Z""","""2026-04-30T11:31:45.000Z""","""2026-04-30T11:07:45.000Z""","""2026-04-30T11:31:45.000Z"""
817,208,16,190,,mixed,completed,9,9,7,12,16,"""2026-05-10T08:57:41.000Z""","""2026-05-10T09:16:41.000Z""","""2026-05-10T08:57:41.000Z""","""2026-05-10T09:16:41.000Z"""
818,208,83,1073,,mistakes,completed,10,10,7,15,22,"""2026-05-07T19:14:10.000Z""","""2026-05-07T19:26:10.000Z""","""2026-05-07T19:14:10.000Z""","""2026-05-07T19:26:10.000Z"""
819,209,105,1437,,mistakes,completed,9,9,4,6,16,"""2026-05-18T21:09:57.000Z""","""2026-05-18T21:30:57.000Z""","""2026-05-18T21:09:57.000Z""","""2026-05-18T21:30:57.000Z"""
820,209,224,3329,,weak_area,completed,7,7,7,14,14,"""2026-05-18T14:32:19.000Z""","""2026-05-18T14:45:19.000Z""","""2026-05-18T14:32:19.000Z""","""2026-05-18T14:45:19.000Z"""
821,209,208,3081,,mixed,completed,7,7,7,13,13,"""2026-05-28T10:46:45.000Z""","""2026-05-28T11:01:45.000Z""","""2026-05-28T10:46:45.000Z""","""2026-05-28T11:01:45.000Z"""
822,209,224,3333,,topic,completed,8,8,7,12,15,"""2026-05-12T11:33:20.000Z""","""2026-05-12T11:48:20.000Z""","""2026-05-12T11:33:20.000Z""","""2026-05-12T11:48:20.000Z"""
823,209,224,3333,,mistakes,completed,6,6,5,10,12,"""2026-06-10T18:16:11.000Z""","""2026-06-10T18:32:11.000Z""","""2026-06-10T18:16:11.000Z""","""2026-06-10T18:32:11.000Z"""
824,209,103,1401,,mixed,completed,9,9,7,14,19,"""2026-06-07T09:41:30.000Z""","""2026-06-07T10:04:30.000Z""","""2026-06-07T09:41:30.000Z""","""2026-06-07T10:04:30.000Z"""
825,210,22,259,,topic,completed,8,8,8,15,15,"""2026-06-10T14:58:40.000Z""","""2026-06-10T15:09:40.000Z""","""2026-06-10T14:58:40.000Z""","""2026-06-10T15:09:40.000Z"""
826,210,15,172,,mistakes,completed,6,6,4,7,11,"""2026-06-02T20:02:06.000Z""","""2026-06-02T20:12:06.000Z""","""2026-06-02T20:02:06.000Z""","""2026-06-02T20:12:06.000Z"""
827,210,105,1437,,mixed,completed,8,8,5,9,15,"""2026-05-27T11:29:07.000Z""","""2026-05-27T11:40:07.000Z""","""2026-05-27T11:29:07.000Z""","""2026-05-27T11:40:07.000Z"""
828,210,160,2313,,mixed,completed,10,10,7,13,20,"""2026-05-15T17:48:10.000Z""","""2026-05-15T17:59:10.000Z""","""2026-05-15T17:48:10.000Z""","""2026-05-15T17:59:10.000Z"""
829,210,44,526,,weak_area,completed,7,7,4,8,15,"""2026-05-28T19:11:51.000Z""","""2026-05-28T19:35:51.000Z""","""2026-05-28T19:11:51.000Z""","""2026-05-28T19:35:51.000Z"""
830,211,22,259,,topic,completed,8,8,5,9,15,"""2026-05-23T13:37:49.000Z""","""2026-05-23T13:48:49.000Z""","""2026-05-23T13:37:49.000Z""","""2026-05-23T13:48:49.000Z"""
831,211,165,2389,,topic,completed,8,8,7,17,20,"""2026-05-31T08:56:48.000Z""","""2026-05-31T09:05:48.000Z""","""2026-05-31T08:56:48.000Z""","""2026-05-31T09:05:48.000Z"""
832,211,114,1577,,mistakes,completed,7,7,2,3,12,"""2026-06-03T09:31:47.000Z""","""2026-06-03T09:51:47.000Z""","""2026-06-03T09:31:47.000Z""","""2026-06-03T09:51:47.000Z"""
833,211,114,1577,,weak_area,completed,6,6,1,2,13,"""2026-06-04T10:44:14.000Z""","""2026-06-04T11:07:14.000Z""","""2026-06-04T10:44:14.000Z""","""2026-06-04T11:07:14.000Z"""
834,211,22,262,,mixed,completed,8,8,7,15,17,"""2026-06-08T10:51:09.000Z""","""2026-06-08T11:10:09.000Z""","""2026-06-08T10:51:09.000Z""","""2026-06-08T11:10:09.000Z"""
835,212,126,1765,,mistakes,completed,8,8,5,10,17,"""2026-06-03T09:38:06.000Z""","""2026-06-03T09:49:06.000Z""","""2026-06-03T09:38:06.000Z""","""2026-06-03T09:49:06.000Z"""
836,212,80,1025,,weak_area,completed,8,8,3,6,16,"""2026-06-04T08:54:18.000Z""","""2026-06-04T09:14:18.000Z""","""2026-06-04T08:54:18.000Z""","""2026-06-04T09:14:18.000Z"""
837,212,31,364,,mixed,completed,8,8,6,14,19,"""2026-06-05T19:23:45.000Z""","""2026-06-05T19:47:45.000Z""","""2026-06-05T19:23:45.000Z""","""2026-06-05T19:47:45.000Z"""
838,212,120,1677,,topic,completed,9,9,4,8,18,"""2026-05-24T18:13:46.000Z""","""2026-05-24T18:34:46.000Z""","""2026-05-24T18:13:46.000Z""","""2026-05-24T18:34:46.000Z"""
839,212,236,3521,,mixed,completed,8,8,6,14,20,"""2026-05-23T21:09:08.000Z""","""2026-05-23T21:22:08.000Z""","""2026-05-23T21:09:08.000Z""","""2026-05-23T21:22:08.000Z"""
840,213,58,685,,mixed,completed,9,9,8,15,17,"""2026-05-20T17:15:51.000Z""","""2026-05-20T17:35:51.000Z""","""2026-05-20T17:15:51.000Z""","""2026-05-20T17:35:51.000Z"""
841,213,158,2277,,mixed,completed,8,8,5,11,20,"""2026-06-02T20:37:44.000Z""","""2026-06-02T20:55:44.000Z""","""2026-06-02T20:37:44.000Z""","""2026-06-02T20:55:44.000Z"""
842,213,171,2485,,topic,completed,7,7,4,7,13,"""2026-06-02T16:11:56.000Z""","""2026-06-02T16:33:56.000Z""","""2026-06-02T16:11:56.000Z""","""2026-06-02T16:33:56.000Z"""
843,213,158,2277,,weak_area,completed,8,8,5,11,17,"""2026-04-30T16:57:55.000Z""","""2026-04-30T17:09:55.000Z""","""2026-04-30T16:57:55.000Z""","""2026-04-30T17:09:55.000Z"""
844,214,20,232,,mixed,completed,6,6,2,4,15,"""2026-05-20T17:07:00.000Z""","""2026-05-20T17:21:00.000Z""","""2026-05-20T17:07:00.000Z""","""2026-05-20T17:21:00.000Z"""
845,214,220,3277,,mistakes,completed,8,8,4,8,17,"""2026-05-05T08:50:12.000Z""","""2026-05-05T09:00:12.000Z""","""2026-05-05T08:50:12.000Z""","""2026-05-05T09:00:12.000Z"""
846,214,63,761,,mixed,completed,10,10,4,8,21,"""2026-05-30T08:19:40.000Z""","""2026-05-30T08:38:40.000Z""","""2026-05-30T08:19:40.000Z""","""2026-05-30T08:38:40.000Z"""
847,214,33,385,,topic,completed,8,8,4,8,16,"""2026-05-17T14:59:41.000Z""","""2026-05-17T15:12:41.000Z""","""2026-05-17T14:59:41.000Z""","""2026-05-17T15:12:41.000Z"""
848,215,205,3025,,weak_area,completed,8,8,2,4,19,"""2026-06-10T13:41:49.000Z""","""2026-06-10T14:00:49.000Z""","""2026-06-10T13:41:49.000Z""","""2026-06-10T14:00:49.000Z"""
849,215,48,571,,topic,completed,7,7,6,11,13,"""2026-04-28T12:18:32.000Z""","""2026-04-28T12:42:32.000Z""","""2026-04-28T12:18:32.000Z""","""2026-04-28T12:42:32.000Z"""
850,215,10,109,,topic,completed,8,8,6,10,14,"""2026-05-27T13:39:14.000Z""","""2026-05-27T14:02:14.000Z""","""2026-05-27T13:39:14.000Z""","""2026-05-27T14:02:14.000Z"""
851,215,28,325,,topic,completed,9,9,5,8,19,"""2026-06-09T21:11:10.000Z""","""2026-06-09T21:20:10.000Z""","""2026-06-09T21:11:10.000Z""","""2026-06-09T21:20:10.000Z"""
852,215,58,685,,mistakes,completed,7,7,5,8,14,"""2026-05-28T20:22:03.000Z""","""2026-05-28T20:36:03.000Z""","""2026-05-28T20:22:03.000Z""","""2026-05-28T20:36:03.000Z"""
853,216,159,2297,,topic,completed,6,6,2,3,11,"""2026-06-02T07:59:24.000Z""","""2026-06-02T08:12:24.000Z""","""2026-06-02T07:59:24.000Z""","""2026-06-02T08:12:24.000Z"""
854,216,34,397,,mistakes,completed,9,9,3,6,16,"""2026-06-03T10:23:57.000Z""","""2026-06-03T10:38:57.000Z""","""2026-06-03T10:23:57.000Z""","""2026-06-03T10:38:57.000Z"""
855,216,162,2337,,topic,completed,8,8,2,3,19,"""2026-06-04T19:23:59.000Z""","""2026-06-04T19:41:59.000Z""","""2026-06-04T19:23:59.000Z""","""2026-06-04T19:41:59.000Z"""
856,216,34,400,,mixed,completed,6,6,4,6,11,"""2026-06-06T11:19:16.000Z""","""2026-06-06T11:27:16.000Z""","""2026-06-06T11:19:16.000Z""","""2026-06-06T11:27:16.000Z"""
857,216,162,2337,,weak_area,completed,6,6,2,3,12,"""2026-06-06T11:50:17.000Z""","""2026-06-06T12:02:17.000Z""","""2026-06-06T11:50:17.000Z""","""2026-06-06T12:02:17.000Z"""
858,217,32,379,,mistakes,completed,8,8,6,15,20,"""2026-05-02T12:51:06.000Z""","""2026-05-02T13:01:06.000Z""","""2026-05-02T12:51:06.000Z""","""2026-05-02T13:01:06.000Z"""
859,217,5,55,,mixed,completed,7,7,3,7,17,"""2026-05-29T20:26:02.000Z""","""2026-05-29T20:36:02.000Z""","""2026-05-29T20:26:02.000Z""","""2026-05-29T20:36:02.000Z"""
860,217,121,1681,,weak_area,completed,6,6,3,5,13,"""2026-05-07T15:52:40.000Z""","""2026-05-07T16:07:40.000Z""","""2026-05-07T15:52:40.000Z""","""2026-05-07T16:07:40.000Z"""
861,217,32,382,,weak_area,completed,6,6,4,8,13,"""2026-05-06T21:11:38.000Z""","""2026-05-06T21:19:38.000Z""","""2026-05-06T21:11:38.000Z""","""2026-05-06T21:19:38.000Z"""
862,218,72,905,,weak_area,completed,7,7,4,10,17,"""2026-05-23T20:21:54.000Z""","""2026-05-23T20:33:54.000Z""","""2026-05-23T20:21:54.000Z""","""2026-05-23T20:33:54.000Z"""
863,218,79,1017,,topic,completed,7,7,2,3,12,"""2026-04-28T10:41:45.000Z""","""2026-04-28T11:03:45.000Z""","""2026-04-28T10:41:45.000Z""","""2026-04-28T11:03:45.000Z"""
864,218,162,2345,,mistakes,completed,6,6,4,9,13,"""2026-05-10T14:08:58.000Z""","""2026-05-10T14:32:58.000Z""","""2026-05-10T14:08:58.000Z""","""2026-05-10T14:32:58.000Z"""
865,218,109,1501,,mistakes,completed,8,8,6,12,16,"""2026-06-02T13:52:53.000Z""","""2026-06-02T14:03:53.000Z""","""2026-06-02T13:52:53.000Z""","""2026-06-02T14:03:53.000Z"""
866,219,171,2481,,mistakes,completed,6,6,5,9,10,"""2026-06-10T14:51:57.000Z""","""2026-06-10T15:04:57.000Z""","""2026-06-10T14:51:57.000Z""","""2026-06-10T15:04:57.000Z"""
867,219,62,749,,mixed,completed,10,10,7,15,22,"""2026-06-12T12:51:24.000Z""","""2026-06-12T13:01:24.000Z""","""2026-06-12T12:51:24.000Z""","""2026-06-12T13:01:24.000Z"""
868,219,30,358,,mixed,completed,6,6,3,7,15,"""2026-05-23T14:03:25.000Z""","""2026-05-23T14:18:25.000Z""","""2026-05-23T14:03:25.000Z""","""2026-05-23T14:18:25.000Z"""
869,219,148,2121,,mixed,completed,7,7,4,6,10,"""2026-05-16T20:52:02.000Z""","""2026-05-16T21:10:02.000Z""","""2026-05-16T20:52:02.000Z""","""2026-05-16T21:10:02.000Z"""
870,219,224,3337,,weak_area,completed,9,9,3,5,22,"""2026-05-13T14:38:52.000Z""","""2026-05-13T14:54:52.000Z""","""2026-05-13T14:38:52.000Z""","""2026-05-13T14:54:52.000Z"""
871,219,148,2121,,weak_area,completed,8,8,8,15,15,"""2026-05-03T15:23:18.000Z""","""2026-05-03T15:46:18.000Z""","""2026-05-03T15:23:18.000Z""","""2026-05-03T15:46:18.000Z"""
872,220,80,1025,,mixed,completed,9,9,3,5,18,"""2026-05-01T19:20:30.000Z""","""2026-05-01T19:39:30.000Z""","""2026-05-01T19:20:30.000Z""","""2026-05-01T19:39:30.000Z"""
873,220,35,415,,topic,completed,9,9,3,8,20,"""2026-05-03T11:11:02.000Z""","""2026-05-03T11:22:02.000Z""","""2026-05-03T11:11:02.000Z""","""2026-05-03T11:22:02.000Z"""
874,220,28,325,,mixed,completed,7,7,4,9,15,"""2026-05-06T18:41:14.000Z""","""2026-05-06T19:02:14.000Z""","""2026-05-06T18:41:14.000Z""","""2026-05-06T19:02:14.000Z"""
875,220,157,2261,,topic,completed,8,8,4,9,19,"""2026-05-29T17:26:03.000Z""","""2026-05-29T17:38:03.000Z""","""2026-05-29T17:26:03.000Z""","""2026-05-29T17:38:03.000Z"""
876,220,157,2257,,mistakes,completed,8,8,4,7,14,"""2026-06-04T08:53:12.000Z""","""2026-06-04T09:14:12.000Z""","""2026-06-04T08:53:12.000Z""","""2026-06-04T09:14:12.000Z"""
877,221,156,2241,,mistakes,completed,8,8,7,13,15,"""2026-05-29T13:23:04.000Z""","""2026-05-29T13:39:04.000Z""","""2026-05-29T13:23:04.000Z""","""2026-05-29T13:39:04.000Z"""
878,221,152,2181,,topic,completed,9,9,7,13,19,"""2026-06-06T15:11:35.000Z""","""2026-06-06T15:26:35.000Z""","""2026-06-06T15:11:35.000Z""","""2026-06-06T15:26:35.000Z"""
879,221,81,1049,,mixed,completed,10,10,9,19,22,"""2026-04-29T11:51:25.000Z""","""2026-04-29T12:08:25.000Z""","""2026-04-29T11:51:25.000Z""","""2026-04-29T12:08:25.000Z"""
880,221,158,2281,,mixed,completed,6,6,4,10,12,"""2026-05-21T13:47:36.000Z""","""2026-05-21T14:11:36.000Z""","""2026-05-21T13:47:36.000Z""","""2026-05-21T14:11:36.000Z"""
881,221,10,109,,topic,completed,6,6,5,9,11,"""2026-05-21T19:05:51.000Z""","""2026-05-21T19:19:51.000Z""","""2026-05-21T19:05:51.000Z""","""2026-05-21T19:19:51.000Z"""
882,222,173,2513,,weak_area,completed,9,9,2,3,20,"""2026-05-12T08:11:16.000Z""","""2026-05-12T08:31:16.000Z""","""2026-05-12T08:11:16.000Z""","""2026-05-12T08:31:16.000Z"""
883,222,15,178,,topic,completed,8,8,3,4,16,"""2026-05-30T10:43:50.000Z""","""2026-05-30T10:55:50.000Z""","""2026-05-30T10:43:50.000Z""","""2026-05-30T10:55:50.000Z"""
884,222,38,451,,weak_area,completed,8,8,2,5,18,"""2026-04-29T21:34:26.000Z""","""2026-04-29T21:46:26.000Z""","""2026-04-29T21:34:26.000Z""","""2026-04-29T21:46:26.000Z"""
885,222,208,3085,,mixed,completed,9,9,3,4,17,"""2026-05-01T10:46:24.000Z""","""2026-05-01T11:11:24.000Z""","""2026-05-01T10:46:24.000Z""","""2026-05-01T11:11:24.000Z"""
886,222,208,3073,,topic,completed,10,10,1,3,20,"""2026-05-20T08:54:39.000Z""","""2026-05-20T09:02:39.000Z""","""2026-05-20T08:54:39.000Z""","""2026-05-20T09:02:39.000Z"""
887,223,102,1389,,mixed,completed,6,6,5,9,12,"""2026-06-05T14:06:04.000Z""","""2026-06-05T14:17:04.000Z""","""2026-06-05T14:06:04.000Z""","""2026-06-05T14:17:04.000Z"""
888,223,102,1377,,mixed,completed,6,6,5,9,12,"""2026-05-19T11:05:15.000Z""","""2026-05-19T11:21:15.000Z""","""2026-05-19T11:05:15.000Z""","""2026-05-19T11:21:15.000Z"""
889,223,67,829,,mixed,completed,10,10,8,17,22,"""2026-05-26T13:08:33.000Z""","""2026-05-26T13:21:33.000Z""","""2026-05-26T13:08:33.000Z""","""2026-05-26T13:21:33.000Z"""
890,223,121,1681,,mixed,completed,8,8,4,6,14,"""2026-04-28T17:26:19.000Z""","""2026-04-28T17:47:19.000Z""","""2026-04-28T17:26:19.000Z""","""2026-04-28T17:47:19.000Z"""
891,223,102,1377,,mistakes,completed,10,10,6,11,20,"""2026-05-18T13:12:51.000Z""","""2026-05-18T13:30:51.000Z""","""2026-05-18T13:12:51.000Z""","""2026-05-18T13:30:51.000Z"""
892,224,161,2325,,weak_area,completed,9,9,6,12,19,"""2026-05-03T11:48:34.000Z""","""2026-05-03T12:07:34.000Z""","""2026-05-03T11:48:34.000Z""","""2026-05-03T12:07:34.000Z"""
893,224,224,3333,,topic,completed,8,8,5,9,15,"""2026-06-10T19:15:20.000Z""","""2026-06-10T19:37:20.000Z""","""2026-06-10T19:15:20.000Z""","""2026-06-10T19:37:20.000Z"""
894,224,83,1081,,weak_area,completed,7,7,5,7,12,"""2026-04-28T19:34:53.000Z""","""2026-04-28T19:52:53.000Z""","""2026-04-28T19:34:53.000Z""","""2026-04-28T19:52:53.000Z"""
895,224,204,3009,,weak_area,completed,10,10,5,7,18,"""2026-05-21T11:34:30.000Z""","""2026-05-21T11:43:30.000Z""","""2026-05-21T11:34:30.000Z""","""2026-05-21T11:43:30.000Z"""
896,225,32,376,,topic,completed,10,10,6,12,21,"""2026-05-22T13:21:44.000Z""","""2026-05-22T13:32:44.000Z""","""2026-05-22T13:21:44.000Z""","""2026-05-22T13:32:44.000Z"""
897,225,125,1745,,mixed,completed,9,9,8,18,21,"""2026-05-23T13:58:21.000Z""","""2026-05-23T14:21:21.000Z""","""2026-05-23T13:58:21.000Z""","""2026-05-23T14:21:21.000Z"""
898,225,169,2453,,mistakes,completed,6,6,4,7,13,"""2026-05-27T09:36:44.000Z""","""2026-05-27T09:55:44.000Z""","""2026-05-27T09:36:44.000Z""","""2026-05-27T09:55:44.000Z"""
899,225,134,1889,,mixed,completed,7,7,6,13,14,"""2026-06-09T07:53:54.000Z""","""2026-06-09T08:10:54.000Z""","""2026-06-09T07:53:54.000Z""","""2026-06-09T08:10:54.000Z"""
900,225,54,637,,topic,completed,9,9,6,10,18,"""2026-05-31T10:50:13.000Z""","""2026-05-31T11:14:13.000Z""","""2026-05-31T10:50:13.000Z""","""2026-05-31T11:14:13.000Z"""
901,225,32,382,,weak_area,completed,9,9,7,14,18,"""2026-06-09T14:51:38.000Z""","""2026-06-09T15:02:38.000Z""","""2026-06-09T14:51:38.000Z""","""2026-06-09T15:02:38.000Z"""
902,226,84,1089,,weak_area,completed,6,6,2,3,10,"""2026-05-23T17:01:33.000Z""","""2026-05-23T17:15:33.000Z""","""2026-05-23T17:01:33.000Z""","""2026-05-23T17:15:33.000Z"""
903,226,6,61,,topic,completed,9,9,6,11,18,"""2026-05-28T07:57:00.000Z""","""2026-05-28T08:19:00.000Z""","""2026-05-28T07:57:00.000Z""","""2026-05-28T08:19:00.000Z"""
904,226,230,3429,,weak_area,completed,10,10,6,10,19,"""2026-05-17T21:18:23.000Z""","""2026-05-17T21:36:23.000Z""","""2026-05-17T21:18:23.000Z""","""2026-05-17T21:36:23.000Z"""
905,226,123,1721,,mixed,completed,10,10,4,6,19,"""2026-05-10T08:01:00.000Z""","""2026-05-10T08:21:00.000Z""","""2026-05-10T08:01:00.000Z""","""2026-05-10T08:21:00.000Z"""
906,226,103,1401,,weak_area,completed,8,8,4,7,16,"""2026-06-11T17:51:23.000Z""","""2026-06-11T18:09:23.000Z""","""2026-06-11T17:51:23.000Z""","""2026-06-11T18:09:23.000Z"""
907,227,66,805,,weak_area,completed,6,6,3,8,13,"""2026-05-05T08:43:21.000Z""","""2026-05-05T08:56:21.000Z""","""2026-05-05T08:43:21.000Z""","""2026-05-05T08:56:21.000Z"""
908,227,191,2809,,mixed,completed,10,10,6,11,20,"""2026-05-17T12:57:05.000Z""","""2026-05-17T13:08:05.000Z""","""2026-05-17T12:57:05.000Z""","""2026-05-17T13:08:05.000Z"""
909,227,191,2813,,mistakes,completed,9,9,6,10,17,"""2026-05-16T10:29:53.000Z""","""2026-05-16T10:45:53.000Z""","""2026-05-16T10:29:53.000Z""","""2026-05-16T10:45:53.000Z"""
910,227,133,1877,,topic,completed,9,9,3,6,18,"""2026-05-25T12:38:07.000Z""","""2026-05-25T13:02:07.000Z""","""2026-05-25T12:38:07.000Z""","""2026-05-25T13:02:07.000Z"""
911,228,5,58,,mistakes,completed,6,6,2,4,13,"""2026-05-19T17:32:40.000Z""","""2026-05-19T17:46:40.000Z""","""2026-05-19T17:32:40.000Z""","""2026-05-19T17:46:40.000Z"""
912,228,5,49,,topic,completed,9,9,5,10,18,"""2026-05-20T11:16:53.000Z""","""2026-05-20T11:28:53.000Z""","""2026-05-20T11:16:53.000Z""","""2026-05-20T11:28:53.000Z"""
913,228,71,889,,mistakes,completed,7,7,5,8,14,"""2026-05-21T12:17:10.000Z""","""2026-05-21T12:40:10.000Z""","""2026-05-21T12:17:10.000Z""","""2026-05-21T12:40:10.000Z"""
914,228,71,881,,mistakes,completed,9,9,4,9,21,"""2026-05-22T11:25:09.000Z""","""2026-05-22T11:46:09.000Z""","""2026-05-22T11:25:09.000Z""","""2026-05-22T11:46:09.000Z"""
915,228,172,2505,,mixed,completed,8,8,5,11,16,"""2026-06-01T10:21:35.000Z""","""2026-06-01T10:32:35.000Z""","""2026-06-01T10:21:35.000Z""","""2026-06-01T10:32:35.000Z"""
916,228,52,622,,mixed,completed,8,8,1,1,18,"""2026-04-29T20:32:33.000Z""","""2026-04-29T20:50:33.000Z""","""2026-04-29T20:32:33.000Z""","""2026-04-29T20:50:33.000Z"""
917,229,52,616,,mistakes,completed,9,9,3,6,15,"""2026-06-02T11:46:54.000Z""","""2026-06-02T12:08:54.000Z""","""2026-06-02T11:46:54.000Z""","""2026-06-02T12:08:54.000Z"""
918,229,52,622,,mixed,completed,9,9,5,11,21,"""2026-05-02T18:24:48.000Z""","""2026-05-02T18:37:48.000Z""","""2026-05-02T18:24:48.000Z""","""2026-05-02T18:37:48.000Z"""
919,229,238,3553,,mixed,completed,10,10,4,10,23,"""2026-06-07T19:20:01.000Z""","""2026-06-07T19:33:01.000Z""","""2026-06-07T19:20:01.000Z""","""2026-06-07T19:33:01.000Z"""
920,229,238,3561,,mistakes,completed,10,10,4,8,21,"""2026-05-21T10:17:40.000Z""","""2026-05-21T10:32:40.000Z""","""2026-05-21T10:17:40.000Z""","""2026-05-21T10:32:40.000Z"""
921,229,95,1265,,topic,completed,6,6,2,3,12,"""2026-05-23T12:51:27.000Z""","""2026-05-23T12:59:27.000Z""","""2026-05-23T12:51:27.000Z""","""2026-05-23T12:59:27.000Z"""
922,229,52,616,,mistakes,completed,7,7,2,4,17,"""2026-05-13T08:12:34.000Z""","""2026-05-13T08:26:34.000Z""","""2026-05-13T08:12:34.000Z""","""2026-05-13T08:26:34.000Z"""
923,230,22,253,,weak_area,completed,10,10,8,16,20,"""2026-05-09T19:06:36.000Z""","""2026-05-09T19:25:36.000Z""","""2026-05-09T19:06:36.000Z""","""2026-05-09T19:25:36.000Z"""
924,230,164,2373,,topic,completed,7,7,6,12,15,"""2026-05-07T09:08:52.000Z""","""2026-05-07T09:33:52.000Z""","""2026-05-07T09:08:52.000Z""","""2026-05-07T09:33:52.000Z"""
925,230,129,1817,,topic,completed,7,7,5,10,15,"""2026-05-31T13:38:45.000Z""","""2026-05-31T14:02:45.000Z""","""2026-05-31T13:38:45.000Z""","""2026-05-31T14:02:45.000Z"""
926,230,233,3473,,mistakes,completed,8,8,6,8,13,"""2026-05-11T09:28:47.000Z""","""2026-05-11T09:52:47.000Z""","""2026-05-11T09:28:47.000Z""","""2026-05-11T09:52:47.000Z"""
927,230,164,2373,,mistakes,completed,8,8,7,14,17,"""2026-06-01T15:07:06.000Z""","""2026-06-01T15:28:06.000Z""","""2026-06-01T15:07:06.000Z""","""2026-06-01T15:28:06.000Z"""
928,230,192,2825,,topic,completed,10,10,6,10,19,"""2026-06-07T18:05:11.000Z""","""2026-06-07T18:30:11.000Z""","""2026-06-07T18:05:11.000Z""","""2026-06-07T18:30:11.000Z"""
929,231,170,2469,,mistakes,completed,7,7,2,4,14,"""2026-05-02T21:01:09.000Z""","""2026-05-02T21:16:09.000Z""","""2026-05-02T21:01:09.000Z""","""2026-05-02T21:16:09.000Z"""
930,231,125,1753,,mixed,completed,7,7,6,13,16,"""2026-05-03T15:52:43.000Z""","""2026-05-03T16:14:43.000Z""","""2026-05-03T15:52:43.000Z""","""2026-05-03T16:14:43.000Z"""
931,231,139,1977,,topic,completed,9,9,9,15,15,"""2026-06-10T07:53:57.000Z""","""2026-06-10T08:15:57.000Z""","""2026-06-10T07:53:57.000Z""","""2026-06-10T08:15:57.000Z"""
932,231,139,1969,,weak_area,completed,7,7,4,9,17,"""2026-06-10T10:14:57.000Z""","""2026-06-10T10:27:57.000Z""","""2026-06-10T10:14:57.000Z""","""2026-06-10T10:27:57.000Z"""
933,232,239,3569,,mixed,completed,9,9,3,4,15,"""2026-05-23T13:56:27.000Z""","""2026-05-23T14:19:27.000Z""","""2026-05-23T13:56:27.000Z""","""2026-05-23T14:19:27.000Z"""
934,232,204,3009,,mistakes,completed,9,9,5,8,15,"""2026-06-05T12:20:58.000Z""","""2026-06-05T12:37:58.000Z""","""2026-06-05T12:20:58.000Z""","""2026-06-05T12:37:58.000Z"""
935,232,14,157,,mixed,completed,6,6,3,6,14,"""2026-05-30T07:58:18.000Z""","""2026-05-30T08:09:18.000Z""","""2026-05-30T07:58:18.000Z""","""2026-05-30T08:09:18.000Z"""
936,232,46,544,,weak_area,completed,10,10,7,14,20,"""2026-05-02T10:38:44.000Z""","""2026-05-02T10:55:44.000Z""","""2026-05-02T10:38:44.000Z""","""2026-05-02T10:55:44.000Z"""
937,232,239,3569,,weak_area,completed,9,9,6,8,16,"""2026-05-19T16:56:18.000Z""","""2026-05-19T17:09:18.000Z""","""2026-05-19T16:56:18.000Z""","""2026-05-19T17:09:18.000Z"""
938,233,133,1877,,weak_area,completed,6,6,1,2,14,"""2026-05-29T10:32:21.000Z""","""2026-05-29T10:42:21.000Z""","""2026-05-29T10:32:21.000Z""","""2026-05-29T10:42:21.000Z"""
939,233,49,580,,weak_area,completed,8,8,4,6,15,"""2026-05-30T17:22:54.000Z""","""2026-05-30T17:39:54.000Z""","""2026-05-30T17:22:54.000Z""","""2026-05-30T17:39:54.000Z"""
940,233,49,580,,mixed,completed,9,9,2,5,16,"""2026-05-31T14:27:12.000Z""","""2026-05-31T14:49:12.000Z""","""2026-05-31T14:27:12.000Z""","""2026-05-31T14:49:12.000Z"""
941,233,16,184,,mistakes,completed,10,10,1,1,21,"""2026-06-01T09:15:49.000Z""","""2026-06-01T09:31:49.000Z""","""2026-06-01T09:15:49.000Z""","""2026-06-01T09:31:49.000Z"""
942,234,33,394,,mixed,completed,10,10,7,12,19,"""2026-05-06T21:44:31.000Z""","""2026-05-06T21:53:31.000Z""","""2026-05-06T21:44:31.000Z""","""2026-05-06T21:53:31.000Z"""
943,234,238,3557,,weak_area,completed,8,8,5,11,16,"""2026-04-29T14:14:18.000Z""","""2026-04-29T14:22:18.000Z""","""2026-04-29T14:14:18.000Z""","""2026-04-29T14:22:18.000Z"""
944,234,188,2761,,mixed,completed,8,8,7,14,17,"""2026-05-09T10:58:29.000Z""","""2026-05-09T11:22:29.000Z""","""2026-05-09T10:58:29.000Z""","""2026-05-09T11:22:29.000Z"""
945,234,33,394,,mistakes,completed,9,9,7,12,16,"""2026-05-05T08:12:13.000Z""","""2026-05-05T08:28:13.000Z""","""2026-05-05T08:12:13.000Z""","""2026-05-05T08:28:13.000Z"""
946,235,24,286,,mistakes,completed,8,8,3,5,16,"""2026-06-07T07:51:01.000Z""","""2026-06-07T08:14:01.000Z""","""2026-06-07T07:51:01.000Z""","""2026-06-07T08:14:01.000Z"""
947,235,24,280,,mixed,completed,9,9,3,5,19,"""2026-05-19T10:49:23.000Z""","""2026-05-19T11:03:23.000Z""","""2026-05-19T10:49:23.000Z""","""2026-05-19T11:03:23.000Z"""
948,235,80,1037,,weak_area,completed,8,8,6,13,19,"""2026-05-24T08:16:49.000Z""","""2026-05-24T08:40:49.000Z""","""2026-05-24T08:16:49.000Z""","""2026-05-24T08:40:49.000Z"""
949,235,24,280,,mixed,completed,10,10,3,8,23,"""2026-05-21T13:56:27.000Z""","""2026-05-21T14:11:27.000Z""","""2026-05-21T13:56:27.000Z""","""2026-05-21T14:11:27.000Z"""
950,235,51,601,,weak_area,completed,8,8,6,12,16,"""2026-05-08T16:51:39.000Z""","""2026-05-08T17:10:39.000Z""","""2026-05-08T16:51:39.000Z""","""2026-05-08T17:10:39.000Z"""
951,235,24,283,,mixed,completed,7,7,4,9,16,"""2026-05-29T18:44:16.000Z""","""2026-05-29T19:05:16.000Z""","""2026-05-29T18:44:16.000Z""","""2026-05-29T19:05:16.000Z"""
952,236,83,1081,,topic,completed,9,9,3,7,20,"""2026-05-12T09:34:37.000Z""","""2026-05-12T09:45:37.000Z""","""2026-05-12T09:34:37.000Z""","""2026-05-12T09:45:37.000Z"""
953,236,55,649,,topic,completed,6,6,4,6,11,"""2026-05-09T15:33:33.000Z""","""2026-05-09T15:48:33.000Z""","""2026-05-09T15:33:33.000Z""","""2026-05-09T15:48:33.000Z"""
954,236,240,3589,,mixed,completed,9,9,5,9,17,"""2026-05-27T08:55:56.000Z""","""2026-05-27T09:19:56.000Z""","""2026-05-27T08:55:56.000Z""","""2026-05-27T09:19:56.000Z"""
955,236,114,1573,,mixed,completed,7,7,2,2,17,"""2026-05-31T21:18:59.000Z""","""2026-05-31T21:32:59.000Z""","""2026-05-31T21:18:59.000Z""","""2026-05-31T21:32:59.000Z"""
956,236,188,2757,,mixed,completed,7,7,3,7,17,"""2026-05-25T13:15:33.000Z""","""2026-05-25T13:35:33.000Z""","""2026-05-25T13:15:33.000Z""","""2026-05-25T13:35:33.000Z"""
957,237,235,3509,,mixed,completed,7,7,4,7,15,"""2026-06-15T13:30:53.000Z""","""2026-06-15T13:53:53.000Z""","""2026-06-15T13:30:53.000Z""","""2026-06-15T13:53:53.000Z"""
958,237,54,640,,mixed,completed,7,7,3,4,11,"""2026-06-16T12:31:05.000Z""","""2026-06-16T12:53:05.000Z""","""2026-06-16T12:31:05.000Z""","""2026-06-16T12:53:05.000Z"""
959,237,62,749,,weak_area,completed,8,8,7,15,17,"""2026-06-17T11:50:45.000Z""","""2026-06-17T12:15:45.000Z""","""2026-06-17T11:50:45.000Z""","""2026-06-17T12:15:45.000Z"""
960,237,30,355,,weak_area,completed,10,10,10,20,20,"""2026-05-04T13:36:25.000Z""","""2026-05-04T14:00:25.000Z""","""2026-05-04T13:36:25.000Z""","""2026-05-04T14:00:25.000Z"""
961,238,34,397,,mixed,completed,7,7,6,13,15,"""2026-05-20T17:41:42.000Z""","""2026-05-20T18:02:42.000Z""","""2026-05-20T17:41:42.000Z""","""2026-05-20T18:02:42.000Z"""
962,238,204,3009,,mixed,completed,9,9,5,12,20,"""2026-05-21T12:27:48.000Z""","""2026-05-21T12:45:48.000Z""","""2026-05-21T12:27:48.000Z""","""2026-05-21T12:45:48.000Z"""
963,238,144,2049,,topic,completed,9,9,4,7,20,"""2026-05-22T11:07:40.000Z""","""2026-05-22T11:23:40.000Z""","""2026-05-22T11:07:40.000Z""","""2026-05-22T11:23:40.000Z"""
964,238,44,520,,weak_area,completed,8,8,6,13,17,"""2026-05-23T10:01:59.000Z""","""2026-05-23T10:22:59.000Z""","""2026-05-23T10:01:59.000Z""","""2026-05-23T10:22:59.000Z"""
965,238,204,3009,,weak_area,completed,8,8,4,7,15,"""2026-06-05T14:24:55.000Z""","""2026-06-05T14:48:55.000Z""","""2026-06-05T14:24:55.000Z""","""2026-06-05T14:48:55.000Z"""
966,239,11,121,,mixed,completed,8,8,8,18,18,"""2026-06-03T08:39:27.000Z""","""2026-06-03T09:04:27.000Z""","""2026-06-03T08:39:27.000Z""","""2026-06-03T09:04:27.000Z"""
967,239,85,1117,,topic,completed,8,8,6,15,20,"""2026-05-04T14:15:32.000Z""","""2026-05-04T14:24:32.000Z""","""2026-05-04T14:15:32.000Z""","""2026-05-04T14:24:32.000Z"""
968,239,31,367,,mistakes,completed,9,9,9,19,19,"""2026-05-20T17:09:34.000Z""","""2026-05-20T17:25:34.000Z""","""2026-05-20T17:09:34.000Z""","""2026-05-20T17:25:34.000Z"""
969,239,85,1113,,mixed,completed,10,10,9,19,21,"""2026-05-30T10:37:50.000Z""","""2026-05-30T10:53:50.000Z""","""2026-05-30T10:37:50.000Z""","""2026-05-30T10:53:50.000Z"""
970,240,159,2289,,mistakes,completed,10,10,8,16,22,"""2026-05-16T10:51:17.000Z""","""2026-05-16T11:09:17.000Z""","""2026-05-16T10:51:17.000Z""","""2026-05-16T11:09:17.000Z"""
971,240,159,2293,,weak_area,completed,8,8,7,15,18,"""2026-05-17T20:48:03.000Z""","""2026-05-17T20:56:03.000Z""","""2026-05-17T20:48:03.000Z""","""2026-05-17T20:56:03.000Z"""
972,240,159,2293,,mixed,completed,6,6,6,13,13,"""2026-05-18T16:11:21.000Z""","""2026-05-18T16:33:21.000Z""","""2026-05-18T16:11:21.000Z""","""2026-05-18T16:33:21.000Z"""
973,240,200,2953,,topic,completed,6,6,4,9,14,"""2026-06-02T12:38:32.000Z""","""2026-06-02T12:58:32.000Z""","""2026-06-02T12:38:32.000Z""","""2026-06-02T12:58:32.000Z"""
974,240,200,2953,,mixed,completed,9,9,6,12,20,"""2026-06-12T16:23:55.000Z""","""2026-06-12T16:48:55.000Z""","""2026-06-12T16:23:55.000Z""","""2026-06-12T16:48:55.000Z"""
975,240,50,595,,mixed,completed,9,9,7,14,17,"""2026-06-08T21:46:06.000Z""","""2026-06-08T21:58:06.000Z""","""2026-06-08T21:46:06.000Z""","""2026-06-08T21:58:06.000Z"""
976,241,29,340,,mistakes,completed,10,10,9,19,22,"""2026-05-19T15:54:07.000Z""","""2026-05-19T16:18:07.000Z""","""2026-05-19T15:54:07.000Z""","""2026-05-19T16:18:07.000Z"""
977,241,237,3541,,mixed,completed,10,10,5,12,22,"""2026-04-30T14:45:45.000Z""","""2026-04-30T15:04:45.000Z""","""2026-04-30T14:45:45.000Z""","""2026-04-30T15:04:45.000Z"""
978,241,154,2213,,mixed,completed,6,6,4,7,12,"""2026-05-21T08:25:07.000Z""","""2026-05-21T08:41:07.000Z""","""2026-05-21T08:25:07.000Z""","""2026-05-21T08:41:07.000Z"""
979,241,72,897,,weak_area,completed,10,10,3,6,20,"""2026-04-29T16:17:27.000Z""","""2026-04-29T16:36:27.000Z""","""2026-04-29T16:17:27.000Z""","""2026-04-29T16:36:27.000Z"""
980,242,60,709,,weak_area,completed,9,9,5,8,18,"""2026-06-06T17:17:14.000Z""","""2026-06-06T17:34:14.000Z""","""2026-06-06T17:17:14.000Z""","""2026-06-06T17:34:14.000Z"""
981,242,104,1409,,mixed,completed,10,10,7,11,18,"""2026-06-10T09:03:30.000Z""","""2026-06-10T09:16:30.000Z""","""2026-06-10T09:03:30.000Z""","""2026-06-10T09:16:30.000Z"""
982,242,165,2389,,mixed,completed,10,10,8,14,19,"""2026-05-15T16:53:53.000Z""","""2026-05-15T17:15:53.000Z""","""2026-05-15T16:53:53.000Z""","""2026-05-15T17:15:53.000Z"""
983,242,24,283,,mistakes,completed,6,6,1,2,14,"""2026-05-09T12:33:40.000Z""","""2026-05-09T12:57:40.000Z""","""2026-05-09T12:33:40.000Z""","""2026-05-09T12:57:40.000Z"""
984,242,24,283,,mistakes,completed,8,8,6,12,18,"""2026-05-06T08:24:44.000Z""","""2026-05-06T08:45:44.000Z""","""2026-05-06T08:24:44.000Z""","""2026-05-06T08:45:44.000Z"""
985,242,18,208,,mixed,completed,7,7,7,13,13,"""2026-05-21T09:14:03.000Z""","""2026-05-21T09:38:03.000Z""","""2026-05-21T09:14:03.000Z""","""2026-05-21T09:38:03.000Z"""
986,243,102,1377,,mixed,completed,8,8,2,5,15,"""2026-05-17T12:44:08.000Z""","""2026-05-17T12:59:08.000Z""","""2026-05-17T12:44:08.000Z""","""2026-05-17T12:59:08.000Z"""
987,243,38,451,,mixed,completed,9,9,6,11,18,"""2026-05-01T16:51:47.000Z""","""2026-05-01T17:00:47.000Z""","""2026-05-01T16:51:47.000Z""","""2026-05-01T17:00:47.000Z"""
988,243,123,1717,,topic,completed,7,7,3,5,16,"""2026-05-24T19:46:00.000Z""","""2026-05-24T19:59:00.000Z""","""2026-05-24T19:46:00.000Z""","""2026-05-24T19:59:00.000Z"""
989,243,123,1713,,weak_area,completed,10,10,4,8,20,"""2026-04-28T11:56:10.000Z""","""2026-04-28T12:09:10.000Z""","""2026-04-28T11:56:10.000Z""","""2026-04-28T12:09:10.000Z"""
990,244,67,817,,mixed,completed,10,10,7,14,23,"""2026-06-02T20:49:06.000Z""","""2026-06-02T21:14:06.000Z""","""2026-06-02T20:49:06.000Z""","""2026-06-02T21:14:06.000Z"""
991,244,234,3493,,mistakes,completed,9,9,7,17,21,"""2026-05-01T08:54:52.000Z""","""2026-05-01T09:16:52.000Z""","""2026-05-01T08:54:52.000Z""","""2026-05-01T09:16:52.000Z"""
992,244,67,829,,mistakes,completed,9,9,9,21,21,"""2026-04-30T20:04:23.000Z""","""2026-04-30T20:25:23.000Z""","""2026-04-30T20:04:23.000Z""","""2026-04-30T20:25:23.000Z"""
993,244,63,753,,mixed,completed,10,10,6,15,23,"""2026-06-03T14:19:52.000Z""","""2026-06-03T14:38:52.000Z""","""2026-06-03T14:19:52.000Z""","""2026-06-03T14:38:52.000Z"""
994,245,5,52,,topic,completed,9,9,4,9,21,"""2026-05-04T12:51:16.000Z""","""2026-05-04T13:16:16.000Z""","""2026-05-04T12:51:16.000Z""","""2026-05-04T13:16:16.000Z"""
995,245,5,49,,mixed,completed,8,8,7,14,17,"""2026-05-15T21:31:20.000Z""","""2026-05-15T21:39:20.000Z""","""2026-05-15T21:31:20.000Z""","""2026-05-15T21:39:20.000Z"""
996,245,158,2277,,mistakes,completed,7,7,7,15,15,"""2026-05-13T17:50:48.000Z""","""2026-05-13T18:07:48.000Z""","""2026-05-13T17:50:48.000Z""","""2026-05-13T18:07:48.000Z"""
997,245,139,1981,,weak_area,completed,6,6,6,12,12,"""2026-06-04T20:38:22.000Z""","""2026-06-04T20:48:22.000Z""","""2026-06-04T20:38:22.000Z""","""2026-06-04T20:48:22.000Z"""
998,245,139,1977,,weak_area,completed,9,9,8,16,18,"""2026-05-22T21:18:27.000Z""","""2026-05-22T21:39:27.000Z""","""2026-05-22T21:18:27.000Z""","""2026-05-22T21:39:27.000Z"""
999,246,47,553,,mixed,completed,10,10,6,10,19,"""2026-05-28T20:50:55.000Z""","""2026-05-28T21:01:55.000Z""","""2026-05-28T20:50:55.000Z""","""2026-05-28T21:01:55.000Z"""
1000,246,140,1989,,topic,completed,7,7,6,11,14,"""2026-05-29T11:02:16.000Z""","""2026-05-29T11:22:16.000Z""","""2026-05-29T11:02:16.000Z""","""2026-05-29T11:22:16.000Z"""
1001,246,140,1993,,mixed,completed,7,7,1,2,16,"""2026-05-10T14:23:34.000Z""","""2026-05-10T14:36:34.000Z""","""2026-05-10T14:23:34.000Z""","""2026-05-10T14:36:34.000Z"""
1002,246,26,307,,topic,completed,6,6,4,6,11,"""2026-05-18T16:07:20.000Z""","""2026-05-18T16:17:20.000Z""","""2026-05-18T16:07:20.000Z""","""2026-05-18T16:17:20.000Z"""
1003,247,57,676,,weak_area,completed,10,10,10,20,20,"""2026-05-25T12:15:46.000Z""","""2026-05-25T12:36:46.000Z""","""2026-05-25T12:15:46.000Z""","""2026-05-25T12:36:46.000Z"""
1004,247,234,3493,,mistakes,completed,9,9,8,16,19,"""2026-05-22T17:29:41.000Z""","""2026-05-22T17:45:41.000Z""","""2026-05-22T17:29:41.000Z""","""2026-05-22T17:45:41.000Z"""
1005,247,234,3497,,mistakes,completed,9,9,8,14,16,"""2026-05-19T19:54:56.000Z""","""2026-05-19T20:12:56.000Z""","""2026-05-19T19:54:56.000Z""","""2026-05-19T20:12:56.000Z"""
1006,247,79,1021,,topic,completed,10,10,10,21,21,"""2026-06-10T16:34:41.000Z""","""2026-06-10T16:43:41.000Z""","""2026-06-10T16:34:41.000Z""","""2026-06-10T16:43:41.000Z"""
1007,247,232,3461,,mixed,completed,6,6,4,10,16,"""2026-05-02T18:10:30.000Z""","""2026-05-02T18:23:30.000Z""","""2026-05-02T18:10:30.000Z""","""2026-05-02T18:23:30.000Z"""
1008,248,187,2749,,weak_area,completed,10,10,8,16,19,"""2026-05-27T21:02:16.000Z""","""2026-05-27T21:19:16.000Z""","""2026-05-27T21:02:16.000Z""","""2026-05-27T21:19:16.000Z"""
1009,248,230,3433,,weak_area,completed,10,10,8,14,19,"""2026-05-03T12:06:53.000Z""","""2026-05-03T12:24:53.000Z""","""2026-05-03T12:06:53.000Z""","""2026-05-03T12:24:53.000Z"""
1010,248,220,3277,,mistakes,completed,10,10,4,6,21,"""2026-06-06T21:43:59.000Z""","""2026-06-06T21:51:59.000Z""","""2026-06-06T21:43:59.000Z""","""2026-06-06T21:51:59.000Z"""
1011,248,120,1677,,mistakes,completed,8,8,4,7,17,"""2026-05-18T08:09:49.000Z""","""2026-05-18T08:28:49.000Z""","""2026-05-18T08:09:49.000Z""","""2026-05-18T08:28:49.000Z"""
1012,249,139,1973,,topic,completed,7,7,3,6,14,"""2026-06-13T09:45:55.000Z""","""2026-06-13T09:58:55.000Z""","""2026-06-13T09:45:55.000Z""","""2026-06-13T09:58:55.000Z"""
1013,249,11,130,,topic,completed,7,7,5,7,11,"""2026-06-14T20:59:41.000Z""","""2026-06-14T21:21:41.000Z""","""2026-06-14T20:59:41.000Z""","""2026-06-14T21:21:41.000Z"""
1014,249,26,304,,mixed,completed,7,7,3,4,12,"""2026-06-07T20:16:15.000Z""","""2026-06-07T20:28:15.000Z""","""2026-06-07T20:16:15.000Z""","""2026-06-07T20:28:15.000Z"""
1015,249,168,2437,,mistakes,completed,10,10,6,11,19,"""2026-04-29T19:41:45.000Z""","""2026-04-29T20:04:45.000Z""","""2026-04-29T19:41:45.000Z""","""2026-04-29T20:04:45.000Z"""
1016,249,15,175,,topic,completed,10,10,7,14,20,"""2026-06-01T12:01:17.000Z""","""2026-06-01T12:20:17.000Z""","""2026-06-01T12:01:17.000Z""","""2026-06-01T12:20:17.000Z"""
1017,249,11,121,,mistakes,completed,6,6,2,5,14,"""2026-05-08T09:55:14.000Z""","""2026-05-08T10:11:14.000Z""","""2026-05-08T09:55:14.000Z""","""2026-05-08T10:11:14.000Z"""
1018,250,162,2337,,weak_area,completed,10,10,7,11,17,"""2026-05-23T08:27:07.000Z""","""2026-05-23T08:36:07.000Z""","""2026-05-23T08:27:07.000Z""","""2026-05-23T08:36:07.000Z"""
1019,250,72,905,,mistakes,completed,9,9,7,13,18,"""2026-05-24T21:08:22.000Z""","""2026-05-24T21:18:22.000Z""","""2026-05-24T21:08:22.000Z""","""2026-05-24T21:18:22.000Z"""
1020,250,103,1393,,mixed,completed,8,8,5,11,17,"""2026-05-25T17:28:41.000Z""","""2026-05-25T17:48:41.000Z""","""2026-05-25T17:28:41.000Z""","""2026-05-25T17:48:41.000Z"""
1021,250,111,1521,,weak_area,completed,9,9,9,18,18,"""2026-05-08T20:51:16.000Z""","""2026-05-08T21:13:16.000Z""","""2026-05-08T20:51:16.000Z""","""2026-05-08T21:13:16.000Z"""
1022,251,20,238,,mistakes,completed,7,7,5,10,16,"""2026-05-22T11:20:47.000Z""","""2026-05-22T11:32:47.000Z""","""2026-05-22T11:20:47.000Z""","""2026-05-22T11:32:47.000Z"""
1023,251,191,2809,,mistakes,completed,9,9,8,16,18,"""2026-06-02T19:38:34.000Z""","""2026-06-02T19:59:34.000Z""","""2026-06-02T19:38:34.000Z""","""2026-06-02T19:59:34.000Z"""
1024,251,14,163,,weak_area,completed,10,10,5,9,20,"""2026-06-01T09:03:20.000Z""","""2026-06-01T09:24:20.000Z""","""2026-06-01T09:03:20.000Z""","""2026-06-01T09:24:20.000Z"""
1025,251,20,229,,topic,completed,10,10,5,10,21,"""2026-04-28T08:28:41.000Z""","""2026-04-28T08:51:41.000Z""","""2026-04-28T08:28:41.000Z""","""2026-04-28T08:51:41.000Z"""
1026,251,14,166,,mistakes,completed,10,10,6,10,21,"""2026-04-28T08:54:51.000Z""","""2026-04-28T09:14:51.000Z""","""2026-04-28T08:54:51.000Z""","""2026-04-28T09:14:51.000Z"""
1027,252,53,634,,mixed,completed,10,10,6,14,22,"""2026-06-04T16:52:45.000Z""","""2026-06-04T17:09:45.000Z""","""2026-06-04T16:52:45.000Z""","""2026-06-04T17:09:45.000Z"""
1028,252,52,613,,topic,completed,10,10,2,4,19,"""2026-06-05T10:50:55.000Z""","""2026-06-05T11:13:55.000Z""","""2026-06-05T10:50:55.000Z""","""2026-06-05T11:13:55.000Z"""
1029,252,120,1669,,topic,completed,9,9,5,10,17,"""2026-06-06T21:34:36.000Z""","""2026-06-06T21:58:36.000Z""","""2026-06-06T21:34:36.000Z""","""2026-06-06T21:58:36.000Z"""
1030,252,6,64,,weak_area,completed,6,6,4,9,14,"""2026-06-07T16:30:17.000Z""","""2026-06-07T16:45:17.000Z""","""2026-06-07T16:30:17.000Z""","""2026-06-07T16:45:17.000Z"""
1031,252,52,613,,mixed,completed,9,9,6,11,19,"""2026-06-06T17:34:18.000Z""","""2026-06-06T17:49:18.000Z""","""2026-06-06T17:34:18.000Z""","""2026-06-06T17:49:18.000Z"""
1032,252,232,3465,,topic,completed,8,8,5,9,16,"""2026-05-05T09:50:33.000Z""","""2026-05-05T09:58:33.000Z""","""2026-05-05T09:50:33.000Z""","""2026-05-05T09:58:33.000Z"""
1033,253,205,3037,,mistakes,completed,6,6,6,9,9,"""2026-06-11T18:08:07.000Z""","""2026-06-11T18:19:07.000Z""","""2026-06-11T18:08:07.000Z""","""2026-06-11T18:19:07.000Z"""
1034,253,208,3073,,mistakes,completed,7,7,6,10,12,"""2026-05-14T14:57:36.000Z""","""2026-05-14T15:11:36.000Z""","""2026-05-14T14:57:36.000Z""","""2026-05-14T15:11:36.000Z"""
1035,253,159,2293,,mistakes,completed,7,7,7,12,12,"""2026-05-13T08:00:05.000Z""","""2026-05-13T08:16:05.000Z""","""2026-05-13T08:00:05.000Z""","""2026-05-13T08:16:05.000Z"""
1036,253,183,2681,,mistakes,completed,9,9,7,12,16,"""2026-05-31T17:52:03.000Z""","""2026-05-31T18:13:03.000Z""","""2026-05-31T17:52:03.000Z""","""2026-05-31T18:13:03.000Z"""
1037,253,183,2673,,topic,completed,6,6,4,9,14,"""2026-05-03T16:39:38.000Z""","""2026-05-03T16:52:38.000Z""","""2026-05-03T16:39:38.000Z""","""2026-05-03T16:52:38.000Z"""
1038,254,7,76,,weak_area,completed,7,7,4,6,15,"""2026-05-15T10:53:16.000Z""","""2026-05-15T11:05:16.000Z""","""2026-05-15T10:53:16.000Z""","""2026-05-15T11:05:16.000Z"""
1039,254,30,355,,weak_area,completed,8,8,2,3,19,"""2026-05-16T21:17:46.000Z""","""2026-05-16T21:33:46.000Z""","""2026-05-16T21:17:46.000Z""","""2026-05-16T21:33:46.000Z"""
1040,254,61,725,,weak_area,completed,10,10,6,12,23,"""2026-05-17T08:23:22.000Z""","""2026-05-17T08:39:22.000Z""","""2026-05-17T08:23:22.000Z""","""2026-05-17T08:39:22.000Z"""
1041,254,30,358,,weak_area,completed,8,8,5,8,14,"""2026-05-18T09:59:43.000Z""","""2026-05-18T10:23:43.000Z""","""2026-05-18T09:59:43.000Z""","""2026-05-18T10:23:43.000Z"""
1042,254,99,1333,,weak_area,completed,9,9,3,5,16,"""2026-05-19T16:56:51.000Z""","""2026-05-19T17:11:51.000Z""","""2026-05-19T16:56:51.000Z""","""2026-05-19T17:11:51.000Z"""
1043,255,38,448,,topic,completed,7,7,5,12,18,"""2026-05-16T12:53:32.000Z""","""2026-05-16T13:02:32.000Z""","""2026-05-16T12:53:32.000Z""","""2026-05-16T13:02:32.000Z"""
1044,255,38,454,,mixed,completed,9,9,8,12,15,"""2026-06-09T20:40:46.000Z""","""2026-06-09T20:51:46.000Z""","""2026-06-09T20:40:46.000Z""","""2026-06-09T20:51:46.000Z"""
1045,255,161,2321,,mixed,completed,9,9,5,11,19,"""2026-06-12T07:54:32.000Z""","""2026-06-12T08:15:32.000Z""","""2026-06-12T07:54:32.000Z""","""2026-06-12T08:15:32.000Z"""
1046,255,173,2521,,topic,completed,6,6,5,11,14,"""2026-05-07T12:22:54.000Z""","""2026-05-07T12:38:54.000Z""","""2026-05-07T12:22:54.000Z""","""2026-05-07T12:38:54.000Z"""
1047,256,208,3073,,mistakes,completed,8,8,8,15,15,"""2026-06-08T12:52:15.000Z""","""2026-06-08T13:01:15.000Z""","""2026-06-08T12:52:15.000Z""","""2026-06-08T13:01:15.000Z"""
1048,256,208,3085,,weak_area,completed,8,8,8,17,17,"""2026-05-15T08:03:28.000Z""","""2026-05-15T08:22:28.000Z""","""2026-05-15T08:03:28.000Z""","""2026-05-15T08:22:28.000Z"""
1049,256,208,3073,,mistakes,completed,9,9,9,20,20,"""2026-05-12T11:35:02.000Z""","""2026-05-12T11:43:02.000Z""","""2026-05-12T11:35:02.000Z""","""2026-05-12T11:43:02.000Z"""
1050,256,177,2577,,mistakes,completed,8,8,4,7,15,"""2026-05-06T12:55:28.000Z""","""2026-05-06T13:13:28.000Z""","""2026-05-06T12:55:28.000Z""","""2026-05-06T13:13:28.000Z"""
1051,256,177,2577,,topic,completed,10,10,8,17,21,"""2026-06-11T08:17:48.000Z""","""2026-06-11T08:37:48.000Z""","""2026-06-11T08:17:48.000Z""","""2026-06-11T08:37:48.000Z"""
1052,256,99,1333,,weak_area,completed,9,9,7,16,21,"""2026-06-04T10:26:05.000Z""","""2026-06-04T10:41:05.000Z""","""2026-06-04T10:26:05.000Z""","""2026-06-04T10:41:05.000Z"""
1053,257,239,3577,,mistakes,completed,10,10,7,13,19,"""2026-05-26T15:43:20.000Z""","""2026-05-26T16:03:20.000Z""","""2026-05-26T15:43:20.000Z""","""2026-05-26T16:03:20.000Z"""
1054,257,240,3589,,topic,completed,6,6,5,12,15,"""2026-06-03T09:58:58.000Z""","""2026-06-03T10:06:58.000Z""","""2026-06-03T09:58:58.000Z""","""2026-06-03T10:06:58.000Z"""
1055,257,97,1305,,topic,completed,8,8,4,8,18,"""2026-05-15T18:25:05.000Z""","""2026-05-15T18:34:05.000Z""","""2026-05-15T18:25:05.000Z""","""2026-05-15T18:34:05.000Z"""
1056,257,93,1237,,topic,completed,6,6,5,8,10,"""2026-05-04T08:52:11.000Z""","""2026-05-04T09:16:11.000Z""","""2026-05-04T08:52:11.000Z""","""2026-05-04T09:16:11.000Z"""
1057,258,114,1577,,mixed,completed,6,6,0,0,12,"""2026-05-19T10:10:06.000Z""","""2026-05-19T10:22:06.000Z""","""2026-05-19T10:10:06.000Z""","""2026-05-19T10:22:06.000Z"""
1058,258,71,889,,topic,completed,6,6,6,13,13,"""2026-05-20T18:57:05.000Z""","""2026-05-20T19:20:05.000Z""","""2026-05-20T18:57:05.000Z""","""2026-05-20T19:20:05.000Z"""
1059,258,114,1573,,topic,completed,6,6,1,3,13,"""2026-05-21T09:00:48.000Z""","""2026-05-21T09:13:48.000Z""","""2026-05-21T09:00:48.000Z""","""2026-05-21T09:13:48.000Z"""
1060,258,235,3513,,weak_area,completed,9,9,2,5,21,"""2026-05-22T15:09:28.000Z""","""2026-05-22T15:20:28.000Z""","""2026-05-22T15:09:28.000Z""","""2026-05-22T15:20:28.000Z"""
1061,258,68,841,,mixed,completed,6,6,1,3,13,"""2026-05-09T20:58:21.000Z""","""2026-05-09T21:15:21.000Z""","""2026-05-09T20:58:21.000Z""","""2026-05-09T21:15:21.000Z"""
1062,258,71,881,,mixed,completed,7,7,4,10,14,"""2026-04-29T11:45:20.000Z""","""2026-04-29T12:02:20.000Z""","""2026-04-29T11:45:20.000Z""","""2026-04-29T12:02:20.000Z"""
1063,259,23,274,,topic,completed,10,10,6,12,20,"""2026-06-12T15:31:06.000Z""","""2026-06-12T15:42:06.000Z""","""2026-06-12T15:31:06.000Z""","""2026-06-12T15:42:06.000Z"""
1064,259,34,397,,mistakes,completed,8,8,5,13,18,"""2026-05-06T20:02:12.000Z""","""2026-05-06T20:26:12.000Z""","""2026-05-06T20:02:12.000Z""","""2026-05-06T20:26:12.000Z"""
1065,259,8,94,,weak_area,completed,6,6,3,7,14,"""2026-05-01T09:50:29.000Z""","""2026-05-01T10:05:29.000Z""","""2026-05-01T09:50:29.000Z""","""2026-05-01T10:05:29.000Z"""
1066,259,34,403,,mixed,completed,6,6,4,8,13,"""2026-05-02T13:57:14.000Z""","""2026-05-02T14:12:14.000Z""","""2026-05-02T13:57:14.000Z""","""2026-05-02T14:12:14.000Z"""
1067,259,34,397,,topic,completed,10,10,5,9,19,"""2026-06-08T09:56:34.000Z""","""2026-06-08T10:13:34.000Z""","""2026-06-08T09:56:34.000Z""","""2026-06-08T10:13:34.000Z"""
1068,260,32,373,,mixed,completed,6,6,1,2,14,"""2026-05-08T16:12:56.000Z""","""2026-05-08T16:23:56.000Z""","""2026-05-08T16:12:56.000Z""","""2026-05-08T16:23:56.000Z"""
1069,260,155,2233,,mixed,completed,9,9,5,10,18,"""2026-05-03T14:56:53.000Z""","""2026-05-03T15:15:53.000Z""","""2026-05-03T14:56:53.000Z""","""2026-05-03T15:15:53.000Z"""
1070,260,60,709,,mistakes,completed,8,8,4,7,14,"""2026-05-17T19:54:54.000Z""","""2026-05-17T20:07:54.000Z""","""2026-05-17T19:54:54.000Z""","""2026-05-17T20:07:54.000Z"""
1071,260,14,166,,weak_area,completed,7,7,6,14,17,"""2026-05-30T08:04:19.000Z""","""2026-05-30T08:23:19.000Z""","""2026-05-30T08:04:19.000Z""","""2026-05-30T08:23:19.000Z"""
1072,260,18,214,,mixed,completed,7,7,2,3,14,"""2026-05-26T14:53:28.000Z""","""2026-05-26T15:01:28.000Z""","""2026-05-26T14:53:28.000Z""","""2026-05-26T15:01:28.000Z"""
1073,261,9,103,,weak_area,completed,6,6,3,7,15,"""2026-05-23T07:49:28.000Z""","""2026-05-23T08:09:28.000Z""","""2026-05-23T07:49:28.000Z""","""2026-05-23T08:09:28.000Z"""
1074,261,141,2005,,topic,completed,8,8,4,7,15,"""2026-05-24T20:51:29.000Z""","""2026-05-24T21:10:29.000Z""","""2026-05-24T20:51:29.000Z""","""2026-05-24T21:10:29.000Z"""
1075,261,36,430,,topic,completed,6,6,3,5,13,"""2026-05-26T13:41:39.000Z""","""2026-05-26T14:03:39.000Z""","""2026-05-26T13:41:39.000Z""","""2026-05-26T14:03:39.000Z"""
1076,261,167,2417,,mixed,completed,7,7,3,4,15,"""2026-06-08T17:50:27.000Z""","""2026-06-08T18:11:27.000Z""","""2026-06-08T17:50:27.000Z""","""2026-06-08T18:11:27.000Z"""
1077,262,227,3377,,mixed,completed,8,8,3,4,16,"""2026-05-15T18:14:22.000Z""","""2026-05-15T18:30:22.000Z""","""2026-05-15T18:14:22.000Z""","""2026-05-15T18:30:22.000Z"""
1078,262,14,163,,topic,completed,7,7,1,1,12,"""2026-05-16T21:19:59.000Z""","""2026-05-16T21:37:59.000Z""","""2026-05-16T21:19:59.000Z""","""2026-05-16T21:37:59.000Z"""
1079,262,129,1809,,weak_area,completed,9,9,5,9,19,"""2026-05-17T17:36:34.000Z""","""2026-05-17T17:51:34.000Z""","""2026-05-17T17:36:34.000Z""","""2026-05-17T17:51:34.000Z"""
1080,262,154,2209,,mistakes,completed,9,9,5,10,19,"""2026-05-18T16:52:52.000Z""","""2026-05-18T17:04:52.000Z""","""2026-05-18T16:52:52.000Z""","""2026-05-18T17:04:52.000Z"""
1081,262,154,2209,,mixed,completed,7,7,2,3,13,"""2026-06-07T11:55:24.000Z""","""2026-06-07T12:11:24.000Z""","""2026-06-07T11:55:24.000Z""","""2026-06-07T12:11:24.000Z"""
1082,263,38,448,,mistakes,completed,10,10,4,10,24,"""2026-05-06T17:09:25.000Z""","""2026-05-06T17:18:25.000Z""","""2026-05-06T17:09:25.000Z""","""2026-05-06T17:18:25.000Z"""
1083,263,99,1337,,mistakes,completed,8,8,4,9,17,"""2026-05-30T18:18:33.000Z""","""2026-05-30T18:37:33.000Z""","""2026-05-30T18:18:33.000Z""","""2026-05-30T18:37:33.000Z"""
1084,263,11,127,,mixed,completed,9,9,5,9,17,"""2026-05-16T08:14:50.000Z""","""2026-05-16T08:34:50.000Z""","""2026-05-16T08:14:50.000Z""","""2026-05-16T08:34:50.000Z"""
1085,263,99,1337,,topic,completed,9,9,6,10,17,"""2026-04-30T17:52:01.000Z""","""2026-04-30T18:04:01.000Z""","""2026-04-30T17:52:01.000Z""","""2026-04-30T18:04:01.000Z"""
1086,263,49,577,,mixed,completed,10,10,7,14,20,"""2026-06-03T16:52:09.000Z""","""2026-06-03T17:02:09.000Z""","""2026-06-03T16:52:09.000Z""","""2026-06-03T17:02:09.000Z"""
1087,263,150,2149,,topic,completed,10,10,1,2,17,"""2026-05-13T21:27:57.000Z""","""2026-05-13T21:45:57.000Z""","""2026-05-13T21:27:57.000Z""","""2026-05-13T21:45:57.000Z"""
1088,264,188,2753,,weak_area,completed,8,8,4,9,17,"""2026-06-09T14:04:14.000Z""","""2026-06-09T14:22:14.000Z""","""2026-06-09T14:04:14.000Z""","""2026-06-09T14:22:14.000Z"""
1089,264,161,2329,,mistakes,completed,9,9,8,16,18,"""2026-06-10T21:26:15.000Z""","""2026-06-10T21:35:15.000Z""","""2026-06-10T21:26:15.000Z""","""2026-06-10T21:35:15.000Z"""
1090,264,148,2113,,weak_area,completed,10,10,3,6,22,"""2026-06-11T15:21:52.000Z""","""2026-06-11T15:43:52.000Z""","""2026-06-11T15:21:52.000Z""","""2026-06-11T15:43:52.000Z"""
1091,264,188,2753,,mixed,completed,6,6,3,7,14,"""2026-05-11T21:19:27.000Z""","""2026-05-11T21:42:27.000Z""","""2026-05-11T21:19:27.000Z""","""2026-05-11T21:42:27.000Z"""
1092,265,38,454,,topic,completed,6,6,6,12,12,"""2026-06-16T15:02:01.000Z""","""2026-06-16T15:25:01.000Z""","""2026-06-16T15:02:01.000Z""","""2026-06-16T15:25:01.000Z"""
1093,265,155,2229,,weak_area,completed,7,7,6,10,12,"""2026-06-17T18:10:02.000Z""","""2026-06-17T18:32:02.000Z""","""2026-06-17T18:10:02.000Z""","""2026-06-17T18:32:02.000Z"""
1094,265,175,2557,,topic,completed,8,8,4,7,17,"""2026-06-07T13:21:19.000Z""","""2026-06-07T13:30:19.000Z""","""2026-06-07T13:21:19.000Z""","""2026-06-07T13:30:19.000Z"""
1095,265,83,1077,,mixed,completed,8,8,8,14,14,"""2026-06-05T21:38:50.000Z""","""2026-06-05T21:57:50.000Z""","""2026-06-05T21:38:50.000Z""","""2026-06-05T21:57:50.000Z"""
1096,265,97,1305,,weak_area,completed,8,8,6,13,18,"""2026-05-20T09:07:02.000Z""","""2026-05-20T09:24:02.000Z""","""2026-05-20T09:07:02.000Z""","""2026-05-20T09:24:02.000Z"""
1097,265,83,1073,,topic,completed,8,8,7,13,15,"""2026-05-22T16:31:43.000Z""","""2026-05-22T16:52:43.000Z""","""2026-05-22T16:31:43.000Z""","""2026-05-22T16:52:43.000Z"""
1098,266,79,1009,,mistakes,completed,7,7,4,6,14,"""2026-06-14T12:17:59.000Z""","""2026-06-14T12:26:59.000Z""","""2026-06-14T12:17:59.000Z""","""2026-06-14T12:26:59.000Z"""
1099,266,165,2389,,weak_area,completed,6,6,4,7,11,"""2026-06-15T08:13:06.000Z""","""2026-06-15T08:22:06.000Z""","""2026-06-15T08:13:06.000Z""","""2026-06-15T08:22:06.000Z"""
1100,266,154,2217,,topic,completed,6,6,5,10,11,"""2026-06-16T20:38:27.000Z""","""2026-06-16T21:01:27.000Z""","""2026-06-16T20:38:27.000Z""","""2026-06-16T21:01:27.000Z"""
1101,266,79,1013,,mixed,completed,6,6,4,7,11,"""2026-05-02T11:23:51.000Z""","""2026-05-02T11:39:51.000Z""","""2026-05-02T11:23:51.000Z""","""2026-05-02T11:39:51.000Z"""
1102,266,47,556,,mistakes,completed,6,6,5,10,11,"""2026-06-03T18:57:45.000Z""","""2026-06-03T19:11:45.000Z""","""2026-06-03T18:57:45.000Z""","""2026-06-03T19:11:45.000Z"""
1103,267,107,1461,,mixed,completed,7,7,2,4,15,"""2026-05-30T19:42:22.000Z""","""2026-05-30T19:54:22.000Z""","""2026-05-30T19:42:22.000Z""","""2026-05-30T19:54:22.000Z"""
1104,267,56,661,,weak_area,completed,8,8,4,6,12,"""2026-06-01T10:09:36.000Z""","""2026-06-01T10:26:36.000Z""","""2026-06-01T10:09:36.000Z""","""2026-06-01T10:26:36.000Z"""
1105,267,172,2505,,mixed,completed,10,10,7,14,20,"""2026-06-02T20:58:52.000Z""","""2026-06-02T21:09:52.000Z""","""2026-06-02T20:58:52.000Z""","""2026-06-02T21:09:52.000Z"""
1106,267,133,1885,,weak_area,completed,8,8,2,4,18,"""2026-05-19T20:11:03.000Z""","""2026-05-19T20:36:03.000Z""","""2026-05-19T20:11:03.000Z""","""2026-05-19T20:36:03.000Z"""
1107,267,133,1877,,mixed,completed,7,7,0,0,16,"""2026-05-31T13:27:26.000Z""","""2026-05-31T13:45:26.000Z""","""2026-05-31T13:27:26.000Z""","""2026-05-31T13:45:26.000Z"""
1108,267,83,1073,,weak_area,completed,7,7,3,3,10,"""2026-05-12T17:12:40.000Z""","""2026-05-12T17:35:40.000Z""","""2026-05-12T17:12:40.000Z""","""2026-05-12T17:35:40.000Z"""
1109,268,38,451,,weak_area,completed,9,9,4,9,21,"""2026-05-08T10:43:12.000Z""","""2026-05-08T11:08:12.000Z""","""2026-05-08T10:43:12.000Z""","""2026-05-08T11:08:12.000Z"""
1110,268,103,1393,,mistakes,completed,7,7,3,6,15,"""2026-05-10T14:01:55.000Z""","""2026-05-10T14:15:55.000Z""","""2026-05-10T14:01:55.000Z""","""2026-05-10T14:15:55.000Z"""
1111,268,103,1393,,weak_area,completed,9,9,4,7,17,"""2026-05-26T16:20:51.000Z""","""2026-05-26T16:32:51.000Z""","""2026-05-26T16:20:51.000Z""","""2026-05-26T16:32:51.000Z"""
1112,268,231,3445,,topic,completed,8,8,2,3,16,"""2026-05-17T15:16:56.000Z""","""2026-05-17T15:24:56.000Z""","""2026-05-17T15:16:56.000Z""","""2026-05-17T15:24:56.000Z"""
1113,268,126,1765,,mistakes,completed,6,6,2,4,14,"""2026-05-22T14:23:54.000Z""","""2026-05-22T14:39:54.000Z""","""2026-05-22T14:23:54.000Z""","""2026-05-22T14:39:54.000Z"""
1114,268,126,1773,,topic,completed,8,8,7,14,15,"""2026-05-25T14:30:23.000Z""","""2026-05-25T14:44:23.000Z""","""2026-05-25T14:30:23.000Z""","""2026-05-25T14:44:23.000Z"""
1115,269,226,3365,,topic,completed,6,6,4,6,11,"""2026-06-10T11:33:26.000Z""","""2026-06-10T11:45:26.000Z""","""2026-06-10T11:33:26.000Z""","""2026-06-10T11:45:26.000Z"""
1116,269,183,2685,,mistakes,completed,8,8,4,10,19,"""2026-05-06T11:31:46.000Z""","""2026-05-06T11:45:46.000Z""","""2026-05-06T11:31:46.000Z""","""2026-05-06T11:45:46.000Z"""
1117,269,120,1673,,mistakes,completed,10,10,7,14,20,"""2026-05-02T08:39:00.000Z""","""2026-05-02T08:48:00.000Z""","""2026-05-02T08:39:00.000Z""","""2026-05-02T08:48:00.000Z"""
1118,269,134,1889,,mixed,completed,10,10,10,20,20,"""2026-05-21T10:33:09.000Z""","""2026-05-21T10:46:09.000Z""","""2026-05-21T10:33:09.000Z""","""2026-05-21T10:46:09.000Z"""
1119,270,168,2433,,weak_area,completed,9,9,2,4,18,"""2026-06-07T08:54:54.000Z""","""2026-06-07T09:11:54.000Z""","""2026-06-07T08:54:54.000Z""","""2026-06-07T09:11:54.000Z"""
1120,270,130,1829,,mixed,completed,7,7,3,5,15,"""2026-04-29T16:48:43.000Z""","""2026-04-29T17:13:43.000Z""","""2026-04-29T16:48:43.000Z""","""2026-04-29T17:13:43.000Z"""
1121,270,130,1837,,topic,completed,8,8,6,13,16,"""2026-05-26T14:19:07.000Z""","""2026-05-26T14:31:07.000Z""","""2026-05-26T14:19:07.000Z""","""2026-05-26T14:31:07.000Z"""
1122,270,52,613,,mistakes,completed,7,7,3,5,14,"""2026-06-12T17:30:54.000Z""","""2026-06-12T17:44:54.000Z""","""2026-06-12T17:30:54.000Z""","""2026-06-12T17:44:54.000Z"""
1123,270,10,118,,mixed,completed,9,9,6,13,20,"""2026-05-29T17:00:35.000Z""","""2026-05-29T17:25:35.000Z""","""2026-05-29T17:00:35.000Z""","""2026-05-29T17:25:35.000Z"""
1124,270,130,1833,,topic,completed,6,6,4,6,10,"""2026-05-27T16:15:11.000Z""","""2026-05-27T16:27:11.000Z""","""2026-05-27T16:15:11.000Z""","""2026-05-27T16:27:11.000Z"""
1125,271,26,310,,weak_area,completed,10,10,3,6,20,"""2026-05-28T10:25:29.000Z""","""2026-05-28T10:47:29.000Z""","""2026-05-28T10:25:29.000Z""","""2026-05-28T10:47:29.000Z"""
1126,271,30,349,,topic,completed,7,7,5,10,14,"""2026-04-29T20:57:07.000Z""","""2026-04-29T21:12:07.000Z""","""2026-04-29T20:57:07.000Z""","""2026-04-29T21:12:07.000Z"""
1127,271,26,301,,mistakes,completed,6,6,4,8,10,"""2026-06-10T12:08:00.000Z""","""2026-06-10T12:16:00.000Z""","""2026-06-10T12:08:00.000Z""","""2026-06-10T12:16:00.000Z"""
1128,271,10,115,,mixed,completed,8,8,4,8,16,"""2026-06-09T16:12:39.000Z""","""2026-06-09T16:23:39.000Z""","""2026-06-09T16:12:39.000Z""","""2026-06-09T16:23:39.000Z"""
1129,271,30,358,,mixed,completed,10,10,5,10,23,"""2026-05-21T17:49:11.000Z""","""2026-05-21T18:11:11.000Z""","""2026-05-21T17:49:11.000Z""","""2026-05-21T18:11:11.000Z"""
1130,271,120,1665,,topic,completed,7,7,3,7,16,"""2026-06-07T09:31:14.000Z""","""2026-06-07T09:44:14.000Z""","""2026-06-07T09:31:14.000Z""","""2026-06-07T09:44:14.000Z"""
1131,272,35,415,,mixed,completed,8,8,2,4,18,"""2026-05-06T19:52:37.000Z""","""2026-05-06T20:09:37.000Z""","""2026-05-06T19:52:37.000Z""","""2026-05-06T20:09:37.000Z"""
1132,272,40,472,,weak_area,completed,8,8,6,12,17,"""2026-06-09T16:24:39.000Z""","""2026-06-09T16:40:39.000Z""","""2026-06-09T16:24:39.000Z""","""2026-06-09T16:40:39.000Z"""
1133,272,204,3017,,mixed,completed,9,9,4,8,16,"""2026-05-15T14:48:02.000Z""","""2026-05-15T14:58:02.000Z""","""2026-05-15T14:48:02.000Z""","""2026-05-15T14:58:02.000Z"""
1134,272,14,160,,weak_area,completed,9,9,5,11,20,"""2026-06-10T11:23:46.000Z""","""2026-06-10T11:37:46.000Z""","""2026-06-10T11:23:46.000Z""","""2026-06-10T11:37:46.000Z"""
1135,273,121,1685,,weak_area,completed,8,8,4,6,17,"""2026-05-18T12:40:47.000Z""","""2026-05-18T12:56:47.000Z""","""2026-05-18T12:40:47.000Z""","""2026-05-18T12:56:47.000Z"""
1136,273,121,1685,,weak_area,completed,10,10,7,12,18,"""2026-06-03T14:46:32.000Z""","""2026-06-03T14:55:32.000Z""","""2026-06-03T14:46:32.000Z""","""2026-06-03T14:55:32.000Z"""
1137,273,81,1049,,mistakes,completed,6,6,2,3,11,"""2026-05-26T15:34:13.000Z""","""2026-05-26T15:57:13.000Z""","""2026-05-26T15:34:13.000Z""","""2026-05-26T15:57:13.000Z"""
1138,273,4,43,,weak_area,completed,9,9,4,8,19,"""2026-05-14T15:49:47.000Z""","""2026-05-14T16:02:47.000Z""","""2026-05-14T15:49:47.000Z""","""2026-05-14T16:02:47.000Z"""
1139,273,27,319,,weak_area,completed,10,10,3,5,20,"""2026-05-13T15:32:54.000Z""","""2026-05-13T15:56:54.000Z""","""2026-05-13T15:32:54.000Z""","""2026-05-13T15:56:54.000Z"""
1140,274,139,1969,,mixed,completed,6,6,4,8,12,"""2026-06-04T14:52:35.000Z""","""2026-06-04T15:14:35.000Z""","""2026-06-04T14:52:35.000Z""","""2026-06-04T15:14:35.000Z"""
1141,274,169,2453,,mixed,completed,10,10,10,17,17,"""2026-05-01T18:12:19.000Z""","""2026-05-01T18:37:19.000Z""","""2026-05-01T18:12:19.000Z""","""2026-05-01T18:37:19.000Z"""
1142,274,139,1977,,mistakes,completed,8,8,7,17,19,"""2026-05-03T08:53:13.000Z""","""2026-05-03T09:02:13.000Z""","""2026-05-03T08:53:13.000Z""","""2026-05-03T09:02:13.000Z"""
1143,274,139,1977,,mistakes,completed,8,8,7,13,15,"""2026-06-02T09:23:04.000Z""","""2026-06-02T09:34:04.000Z""","""2026-06-02T09:23:04.000Z""","""2026-06-02T09:34:04.000Z"""
1144,274,141,2009,,weak_area,completed,8,8,7,11,14,"""2026-06-02T14:21:41.000Z""","""2026-06-02T14:35:41.000Z""","""2026-06-02T14:21:41.000Z""","""2026-06-02T14:35:41.000Z"""
1145,274,139,1969,,weak_area,completed,8,8,6,12,16,"""2026-05-17T12:34:16.000Z""","""2026-05-17T12:57:16.000Z""","""2026-05-17T12:34:16.000Z""","""2026-05-17T12:57:16.000Z"""
1146,275,146,2081,,mixed,completed,7,7,4,5,13,"""2026-05-28T18:14:02.000Z""","""2026-05-28T18:31:02.000Z""","""2026-05-28T18:14:02.000Z""","""2026-05-28T18:31:02.000Z"""
1147,275,37,442,,topic,completed,7,7,5,9,14,"""2026-05-11T14:01:19.000Z""","""2026-05-11T14:24:19.000Z""","""2026-05-11T14:01:19.000Z""","""2026-05-11T14:24:19.000Z"""
1148,275,37,439,,topic,completed,6,6,2,2,12,"""2026-06-03T09:09:46.000Z""","""2026-06-03T09:30:46.000Z""","""2026-06-03T09:09:46.000Z""","""2026-06-03T09:30:46.000Z"""
1149,275,5,52,,weak_area,completed,8,8,6,14,18,"""2026-05-26T19:38:03.000Z""","""2026-05-26T19:49:03.000Z""","""2026-05-26T19:38:03.000Z""","""2026-05-26T19:49:03.000Z"""
1150,275,67,817,,weak_area,completed,10,10,7,10,16,"""2026-04-28T09:15:41.000Z""","""2026-04-28T09:28:41.000Z""","""2026-04-28T09:15:41.000Z""","""2026-04-28T09:28:41.000Z"""
1151,275,56,670,,mistakes,completed,10,10,3,6,22,"""2026-06-05T15:50:04.000Z""","""2026-06-05T15:59:04.000Z""","""2026-06-05T15:50:04.000Z""","""2026-06-05T15:59:04.000Z"""
1152,276,205,3033,,mixed,completed,6,6,1,2,12,"""2026-05-26T07:46:00.000Z""","""2026-05-26T08:00:00.000Z""","""2026-05-26T07:46:00.000Z""","""2026-05-26T08:00:00.000Z"""
1153,276,140,1993,,mixed,completed,6,6,5,8,11,"""2026-05-27T09:26:07.000Z""","""2026-05-27T09:38:07.000Z""","""2026-05-27T09:26:07.000Z""","""2026-05-27T09:38:07.000Z"""
1154,276,140,1989,,mistakes,completed,10,10,5,11,22,"""2026-05-28T12:41:11.000Z""","""2026-05-28T13:03:11.000Z""","""2026-05-28T12:41:11.000Z""","""2026-05-28T13:03:11.000Z"""
1155,276,227,3377,,mixed,completed,10,10,5,9,21,"""2026-05-29T20:17:17.000Z""","""2026-05-29T20:27:17.000Z""","""2026-05-29T20:17:17.000Z""","""2026-05-29T20:27:17.000Z"""
1156,277,133,1881,,mistakes,completed,7,7,4,9,14,"""2026-05-25T18:01:54.000Z""","""2026-05-25T18:10:54.000Z""","""2026-05-25T18:01:54.000Z""","""2026-05-25T18:10:54.000Z"""
1157,277,65,789,,topic,completed,6,6,4,5,10,"""2026-05-01T21:01:51.000Z""","""2026-05-01T21:17:51.000Z""","""2026-05-01T21:01:51.000Z""","""2026-05-01T21:17:51.000Z"""
1158,277,69,853,,topic,completed,6,6,1,1,14,"""2026-05-14T15:19:57.000Z""","""2026-05-14T15:41:57.000Z""","""2026-05-14T15:19:57.000Z""","""2026-05-14T15:41:57.000Z"""
1159,277,98,1317,,mistakes,completed,6,6,6,13,13,"""2026-05-26T20:27:54.000Z""","""2026-05-26T20:40:54.000Z""","""2026-05-26T20:27:54.000Z""","""2026-05-26T20:40:54.000Z"""
1160,277,69,861,,mixed,completed,8,8,2,3,13,"""2026-05-24T12:55:10.000Z""","""2026-05-24T13:12:10.000Z""","""2026-05-24T12:55:10.000Z""","""2026-05-24T13:12:10.000Z"""
1161,277,69,857,,weak_area,completed,9,9,2,3,17,"""2026-05-04T07:52:23.000Z""","""2026-05-04T08:09:23.000Z""","""2026-05-04T07:52:23.000Z""","""2026-05-04T08:09:23.000Z"""
1162,278,82,1069,,mixed,completed,8,8,4,7,16,"""2026-05-02T08:06:51.000Z""","""2026-05-02T08:27:51.000Z""","""2026-05-02T08:06:51.000Z""","""2026-05-02T08:27:51.000Z"""
1163,278,94,1257,,topic,completed,9,9,6,12,18,"""2026-05-08T09:49:41.000Z""","""2026-05-08T09:59:41.000Z""","""2026-05-08T09:49:41.000Z""","""2026-05-08T09:59:41.000Z"""
1164,278,227,3377,,weak_area,completed,8,8,5,9,15,"""2026-05-14T16:53:12.000Z""","""2026-05-14T17:14:12.000Z""","""2026-05-14T16:53:12.000Z""","""2026-05-14T17:14:12.000Z"""
1165,278,122,1701,,weak_area,completed,8,8,3,5,15,"""2026-06-10T15:39:06.000Z""","""2026-06-10T15:54:06.000Z""","""2026-06-10T15:39:06.000Z""","""2026-06-10T15:54:06.000Z"""
1166,278,82,1061,,topic,completed,7,7,4,7,13,"""2026-05-05T11:10:45.000Z""","""2026-05-05T11:34:45.000Z""","""2026-05-05T11:10:45.000Z""","""2026-05-05T11:34:45.000Z"""
1167,279,205,3037,,weak_area,completed,8,8,4,6,14,"""2026-05-14T17:00:52.000Z""","""2026-05-14T17:09:52.000Z""","""2026-05-14T17:00:52.000Z""","""2026-05-14T17:09:52.000Z"""
1168,279,231,3441,,mixed,completed,6,6,6,10,10,"""2026-06-09T17:46:55.000Z""","""2026-06-09T18:10:55.000Z""","""2026-06-09T17:46:55.000Z""","""2026-06-09T18:10:55.000Z"""
1169,279,109,1497,,mistakes,completed,6,6,4,7,10,"""2026-05-13T21:15:27.000Z""","""2026-05-13T21:28:27.000Z""","""2026-05-13T21:15:27.000Z""","""2026-05-13T21:28:27.000Z"""
1170,279,232,3465,,mixed,completed,9,9,5,9,18,"""2026-05-26T08:56:08.000Z""","""2026-05-26T09:04:08.000Z""","""2026-05-26T08:56:08.000Z""","""2026-05-26T09:04:08.000Z"""
1171,280,166,2405,,weak_area,completed,7,7,5,7,12,"""2026-06-04T09:05:17.000Z""","""2026-06-04T09:18:17.000Z""","""2026-06-04T09:05:17.000Z""","""2026-06-04T09:18:17.000Z"""
1172,280,103,1401,,weak_area,completed,8,8,5,8,14,"""2026-06-05T17:23:22.000Z""","""2026-06-05T17:32:22.000Z""","""2026-06-05T17:23:22.000Z""","""2026-06-05T17:32:22.000Z"""
1173,280,103,1393,,mixed,completed,10,10,5,9,21,"""2026-06-06T17:27:10.000Z""","""2026-06-06T17:44:10.000Z""","""2026-06-06T17:27:10.000Z""","""2026-06-06T17:44:10.000Z"""
1174,280,15,175,,mixed,completed,8,8,4,7,15,"""2026-06-07T11:06:51.000Z""","""2026-06-07T11:15:51.000Z""","""2026-06-07T11:06:51.000Z""","""2026-06-07T11:15:51.000Z"""
1175,280,100,1349,,mistakes,completed,7,7,5,9,13,"""2026-06-08T14:14:48.000Z""","""2026-06-08T14:31:48.000Z""","""2026-06-08T14:14:48.000Z""","""2026-06-08T14:31:48.000Z"""
1176,281,26,307,,mixed,completed,8,8,5,9,15,"""2026-05-23T20:12:43.000Z""","""2026-05-23T20:29:43.000Z""","""2026-05-23T20:12:43.000Z""","""2026-05-23T20:29:43.000Z"""
1177,281,239,3569,,topic,completed,10,10,3,7,20,"""2026-05-20T10:52:47.000Z""","""2026-05-20T11:11:47.000Z""","""2026-05-20T10:52:47.000Z""","""2026-05-20T11:11:47.000Z"""
1178,281,153,2197,,mixed,completed,9,9,7,16,22,"""2026-05-28T10:30:11.000Z""","""2026-05-28T10:48:11.000Z""","""2026-05-28T10:30:11.000Z""","""2026-05-28T10:48:11.000Z"""
1179,281,30,358,,mistakes,completed,10,10,9,18,20,"""2026-06-11T17:06:59.000Z""","""2026-06-11T17:31:59.000Z""","""2026-06-11T17:06:59.000Z""","""2026-06-11T17:31:59.000Z"""
1180,281,169,2453,,topic,completed,7,7,3,6,17,"""2026-05-04T12:29:40.000Z""","""2026-05-04T12:50:40.000Z""","""2026-05-04T12:29:40.000Z""","""2026-05-04T12:50:40.000Z"""
