id,course_id,topic_name,parent_topic_id,weight,status,created_at,updated_at
1,1,Programming Fundamentals,,1,active,"""2026-05-24T21:17:44.051Z""","""2026-06-11T00:00:00.000Z"""
2,1,Variables and Types,1,,active,"""2026-05-24T21:17:44.051Z""","""2026-06-11T00:00:00.000Z"""
3,1,Operators and Expressions,1,,active,"""2026-05-24T21:17:44.051Z""","""2026-06-11T00:00:00.000Z"""
4,1,Control Flow,,2,active,"""2026-05-24T21:17:44.051Z""","""2026-06-11T00:00:00.000Z"""
5,1,Conditional Branching,4,,active,"""2026-05-24T21:17:44.051Z""","""2026-06-11T00:00:00.000Z"""
6,1,Loop Tracing,4,,active,"""2026-05-24T21:17:44.051Z""","""2026-06-11T00:00:00.000Z"""
7,1,Functions and Modular Design,,3,active,"""2026-05-24T21:17:44.051Z""","""2026-06-11T00:00:00.000Z"""
8,1,Function Calls,7,,active,"""2026-05-24T21:17:44.051Z""","""2026-06-11T00:00:00.000Z"""
9,1,Parameters and Return Values,7,,active,"""2026-05-24T21:17:44.051Z""","""2026-06-11T00:00:00.000Z"""
10,1,Arrays and Problem Solving,,4,active,"""2026-05-24T21:17:44.051Z""","""2026-06-11T00:00:00.000Z"""
11,1,Array Traversal,10,,active,"""2026-05-24T21:17:44.051Z""","""2026-06-11T00:00:00.000Z"""
12,1,Indexing Edge Cases,10,,active,"""2026-05-24T21:17:44.051Z""","""2026-06-11T00:00:00.000Z"""
13,2,Class Design and Encapsulation,,1,active,"""2026-05-24T21:17:44.051Z""","""2026-06-11T00:00:00.000Z"""
14,2,Fields and Methods,13,,active,"""2026-05-24T21:17:44.051Z""","""2026-06-11T00:00:00.000Z"""
15,2,Constructors,13,,active,"""2026-05-24T21:17:44.051Z""","""2026-06-11T00:00:00.000Z"""
16,2,Objects and References,,2,active,"""2026-05-24T21:17:44.051Z""","""2026-06-11T00:00:00.000Z"""
17,2,Object Creation,16,,active,"""2026-05-24T21:17:44.051Z""","""2026-06-11T00:00:00.000Z"""
18,2,Reference Aliasing,16,,active,"""2026-05-24T21:17:44.051Z""","""2026-06-11T00:00:00.000Z"""
19,2,Inheritance and Polymorphism,,3,active,"""2026-05-24T21:17:44.051Z""","""2026-06-11T00:00:00.000Z"""
20,2,Inheritance Hierarchies,19,,active,"""2026-05-24T21:17:44.051Z""","""2026-06-11T00:00:00.000Z"""
21,2,Method Overriding,19,,active,"""2026-05-24T21:17:44.051Z""","""2026-06-11T00:00:00.000Z"""
22,2,Interfaces and Robust Design,,4,active,"""2026-05-24T21:17:44.051Z""","""2026-06-11T00:00:00.000Z"""
23,2,Interfaces and Abstract Classes,22,,active,"""2026-05-24T21:17:44.051Z""","""2026-06-11T00:00:00.000Z"""
24,2,Equality and toString,22,,active,"""2026-05-24T21:17:44.051Z""","""2026-06-11T00:00:00.000Z"""
25,3,Linear Data Structures,,1,active,"""2026-05-24T21:17:44.051Z""","""2026-06-11T00:00:00.000Z"""
26,3,Linked Lists,25,,active,"""2026-05-24T21:17:44.051Z""","""2026-06-11T00:00:00.000Z"""
27,3,Stacks and Queues,25,,active,"""2026-05-24T21:17:44.051Z""","""2026-06-11T00:00:00.000Z"""
28,3,Trees and Search Structures,,2,active,"""2026-05-24T21:17:44.051Z""","""2026-06-11T00:00:00.000Z"""
29,3,Binary Trees,28,,active,"""2026-05-24T21:17:44.051Z""","""2026-06-11T00:00:00.000Z"""
30,3,Binary Search Trees,28,,active,"""2026-05-24T21:17:44.051Z""","""2026-06-11T00:00:00.000Z"""
31,3,Hash Tables,,3,active,"""2026-05-24T21:17:44.051Z""","""2026-06-11T00:00:00.000Z"""
32,3,Hash Functions,31,,active,"""2026-05-24T21:17:44.051Z""","""2026-06-11T00:00:00.000Z"""
33,3,Collision Resolution,31,,active,"""2026-05-24T21:17:44.051Z""","""2026-06-11T00:00:00.000Z"""
34,3,Graph Structures,,4,active,"""2026-05-24T21:17:44.051Z""","""2026-06-11T00:00:00.000Z"""
35,3,Graph Representations,34,,active,"""2026-05-24T21:17:44.051Z""","""2026-06-11T00:00:00.000Z"""
36,3,Breadth-First Search,34,,active,"""2026-05-24T21:17:44.051Z""","""2026-06-11T00:00:00.000Z"""
37,4,Relational Data Modeling,,1,active,"""2026-05-24T21:17:44.051Z""","""2026-06-11T00:00:00.000Z"""
38,4,Tables and Attributes,37,,active,"""2026-05-24T21:17:44.051Z""","""2026-06-11T00:00:00.000Z"""
39,4,Primary and Foreign Keys,37,,active,"""2026-05-24T21:17:44.051Z""","""2026-06-11T00:00:00.000Z"""
40,4,SQL Query Processing,,2,active,"""2026-05-24T21:17:44.051Z""","""2026-06-11T00:00:00.000Z"""
41,4,SELECT-FROM-WHERE,40,,active,"""2026-05-24T21:17:44.051Z""","""2026-06-11T00:00:00.000Z"""
42,4,JOIN Operations,40,,active,"""2026-05-24T21:17:44.051Z""","""2026-06-11T00:00:00.000Z"""
43,4,Database Design,,3,active,"""2026-05-24T21:17:44.051Z""","""2026-06-11T00:00:00.000Z"""
44,4,Functional Dependencies,43,,active,"""2026-05-24T21:17:44.051Z""","""2026-06-11T00:00:00.000Z"""
45,4,Normalization Forms,43,,active,"""2026-05-24T21:17:44.051Z""","""2026-06-11T00:00:00.000Z"""
46,4,Transactions and Consistency,,4,active,"""2026-05-24T21:17:44.051Z""","""2026-06-11T00:00:00.000Z"""
47,4,ACID Properties,46,,active,"""2026-05-24T21:17:44.051Z""","""2026-06-11T00:00:00.000Z"""
48,4,Concurrency Anomalies,46,,active,"""2026-05-24T21:17:44.051Z""","""2026-06-11T00:00:00.000Z"""
49,5,Network Layer,,1,active,"""2026-05-24T21:17:44.051Z""","""2026-06-11T00:00:00.000Z"""
50,5,IP Addressing and Subnetting,49,,active,"""2026-05-24T21:17:44.051Z""","""2026-06-11T00:00:00.000Z"""
51,5,Routing Tables,49,,active,"""2026-05-24T21:17:44.051Z""","""2026-06-11T00:00:00.000Z"""
52,5,Transport Layer,,2,active,"""2026-05-24T21:17:44.051Z""","""2026-06-11T00:00:00.000Z"""
53,5,TCP State and Reliability,52,,active,"""2026-05-24T21:17:44.051Z""","""2026-06-11T00:00:00.000Z"""
54,5,UDP Behavior,52,,active,"""2026-05-24T21:17:44.051Z""","""2026-06-11T00:00:00.000Z"""
55,5,Routing Protocols,,3,active,"""2026-05-24T21:17:44.051Z""","""2026-06-11T00:00:00.000Z"""
56,5,Distance Vector Routing,55,,active,"""2026-05-24T21:17:44.051Z""","""2026-06-11T00:00:00.000Z"""
57,5,Link State Routing,55,,active,"""2026-05-24T21:17:44.051Z""","""2026-06-11T00:00:00.000Z"""
58,5,Link Layer,,4,active,"""2026-05-24T21:17:44.051Z""","""2026-06-11T00:00:00.000Z"""
59,5,Framing and Error Detection,58,,active,"""2026-05-24T21:17:44.051Z""","""2026-06-11T00:00:00.000Z"""
60,5,MAC Addressing and ARP,58,,active,"""2026-05-24T21:17:44.051Z""","""2026-06-11T00:00:00.000Z"""
61,6,Processes and Scheduling,,1,active,"""2026-05-24T21:17:44.051Z""","""2026-06-11T00:00:00.000Z"""
62,6,Process States,61,,active,"""2026-05-24T21:17:44.051Z""","""2026-06-11T00:00:00.000Z"""
63,6,CPU Scheduling Metrics,61,,active,"""2026-05-24T21:17:44.051Z""","""2026-06-11T00:00:00.000Z"""
64,6,Memory Management,,2,active,"""2026-05-24T21:17:44.051Z""","""2026-06-11T00:00:00.000Z"""
65,6,Paging,64,,active,"""2026-05-24T21:17:44.051Z""","""2026-06-11T00:00:00.000Z"""
66,6,Virtual Memory,64,,active,"""2026-05-24T21:17:44.051Z""","""2026-06-11T00:00:00.000Z"""
67,6,File Systems and Storage,,3,active,"""2026-05-24T21:17:44.051Z""","""2026-06-11T00:00:00.000Z"""
68,6,Directories and Inodes,67,,active,"""2026-05-24T21:17:44.051Z""","""2026-06-11T00:00:00.000Z"""
69,6,Permissions,67,,active,"""2026-05-24T21:17:44.051Z""","""2026-06-11T00:00:00.000Z"""
70,6,Concurrency,,4,active,"""2026-05-24T21:17:44.051Z""","""2026-06-11T00:00:00.000Z"""
71,6,Threads,70,,active,"""2026-05-24T21:17:44.051Z""","""2026-06-11T00:00:00.000Z"""
72,6,Race Conditions,70,,active,"""2026-05-24T21:17:44.051Z""","""2026-06-11T00:00:00.000Z"""
73,7,Algorithm Complexity,,1,active,"""2026-05-24T21:17:44.051Z""","""2026-06-11T00:00:00.000Z"""
74,7,Asymptotic Bounds,73,,active,"""2026-05-24T21:17:44.051Z""","""2026-06-11T00:00:00.000Z"""
75,7,Recurrence Relations,73,,active,"""2026-05-24T21:17:44.051Z""","""2026-06-11T00:00:00.000Z"""
76,7,Sorting and Selection,,2,active,"""2026-05-24T21:17:44.051Z""","""2026-06-11T00:00:00.000Z"""
77,7,Comparison Sorting,76,,active,"""2026-05-24T21:17:44.051Z""","""2026-06-11T00:00:00.000Z"""
78,7,Stability and In-Place Sorting,76,,active,"""2026-05-24T21:17:44.051Z""","""2026-06-11T00:00:00.000Z"""
79,7,Graph Algorithms,,3,active,"""2026-05-24T21:17:44.051Z""","""2026-06-11T00:00:00.000Z"""
80,7,Shortest Paths,79,,active,"""2026-05-24T21:17:44.051Z""","""2026-06-11T00:00:00.000Z"""
81,7,Minimum Spanning Trees,79,,active,"""2026-05-24T21:17:44.051Z""","""2026-06-11T00:00:00.000Z"""
82,7,Dynamic Programming and Greedy Methods,,4,active,"""2026-05-24T21:17:44.051Z""","""2026-06-11T00:00:00.000Z"""
83,7,Optimal Substructure,82,,active,"""2026-05-24T21:17:44.051Z""","""2026-06-11T00:00:00.000Z"""
84,7,Memoization Tables,82,,active,"""2026-05-24T21:17:44.051Z""","""2026-06-11T00:00:00.000Z"""
85,8,Supervised Learning,,1,active,"""2026-05-24T21:17:44.051Z""","""2026-06-11T00:00:00.000Z"""
86,8,Training and Test Sets,85,,active,"""2026-05-24T21:17:44.051Z""","""2026-06-11T00:00:00.000Z"""
87,8,Classification Metrics,85,,active,"""2026-05-24T21:17:44.051Z""","""2026-06-11T00:00:00.000Z"""
88,8,Model Evaluation,,2,active,"""2026-05-24T21:17:44.051Z""","""2026-06-11T00:00:00.000Z"""
89,8,Confusion Matrices,88,,active,"""2026-05-24T21:17:44.051Z""","""2026-06-11T00:00:00.000Z"""
90,8,Overfitting and Underfitting,88,,active,"""2026-05-24T21:17:44.051Z""","""2026-06-11T00:00:00.000Z"""
91,8,Optimization and Loss,,3,active,"""2026-05-24T21:17:44.051Z""","""2026-06-11T00:00:00.000Z"""
92,8,Gradient Descent,91,,active,"""2026-05-24T21:17:44.051Z""","""2026-06-11T00:00:00.000Z"""
93,8,Learning Rates,91,,active,"""2026-05-24T21:17:44.051Z""","""2026-06-11T00:00:00.000Z"""
94,8,Neural and Statistical Models,,4,active,"""2026-05-24T21:17:44.051Z""","""2026-06-11T00:00:00.000Z"""
95,8,Feature Scaling,94,,active,"""2026-05-24T21:17:44.051Z""","""2026-06-11T00:00:00.000Z"""
96,8,Decision Boundaries,94,,active,"""2026-05-24T21:17:44.051Z""","""2026-06-11T00:00:00.000Z"""
97,9,Security Principles,,1,active,"""2026-05-24T21:17:44.051Z""","""2026-06-11T00:00:00.000Z"""
98,9,Confidentiality and Integrity,97,,active,"""2026-05-24T21:17:44.051Z""","""2026-06-11T00:00:00.000Z"""
99,9,Authentication,97,,active,"""2026-05-24T21:17:44.051Z""","""2026-06-11T00:00:00.000Z"""
100,9,Cryptography,,2,active,"""2026-05-24T21:17:44.051Z""","""2026-06-11T00:00:00.000Z"""
101,9,Symmetric Encryption,100,,active,"""2026-05-24T21:17:44.051Z""","""2026-06-11T00:00:00.000Z"""
102,9,Public-Key Encryption,100,,active,"""2026-05-24T21:17:44.051Z""","""2026-06-11T00:00:00.000Z"""
103,9,Network and Web Threats,,3,active,"""2026-05-24T21:17:44.051Z""","""2026-06-11T00:00:00.000Z"""
104,9,Injection Attacks,103,,active,"""2026-05-24T21:17:44.051Z""","""2026-06-11T00:00:00.000Z"""
105,9,Replay Attacks,103,,active,"""2026-05-24T21:17:44.051Z""","""2026-06-11T00:00:00.000Z"""
106,9,Risk and Defensive Controls,,4,active,"""2026-05-24T21:17:44.051Z""","""2026-06-11T00:00:00.000Z"""
107,9,Access Control Policies,106,,active,"""2026-05-24T21:17:44.051Z""","""2026-06-11T00:00:00.000Z"""
108,9,Logging and Monitoring,106,,active,"""2026-05-24T21:17:44.051Z""","""2026-06-11T00:00:00.000Z"""
109,10,Parallel Execution Models,,1,active,"""2026-05-24T21:17:44.051Z""","""2026-06-11T00:00:00.000Z"""
110,10,Processes and Threads,109,,active,"""2026-05-24T21:17:44.051Z""","""2026-06-11T00:00:00.000Z"""
111,10,Task Parallelism,109,,active,"""2026-05-24T21:17:44.051Z""","""2026-06-11T00:00:00.000Z"""
112,10,Synchronization,,2,active,"""2026-05-24T21:17:44.051Z""","""2026-06-11T00:00:00.000Z"""
113,10,Locks and Barriers,112,,active,"""2026-05-24T21:17:44.051Z""","""2026-06-11T00:00:00.000Z"""
114,10,Race Conditions,112,,active,"""2026-05-24T21:17:44.051Z""","""2026-06-11T00:00:00.000Z"""
115,10,Distributed Systems,,3,active,"""2026-05-24T21:17:44.051Z""","""2026-06-11T00:00:00.000Z"""
116,10,Message Passing,115,,active,"""2026-05-24T21:17:44.051Z""","""2026-06-11T00:00:00.000Z"""
117,10,Consensus Basics,115,,active,"""2026-05-24T21:17:44.051Z""","""2026-06-11T00:00:00.000Z"""
118,10,Performance Analysis,,4,active,"""2026-05-24T21:17:44.051Z""","""2026-06-11T00:00:00.000Z"""
119,10,Speedup,118,,active,"""2026-05-24T21:17:44.051Z""","""2026-06-11T00:00:00.000Z"""
120,10,Scalability,118,,active,"""2026-05-24T21:17:44.051Z""","""2026-06-11T00:00:00.000Z"""
121,11,Lexical Analysis,,1,active,"""2026-05-24T21:17:44.051Z""","""2026-06-11T00:00:00.000Z"""
122,11,Tokens,121,,active,"""2026-05-24T21:17:44.051Z""","""2026-06-11T00:00:00.000Z"""
123,11,Regular Expressions,121,,active,"""2026-05-24T21:17:44.051Z""","""2026-06-11T00:00:00.000Z"""
124,11,Syntax Analysis,,2,active,"""2026-05-24T21:17:44.051Z""","""2026-06-11T00:00:00.000Z"""
125,11,Context-Free Grammars,124,,active,"""2026-05-24T21:17:44.051Z""","""2026-06-11T00:00:00.000Z"""
126,11,Parse Trees,124,,active,"""2026-05-24T21:17:44.051Z""","""2026-06-11T00:00:00.000Z"""
127,11,Semantic Analysis,,3,active,"""2026-05-24T21:17:44.051Z""","""2026-06-11T00:00:00.000Z"""
128,11,Type Checking,127,,active,"""2026-05-24T21:17:44.051Z""","""2026-06-11T00:00:00.000Z"""
129,11,Symbol Tables,127,,active,"""2026-05-24T21:17:44.051Z""","""2026-06-11T00:00:00.000Z"""
130,11,Code Generation and Optimization,,4,active,"""2026-05-24T21:17:44.051Z""","""2026-06-11T00:00:00.000Z"""
131,11,Intermediate Representation,130,,active,"""2026-05-24T21:17:44.051Z""","""2026-06-11T00:00:00.000Z"""
132,11,Register Allocation,130,,active,"""2026-05-24T21:17:44.051Z""","""2026-06-11T00:00:00.000Z"""
133,12,Limits and Continuity,,1,active,"""2026-05-24T21:17:44.051Z""","""2026-06-11T00:00:00.000Z"""
134,12,Limit Laws,133,,active,"""2026-05-24T21:17:44.051Z""","""2026-06-11T00:00:00.000Z"""
135,12,One-Sided Limits,133,,active,"""2026-05-24T21:17:44.051Z""","""2026-06-11T00:00:00.000Z"""
136,12,Differentiation,,2,active,"""2026-05-24T21:17:44.051Z""","""2026-06-11T00:00:00.000Z"""
137,12,Derivative Rules,136,,active,"""2026-05-24T21:17:44.051Z""","""2026-06-11T00:00:00.000Z"""
138,12,Implicit Differentiation,136,,active,"""2026-05-24T21:17:44.051Z""","""2026-06-11T00:00:00.000Z"""
139,12,Integration,,3,active,"""2026-05-24T21:17:44.051Z""","""2026-06-11T00:00:00.000Z"""
140,12,Antiderivatives,139,,active,"""2026-05-24T21:17:44.051Z""","""2026-06-11T00:00:00.000Z"""
141,12,Definite Integrals,139,,active,"""2026-05-24T21:17:44.051Z""","""2026-06-11T00:00:00.000Z"""
142,12,Applications of Calculus,,4,active,"""2026-05-24T21:17:44.051Z""","""2026-06-11T00:00:00.000Z"""
143,12,Related Rates,142,,active,"""2026-05-24T21:17:44.051Z""","""2026-06-11T00:00:00.000Z"""
144,12,Curve Sketching,142,,active,"""2026-05-24T21:17:44.051Z""","""2026-06-11T00:00:00.000Z"""
145,13,Matrices and Row Operations,,1,active,"""2026-05-24T21:17:44.051Z""","""2026-06-11T00:00:00.000Z"""
146,13,Gaussian Elimination,145,,active,"""2026-05-24T21:17:44.051Z""","""2026-06-11T00:00:00.000Z"""
147,13,Matrix Inverses,145,,active,"""2026-05-24T21:17:44.051Z""","""2026-06-11T00:00:00.000Z"""
148,13,Vector Spaces,,2,active,"""2026-05-24T21:17:44.051Z""","""2026-06-11T00:00:00.000Z"""
149,13,Linear Independence,148,,active,"""2026-05-24T21:17:44.051Z""","""2026-06-11T00:00:00.000Z"""
150,13,Basis and Dimension,148,,active,"""2026-05-24T21:17:44.051Z""","""2026-06-11T00:00:00.000Z"""
151,13,Linear Transformations,,3,active,"""2026-05-24T21:17:44.051Z""","""2026-06-11T00:00:00.000Z"""
152,13,Kernel and Image,151,,active,"""2026-05-24T21:17:44.051Z""","""2026-06-11T00:00:00.000Z"""
153,13,Matrix Representation,151,,active,"""2026-05-24T21:17:44.051Z""","""2026-06-11T00:00:00.000Z"""
154,13,Eigenvalues and Diagonalization,,4,active,"""2026-05-24T21:17:44.051Z""","""2026-06-11T00:00:00.000Z"""
155,13,Characteristic Polynomial,154,,active,"""2026-05-24T21:17:44.051Z""","""2026-06-11T00:00:00.000Z"""
156,13,Eigenvectors,154,,active,"""2026-05-24T21:17:44.051Z""","""2026-06-11T00:00:00.000Z"""
157,14,Force Systems,,1,active,"""2026-05-24T21:17:44.051Z""","""2026-06-11T00:00:00.000Z"""
158,14,Force Components,157,,active,"""2026-05-24T21:17:44.051Z""","""2026-06-11T00:00:00.000Z"""
159,14,Resultants,157,,active,"""2026-05-24T21:17:44.051Z""","""2026-06-11T00:00:00.000Z"""
160,14,Rigid Body Equilibrium,,2,active,"""2026-05-24T21:17:44.051Z""","""2026-06-11T00:00:00.000Z"""
161,14,Support Reactions,160,,active,"""2026-05-24T21:17:44.051Z""","""2026-06-11T00:00:00.000Z"""
162,14,Moment Equilibrium,160,,active,"""2026-05-24T21:17:44.051Z""","""2026-06-11T00:00:00.000Z"""
163,14,Friction and Contact,,3,active,"""2026-05-24T21:17:44.051Z""","""2026-06-11T00:00:00.000Z"""
164,14,Static Friction,163,,active,"""2026-05-24T21:17:44.051Z""","""2026-06-11T00:00:00.000Z"""
165,14,Impending Motion,163,,active,"""2026-05-24T21:17:44.051Z""","""2026-06-11T00:00:00.000Z"""
166,14,Centroids and Moments of Inertia,,4,active,"""2026-05-24T21:17:44.051Z""","""2026-06-11T00:00:00.000Z"""
167,14,Composite Areas,166,,active,"""2026-05-24T21:17:44.051Z""","""2026-06-11T00:00:00.000Z"""
168,14,Centroid Calculation,166,,active,"""2026-05-24T21:17:44.051Z""","""2026-06-11T00:00:00.000Z"""
169,15,Stress and Strain,,1,active,"""2026-05-24T21:17:44.051Z""","""2026-06-11T00:00:00.000Z"""
170,15,Normal Stress,169,,active,"""2026-05-24T21:17:44.051Z""","""2026-06-11T00:00:00.000Z"""
171,15,Shear Stress,169,,active,"""2026-05-24T21:17:44.051Z""","""2026-06-11T00:00:00.000Z"""
172,15,Axial and Torsional Loading,,2,active,"""2026-05-24T21:17:44.051Z""","""2026-06-11T00:00:00.000Z"""
173,15,Axial Deformation,172,,active,"""2026-05-24T21:17:44.051Z""","""2026-06-11T00:00:00.000Z"""
174,15,Torsion Formula,172,,active,"""2026-05-24T21:17:44.051Z""","""2026-06-11T00:00:00.000Z"""
175,15,Bending and Shear,,3,active,"""2026-05-24T21:17:44.051Z""","""2026-06-11T00:00:00.000Z"""
176,15,Bending Stress,175,,active,"""2026-05-24T21:17:44.051Z""","""2026-06-11T00:00:00.000Z"""
177,15,Shear Force Diagrams,175,,active,"""2026-05-24T21:17:44.051Z""","""2026-06-11T00:00:00.000Z"""
178,15,Failure and Deflection,,4,active,"""2026-05-24T21:17:44.051Z""","""2026-06-11T00:00:00.000Z"""
179,15,Combined Stress,178,,active,"""2026-05-24T21:17:44.051Z""","""2026-06-11T00:00:00.000Z"""
180,15,Beam Deflection,178,,active,"""2026-05-24T21:17:44.051Z""","""2026-06-11T00:00:00.000Z"""
181,16,Reinforced Concrete Behavior,,1,active,"""2026-05-24T21:17:44.051Z""","""2026-06-11T00:00:00.000Z"""
182,16,Concrete Compression,181,,active,"""2026-05-24T21:17:44.051Z""","""2026-06-11T00:00:00.000Z"""
183,16,Steel Reinforcement,181,,active,"""2026-05-24T21:17:44.051Z""","""2026-06-11T00:00:00.000Z"""
184,16,Flexural Design,,2,active,"""2026-05-24T21:17:44.051Z""","""2026-06-11T00:00:00.000Z"""
185,16,Moment Capacity,184,,active,"""2026-05-24T21:17:44.051Z""","""2026-06-11T00:00:00.000Z"""
186,16,Neutral Axis Depth,184,,active,"""2026-05-24T21:17:44.051Z""","""2026-06-11T00:00:00.000Z"""
187,16,Shear and Serviceability,,3,active,"""2026-05-24T21:17:44.051Z""","""2026-06-11T00:00:00.000Z"""
188,16,Shear Capacity,187,,active,"""2026-05-24T21:17:44.051Z""","""2026-06-11T00:00:00.000Z"""
189,16,Deflection Limits,187,,active,"""2026-05-24T21:17:44.051Z""","""2026-06-11T00:00:00.000Z"""
190,16,Design Detailing,,4,active,"""2026-05-24T21:17:44.051Z""","""2026-06-11T00:00:00.000Z"""
191,16,Anchorage Length,190,,active,"""2026-05-24T21:17:44.051Z""","""2026-06-11T00:00:00.000Z"""
192,16,Stirrup Layout,190,,active,"""2026-05-24T21:17:44.051Z""","""2026-06-11T00:00:00.000Z"""
193,17,Soil Classification,,1,active,"""2026-05-24T21:17:44.051Z""","""2026-06-11T00:00:00.000Z"""
194,17,Grain Size Distribution,193,,active,"""2026-05-24T21:17:44.051Z""","""2026-06-11T00:00:00.000Z"""
195,17,Atterberg Limits,193,,active,"""2026-05-24T21:17:44.051Z""","""2026-06-11T00:00:00.000Z"""
196,17,Effective Stress and Seepage,,2,active,"""2026-05-24T21:17:44.051Z""","""2026-06-11T00:00:00.000Z"""
197,17,Total and Effective Stress,196,,active,"""2026-05-24T21:17:44.051Z""","""2026-06-11T00:00:00.000Z"""
198,17,Pore Water Pressure,196,,active,"""2026-05-24T21:17:44.051Z""","""2026-06-11T00:00:00.000Z"""
199,17,Shear Strength,,3,active,"""2026-05-24T21:17:44.051Z""","""2026-06-11T00:00:00.000Z"""
200,17,Mohr-Coulomb Parameters,199,,active,"""2026-05-24T21:17:44.051Z""","""2026-06-11T00:00:00.000Z"""
201,17,Direct Shear Tests,199,,active,"""2026-05-24T21:17:44.051Z""","""2026-06-11T00:00:00.000Z"""
202,17,Consolidation and Settlement,,4,active,"""2026-05-24T21:17:44.051Z""","""2026-06-11T00:00:00.000Z"""
203,17,Consolidation Curves,202,,active,"""2026-05-24T21:17:44.051Z""","""2026-06-11T00:00:00.000Z"""
204,17,Settlement Calculation,202,,active,"""2026-05-24T21:17:44.051Z""","""2026-06-11T00:00:00.000Z"""
205,18,Equilibrium of Structures,,1,active,"""2026-05-24T21:17:44.051Z""","""2026-06-11T00:00:00.000Z"""
206,18,Free Body Diagrams,205,,active,"""2026-05-24T21:17:44.051Z""","""2026-06-11T00:00:00.000Z"""
207,18,Support Reactions,205,,active,"""2026-05-24T21:17:44.051Z""","""2026-06-11T00:00:00.000Z"""
208,18,Internal Forces,,2,active,"""2026-05-24T21:17:44.051Z""","""2026-06-11T00:00:00.000Z"""
209,18,Axial Force,208,,active,"""2026-05-24T21:17:44.051Z""","""2026-06-11T00:00:00.000Z"""
210,18,Shear Force,208,,active,"""2026-05-24T21:17:44.051Z""","""2026-06-11T00:00:00.000Z"""
211,18,Trusses and Frames,,3,active,"""2026-05-24T21:17:44.051Z""","""2026-06-11T00:00:00.000Z"""
212,18,Method of Joints,211,,active,"""2026-05-24T21:17:44.051Z""","""2026-06-11T00:00:00.000Z"""
213,18,Method of Sections,211,,active,"""2026-05-24T21:17:44.051Z""","""2026-06-11T00:00:00.000Z"""
214,18,Loading and Stability Checks,,4,active,"""2026-05-24T21:17:44.051Z""","""2026-06-11T00:00:00.000Z"""
215,18,Distributed Loads,214,,active,"""2026-05-24T21:17:44.051Z""","""2026-06-11T00:00:00.000Z"""
216,18,Load Combinations,214,,active,"""2026-05-24T21:17:44.051Z""","""2026-06-11T00:00:00.000Z"""
229,20,Programming Fundamentals,,1,active,"""2026-05-24T21:17:44.051Z""","""2026-06-11T00:00:00.000Z"""
230,20,Variables and Types,229,,active,"""2026-05-24T21:17:44.051Z""","""2026-06-11T00:00:00.000Z"""
231,20,Operators and Expressions,229,,active,"""2026-05-24T21:17:44.051Z""","""2026-06-11T00:00:00.000Z"""
232,20,Control Flow,,2,active,"""2026-05-24T21:17:44.051Z""","""2026-06-11T00:00:00.000Z"""
233,20,Conditional Branching,232,,active,"""2026-05-24T21:17:44.051Z""","""2026-06-11T00:00:00.000Z"""
234,20,Loop Tracing,232,,active,"""2026-05-24T21:17:44.051Z""","""2026-06-11T00:00:00.000Z"""
235,20,Functions and Modular Design,,3,active,"""2026-05-24T21:17:44.051Z""","""2026-06-11T00:00:00.000Z"""
236,20,Function Calls,235,,active,"""2026-05-24T21:17:44.051Z""","""2026-06-11T00:00:00.000Z"""
237,20,Parameters and Return Values,235,,active,"""2026-05-24T21:17:44.051Z""","""2026-06-11T00:00:00.000Z"""
238,20,Arrays and Problem Solving,,4,active,"""2026-05-24T21:17:44.051Z""","""2026-06-11T00:00:00.000Z"""
239,20,Array Traversal,238,,active,"""2026-05-24T21:17:44.051Z""","""2026-06-11T00:00:00.000Z"""
240,20,Indexing Edge Cases,238,,active,"""2026-05-24T21:17:44.051Z""","""2026-06-11T00:00:00.000Z"""
241,21,Equilibrium of Structures,,1,active,"""2026-05-24T21:17:44.051Z""","""2026-06-11T00:00:00.000Z"""
242,21,Free Body Diagrams,241,,active,"""2026-05-24T21:17:44.051Z""","""2026-06-11T00:00:00.000Z"""
243,21,Support Reactions,241,,active,"""2026-05-24T21:17:44.051Z""","""2026-06-11T00:00:00.000Z"""
244,21,Internal Forces,,2,active,"""2026-05-24T21:17:44.051Z""","""2026-06-11T00:00:00.000Z"""
245,21,Axial Force,244,,active,"""2026-05-24T21:17:44.051Z""","""2026-06-11T00:00:00.000Z"""
246,21,Shear Force,244,,active,"""2026-05-24T21:17:44.051Z""","""2026-06-11T00:00:00.000Z"""
247,21,Trusses and Frames,,3,active,"""2026-05-24T21:17:44.051Z""","""2026-06-11T00:00:00.000Z"""
248,21,Method of Joints,247,,active,"""2026-05-24T21:17:44.051Z""","""2026-06-11T00:00:00.000Z"""
249,21,Method of Sections,247,,active,"""2026-05-24T21:17:44.051Z""","""2026-06-11T00:00:00.000Z"""
250,21,Loading and Stability Checks,,4,active,"""2026-05-24T21:17:44.051Z""","""2026-06-11T00:00:00.000Z"""
251,21,Distributed Loads,250,,active,"""2026-05-24T21:17:44.051Z""","""2026-06-11T00:00:00.000Z"""
252,21,Load Combinations,250,,active,"""2026-05-24T21:17:44.051Z""","""2026-06-11T00:00:00.000Z"""
253,22,Particle Kinematics,,1,active,"""2026-05-24T21:17:44.051Z""","""2026-06-11T00:00:00.000Z"""
254,22,Relative Motion,253,,active,"""2026-05-24T21:17:44.051Z""","""2026-06-11T00:00:00.000Z"""
255,22,Curvilinear Motion,253,,active,"""2026-05-24T21:17:44.051Z""","""2026-06-11T00:00:00.000Z"""
256,22,Newton-Euler Dynamics,,2,active,"""2026-05-24T21:17:44.051Z""","""2026-06-11T00:00:00.000Z"""
257,22,Force Balance,256,,active,"""2026-05-24T21:17:44.051Z""","""2026-06-11T00:00:00.000Z"""
258,22,Rigid Body Rotation,256,,active,"""2026-05-24T21:17:44.051Z""","""2026-06-11T00:00:00.000Z"""
259,22,Work-Energy Methods,,3,active,"""2026-05-24T21:17:44.051Z""","""2026-06-11T00:00:00.000Z"""
260,22,Kinetic Energy,259,,active,"""2026-05-24T21:17:44.051Z""","""2026-06-11T00:00:00.000Z"""
261,22,Potential Energy,259,,active,"""2026-05-24T21:17:44.051Z""","""2026-06-11T00:00:00.000Z"""
262,22,Impulse and Momentum,,4,active,"""2026-05-24T21:17:44.051Z""","""2026-06-11T00:00:00.000Z"""
263,22,Linear Impulse,262,,active,"""2026-05-24T21:17:44.051Z""","""2026-06-11T00:00:00.000Z"""
264,22,Angular Momentum,262,,active,"""2026-05-24T21:17:44.051Z""","""2026-06-11T00:00:00.000Z"""
265,23,Robot Kinematics,,1,active,"""2026-05-24T21:17:44.051Z""","""2026-06-11T00:00:00.000Z"""
266,23,Coordinate Frames,265,,active,"""2026-05-24T21:17:44.051Z""","""2026-06-11T00:00:00.000Z"""
267,23,Forward Kinematics,265,,active,"""2026-05-24T21:17:44.051Z""","""2026-06-11T00:00:00.000Z"""
268,23,Sensors and Actuators,,2,active,"""2026-05-24T21:17:44.051Z""","""2026-06-11T00:00:00.000Z"""
269,23,Encoders,268,,active,"""2026-05-24T21:17:44.051Z""","""2026-06-11T00:00:00.000Z"""
270,23,Motors,268,,active,"""2026-05-24T21:17:44.051Z""","""2026-06-11T00:00:00.000Z"""
271,23,Motion Planning,,3,active,"""2026-05-24T21:17:44.051Z""","""2026-06-11T00:00:00.000Z"""
272,23,Path Planning,271,,active,"""2026-05-24T21:17:44.051Z""","""2026-06-11T00:00:00.000Z"""
273,23,Obstacle Avoidance,271,,active,"""2026-05-24T21:17:44.051Z""","""2026-06-11T00:00:00.000Z"""
274,23,Robot Control,,4,active,"""2026-05-24T21:17:44.051Z""","""2026-06-11T00:00:00.000Z"""
275,23,Feedback Control,274,,active,"""2026-05-24T21:17:44.051Z""","""2026-06-11T00:00:00.000Z"""
276,23,Localization,274,,active,"""2026-05-24T21:17:44.051Z""","""2026-06-11T00:00:00.000Z"""
277,24,Particle Kinematics,,1,active,"""2026-05-24T21:17:44.051Z""","""2026-06-11T00:00:00.000Z"""
278,24,Relative Motion,277,,active,"""2026-05-24T21:17:44.051Z""","""2026-06-11T00:00:00.000Z"""
279,24,Curvilinear Motion,277,,active,"""2026-05-24T21:17:44.051Z""","""2026-06-11T00:00:00.000Z"""
280,24,Newton-Euler Dynamics,,2,active,"""2026-05-24T21:17:44.051Z""","""2026-06-11T00:00:00.000Z"""
281,24,Force Balance,280,,active,"""2026-05-24T21:17:44.051Z""","""2026-06-11T00:00:00.000Z"""
282,24,Rigid Body Rotation,280,,active,"""2026-05-24T21:17:44.051Z""","""2026-06-11T00:00:00.000Z"""
283,24,Work-Energy Methods,,3,active,"""2026-05-24T21:17:44.051Z""","""2026-06-11T00:00:00.000Z"""
284,24,Kinetic Energy,283,,active,"""2026-05-24T21:17:44.051Z""","""2026-06-11T00:00:00.000Z"""
285,24,Potential Energy,283,,active,"""2026-05-24T21:17:44.051Z""","""2026-06-11T00:00:00.000Z"""
286,24,Impulse and Momentum,,4,active,"""2026-05-24T21:17:44.051Z""","""2026-06-11T00:00:00.000Z"""
287,24,Linear Impulse,286,,active,"""2026-05-24T21:17:44.051Z""","""2026-06-11T00:00:00.000Z"""
288,24,Angular Momentum,286,,active,"""2026-05-24T21:17:44.051Z""","""2026-06-11T00:00:00.000Z"""
289,25,Stress and Strain,,1,active,"""2026-05-24T21:17:44.051Z""","""2026-06-11T00:00:00.000Z"""
290,25,Normal Stress,289,,active,"""2026-05-24T21:17:44.051Z""","""2026-06-11T00:00:00.000Z"""
291,25,Shear Stress,289,,active,"""2026-05-24T21:17:44.051Z""","""2026-06-11T00:00:00.000Z"""
292,25,Axial and Torsional Loading,,2,active,"""2026-05-24T21:17:44.051Z""","""2026-06-11T00:00:00.000Z"""
293,25,Axial Deformation,292,,active,"""2026-05-24T21:17:44.051Z""","""2026-06-11T00:00:00.000Z"""
294,25,Torsion Formula,292,,active,"""2026-05-24T21:17:44.051Z""","""2026-06-11T00:00:00.000Z"""
295,25,Bending and Shear,,3,active,"""2026-05-24T21:17:44.051Z""","""2026-06-11T00:00:00.000Z"""
296,25,Bending Stress,295,,active,"""2026-05-24T21:17:44.051Z""","""2026-06-11T00:00:00.000Z"""
297,25,Shear Force Diagrams,295,,active,"""2026-05-24T21:17:44.051Z""","""2026-06-11T00:00:00.000Z"""
298,25,Failure and Deflection,,4,active,"""2026-05-24T21:17:44.051Z""","""2026-06-11T00:00:00.000Z"""
299,25,Combined Stress,298,,active,"""2026-05-24T21:17:44.051Z""","""2026-06-11T00:00:00.000Z"""
300,25,Beam Deflection,298,,active,"""2026-05-24T21:17:44.051Z""","""2026-06-11T00:00:00.000Z"""
301,26,Fluid Properties,,1,active,"""2026-05-24T21:17:44.051Z""","""2026-06-11T00:00:00.000Z"""
302,26,Density and Viscosity,301,,active,"""2026-05-24T21:17:44.051Z""","""2026-06-11T00:00:00.000Z"""
303,26,Pressure Variation,301,,active,"""2026-05-24T21:17:44.051Z""","""2026-06-11T00:00:00.000Z"""
304,26,Continuity and Bernoulli,,2,active,"""2026-05-24T21:17:44.051Z""","""2026-06-11T00:00:00.000Z"""
305,26,Mass Conservation,304,,active,"""2026-05-24T21:17:44.051Z""","""2026-06-11T00:00:00.000Z"""
306,26,Bernoulli Equation,304,,active,"""2026-05-24T21:17:44.051Z""","""2026-06-11T00:00:00.000Z"""
307,26,Pipe Flow,,3,active,"""2026-05-24T21:17:44.051Z""","""2026-06-11T00:00:00.000Z"""
308,26,Reynolds Number,307,,active,"""2026-05-24T21:17:44.051Z""","""2026-06-11T00:00:00.000Z"""
309,26,Friction Factor,307,,active,"""2026-05-24T21:17:44.051Z""","""2026-06-11T00:00:00.000Z"""
310,26,Momentum and Turbomachinery,,4,active,"""2026-05-24T21:17:44.051Z""","""2026-06-11T00:00:00.000Z"""
311,26,Momentum Equation,310,,active,"""2026-05-24T21:17:44.051Z""","""2026-06-11T00:00:00.000Z"""
312,26,Pump Head,310,,active,"""2026-05-24T21:17:44.051Z""","""2026-06-11T00:00:00.000Z"""
313,27,System Modeling,,1,active,"""2026-05-24T21:17:44.051Z""","""2026-06-11T00:00:00.000Z"""
314,27,Transfer Functions,313,,active,"""2026-05-24T21:17:44.051Z""","""2026-06-11T00:00:00.000Z"""
315,27,Block Diagrams,313,,active,"""2026-05-24T21:17:44.051Z""","""2026-06-11T00:00:00.000Z"""
316,27,Time Response,,2,active,"""2026-05-24T21:17:44.051Z""","""2026-06-11T00:00:00.000Z"""
317,27,First-Order Response,316,,active,"""2026-05-24T21:17:44.051Z""","""2026-06-11T00:00:00.000Z"""
318,27,Second-Order Response,316,,active,"""2026-05-24T21:17:44.051Z""","""2026-06-11T00:00:00.000Z"""
319,27,Stability Analysis,,3,active,"""2026-05-24T21:17:44.051Z""","""2026-06-11T00:00:00.000Z"""
320,27,Poles and Zeros,319,,active,"""2026-05-24T21:17:44.051Z""","""2026-06-11T00:00:00.000Z"""
321,27,Routh-Hurwitz Criterion,319,,active,"""2026-05-24T21:17:44.051Z""","""2026-06-11T00:00:00.000Z"""
322,27,Controller Design,,4,active,"""2026-05-24T21:17:44.051Z""","""2026-06-11T00:00:00.000Z"""
323,27,PID Control,322,,active,"""2026-05-24T21:17:44.051Z""","""2026-06-11T00:00:00.000Z"""
324,27,Frequency Response,322,,active,"""2026-05-24T21:17:44.051Z""","""2026-06-11T00:00:00.000Z"""
325,28,Atomic Structure and Bonding,,1,active,"""2026-05-24T21:17:44.051Z""","""2026-06-11T00:00:00.000Z"""
326,28,Electron Configuration,325,,active,"""2026-05-24T21:17:44.051Z""","""2026-06-11T00:00:00.000Z"""
327,28,Periodic Trends,325,,active,"""2026-05-24T21:17:44.051Z""","""2026-06-11T00:00:00.000Z"""
328,28,Stoichiometry,,2,active,"""2026-05-24T21:17:44.051Z""","""2026-06-11T00:00:00.000Z"""
329,28,Mole Calculations,328,,active,"""2026-05-24T21:17:44.051Z""","""2026-06-11T00:00:00.000Z"""
330,28,Limiting Reactants,328,,active,"""2026-05-24T21:17:44.051Z""","""2026-06-11T00:00:00.000Z"""
331,28,Thermochemistry and Gases,,3,active,"""2026-05-24T21:17:44.051Z""","""2026-06-11T00:00:00.000Z"""
332,28,Enthalpy Changes,331,,active,"""2026-05-24T21:17:44.051Z""","""2026-06-11T00:00:00.000Z"""
333,28,Ideal Gas Law,331,,active,"""2026-05-24T21:17:44.051Z""","""2026-06-11T00:00:00.000Z"""
334,28,Equilibrium and Acids-Bases,,4,active,"""2026-05-24T21:17:44.051Z""","""2026-06-11T00:00:00.000Z"""
335,28,Equilibrium Constants,334,,active,"""2026-05-24T21:17:44.051Z""","""2026-06-11T00:00:00.000Z"""
336,28,pH Calculations,334,,active,"""2026-05-24T21:17:44.051Z""","""2026-06-11T00:00:00.000Z"""
337,29,Process Variables,,1,active,"""2026-05-24T21:17:44.051Z""","""2026-06-11T00:00:00.000Z"""
338,29,Units and Dimensions,337,,active,"""2026-05-24T21:17:44.051Z""","""2026-06-11T00:00:00.000Z"""
339,29,Concentration Measures,337,,active,"""2026-05-24T21:17:44.051Z""","""2026-06-11T00:00:00.000Z"""
340,29,Material Balances,,2,active,"""2026-05-24T21:17:44.051Z""","""2026-06-11T00:00:00.000Z"""
341,29,Steady-State Balances,340,,active,"""2026-05-24T21:17:44.051Z""","""2026-06-11T00:00:00.000Z"""
342,29,Recycle and Bypass,340,,active,"""2026-05-24T21:17:44.051Z""","""2026-06-11T00:00:00.000Z"""
343,29,Energy Balances,,3,active,"""2026-05-24T21:17:44.051Z""","""2026-06-11T00:00:00.000Z"""
344,29,Heat Capacity,343,,active,"""2026-05-24T21:17:44.051Z""","""2026-06-11T00:00:00.000Z"""
345,29,Phase Change,343,,active,"""2026-05-24T21:17:44.051Z""","""2026-06-11T00:00:00.000Z"""
346,29,Process Equipment,,4,active,"""2026-05-24T21:17:44.051Z""","""2026-06-11T00:00:00.000Z"""
347,29,Mixers and Separators,346,,active,"""2026-05-24T21:17:44.051Z""","""2026-06-11T00:00:00.000Z"""
348,29,Heat Exchangers,346,,active,"""2026-05-24T21:17:44.051Z""","""2026-06-11T00:00:00.000Z"""
349,30,Transport Phenomena,,1,active,"""2026-05-24T21:17:44.051Z""","""2026-06-11T00:00:00.000Z"""
350,30,Momentum Transport,349,,active,"""2026-05-24T21:17:44.051Z""","""2026-06-11T00:00:00.000Z"""
351,30,Heat Transfer,349,,active,"""2026-05-24T21:17:44.051Z""","""2026-06-11T00:00:00.000Z"""
352,30,Separation Processes,,2,active,"""2026-05-24T21:17:44.051Z""","""2026-06-11T00:00:00.000Z"""
353,30,Distillation,352,,active,"""2026-05-24T21:17:44.051Z""","""2026-06-11T00:00:00.000Z"""
354,30,Absorption,352,,active,"""2026-05-24T21:17:44.051Z""","""2026-06-11T00:00:00.000Z"""
355,30,Reactor Analysis,,3,active,"""2026-05-24T21:17:44.051Z""","""2026-06-11T00:00:00.000Z"""
356,30,Conversion,355,,active,"""2026-05-24T21:17:44.051Z""","""2026-06-11T00:00:00.000Z"""
357,30,Rate Laws,355,,active,"""2026-05-24T21:17:44.051Z""","""2026-06-11T00:00:00.000Z"""
358,30,Process Design Calculations,,4,active,"""2026-05-24T21:17:44.051Z""","""2026-06-11T00:00:00.000Z"""
359,30,Degrees of Freedom,358,,active,"""2026-05-24T21:17:44.051Z""","""2026-06-11T00:00:00.000Z"""
360,30,Equipment Sizing,358,,active,"""2026-05-24T21:17:44.051Z""","""2026-06-11T00:00:00.000Z"""
361,31,Particle Kinematics,,1,active,"""2026-05-24T21:17:44.051Z""","""2026-06-11T00:00:00.000Z"""
362,31,Relative Motion,361,,active,"""2026-05-24T21:17:44.051Z""","""2026-06-11T00:00:00.000Z"""
363,31,Curvilinear Motion,361,,active,"""2026-05-24T21:17:44.051Z""","""2026-06-11T00:00:00.000Z"""
364,31,Newton-Euler Dynamics,,2,active,"""2026-05-24T21:17:44.051Z""","""2026-06-11T00:00:00.000Z"""
365,31,Force Balance,364,,active,"""2026-05-24T21:17:44.051Z""","""2026-06-11T00:00:00.000Z"""
366,31,Rigid Body Rotation,364,,active,"""2026-05-24T21:17:44.051Z""","""2026-06-11T00:00:00.000Z"""
367,31,Work-Energy Methods,,3,active,"""2026-05-24T21:17:44.051Z""","""2026-06-11T00:00:00.000Z"""
368,31,Kinetic Energy,367,,active,"""2026-05-24T21:17:44.051Z""","""2026-06-11T00:00:00.000Z"""
369,31,Potential Energy,367,,active,"""2026-05-24T21:17:44.051Z""","""2026-06-11T00:00:00.000Z"""
370,31,Impulse and Momentum,,4,active,"""2026-05-24T21:17:44.051Z""","""2026-06-11T00:00:00.000Z"""
371,31,Linear Impulse,370,,active,"""2026-05-24T21:17:44.051Z""","""2026-06-11T00:00:00.000Z"""
372,31,Angular Momentum,370,,active,"""2026-05-24T21:17:44.051Z""","""2026-06-11T00:00:00.000Z"""
373,32,Dynamics and Control Core Concepts,,1,active,"""2026-05-24T21:17:44.051Z""","""2026-06-11T00:00:00.000Z"""
374,32,Dynamics and Control Key Quantities,373,,active,"""2026-05-24T21:17:44.051Z""","""2026-06-11T00:00:00.000Z"""
375,32,Dynamics and Control Governing Principles,373,,active,"""2026-05-24T21:17:44.051Z""","""2026-06-11T00:00:00.000Z"""
376,32,Dynamics and Control Analytical Techniques,,2,active,"""2026-05-24T21:17:44.051Z""","""2026-06-11T00:00:00.000Z"""
377,32,Dynamics and Control Model Setup,376,,active,"""2026-05-24T21:17:44.051Z""","""2026-06-11T00:00:00.000Z"""
378,32,Dynamics and Control Calculation Procedures,376,,active,"""2026-05-24T21:17:44.051Z""","""2026-06-11T00:00:00.000Z"""
379,32,Dynamics and Control Practical Problems,,3,active,"""2026-05-24T21:17:44.051Z""","""2026-06-11T00:00:00.000Z"""
380,32,Dynamics and Control Data Interpretation,379,,active,"""2026-05-24T21:17:44.051Z""","""2026-06-11T00:00:00.000Z"""
381,32,Dynamics and Control Design Decisions,379,,active,"""2026-05-24T21:17:44.051Z""","""2026-06-11T00:00:00.000Z"""
382,32,Dynamics and Control Advanced Cases,,4,active,"""2026-05-24T21:17:44.051Z""","""2026-06-11T00:00:00.000Z"""
383,32,Dynamics and Control Edge Cases,382,,active,"""2026-05-24T21:17:44.051Z""","""2026-06-11T00:00:00.000Z"""
384,32,Dynamics and Control Failure Modes,382,,active,"""2026-05-24T21:17:44.051Z""","""2026-06-11T00:00:00.000Z"""
385,33,Reaction Kinetics,,1,active,"""2026-05-24T21:17:44.051Z""","""2026-06-11T00:00:00.000Z"""
386,33,Rate Laws,385,,active,"""2026-05-24T21:17:44.051Z""","""2026-06-11T00:00:00.000Z"""
387,33,Arrhenius Equation,385,,active,"""2026-05-24T21:17:44.051Z""","""2026-06-11T00:00:00.000Z"""
388,33,Ideal Reactors,,2,active,"""2026-05-24T21:17:44.051Z""","""2026-06-11T00:00:00.000Z"""
389,33,Batch Reactors,388,,active,"""2026-05-24T21:17:44.051Z""","""2026-06-11T00:00:00.000Z"""
390,33,CSTR Design,388,,active,"""2026-05-24T21:17:44.051Z""","""2026-06-11T00:00:00.000Z"""
391,33,Non-Ideal Effects,,3,active,"""2026-05-24T21:17:44.051Z""","""2026-06-11T00:00:00.000Z"""
392,33,Residence Time Distribution,391,,active,"""2026-05-24T21:17:44.051Z""","""2026-06-11T00:00:00.000Z"""
393,33,Multiple Reactions,391,,active,"""2026-05-24T21:17:44.051Z""","""2026-06-11T00:00:00.000Z"""
394,33,Reactor Safety and Scale-Up,,4,active,"""2026-05-24T21:17:44.051Z""","""2026-06-11T00:00:00.000Z"""
395,33,Runaway Reactions,394,,active,"""2026-05-24T21:17:44.051Z""","""2026-06-11T00:00:00.000Z"""
396,33,Temperature Control,394,,active,"""2026-05-24T21:17:44.051Z""","""2026-06-11T00:00:00.000Z"""
397,34,Fluid Flow Operations,,1,active,"""2026-05-24T21:17:44.051Z""","""2026-06-11T00:00:00.000Z"""
398,34,Pumping Systems,397,,active,"""2026-05-24T21:17:44.051Z""","""2026-06-11T00:00:00.000Z"""
399,34,Pressure Drop,397,,active,"""2026-05-24T21:17:44.051Z""","""2026-06-11T00:00:00.000Z"""
400,34,Heat Transfer Operations,,2,active,"""2026-05-24T21:17:44.051Z""","""2026-06-11T00:00:00.000Z"""
401,34,Heat Exchanger Design,400,,active,"""2026-05-24T21:17:44.051Z""","""2026-06-11T00:00:00.000Z"""
402,34,Evaporation,400,,active,"""2026-05-24T21:17:44.051Z""","""2026-06-11T00:00:00.000Z"""
403,34,Mass Transfer Operations,,3,active,"""2026-05-24T21:17:44.051Z""","""2026-06-11T00:00:00.000Z"""
404,34,Distillation,403,,active,"""2026-05-24T21:17:44.051Z""","""2026-06-11T00:00:00.000Z"""
405,34,Absorption,403,,active,"""2026-05-24T21:17:44.051Z""","""2026-06-11T00:00:00.000Z"""
406,34,Mechanical Separations,,4,active,"""2026-05-24T21:17:44.051Z""","""2026-06-11T00:00:00.000Z"""
407,34,Filtration,406,,active,"""2026-05-24T21:17:44.051Z""","""2026-06-11T00:00:00.000Z"""
408,34,Sedimentation,406,,active,"""2026-05-24T21:17:44.051Z""","""2026-06-11T00:00:00.000Z"""
409,35,Water and Wastewater Quality,,1,active,"""2026-05-24T21:17:44.051Z""","""2026-06-11T00:00:00.000Z"""
410,35,BOD and COD,409,,active,"""2026-05-24T21:17:44.051Z""","""2026-06-11T00:00:00.000Z"""
411,35,Nutrient Loads,409,,active,"""2026-05-24T21:17:44.051Z""","""2026-06-11T00:00:00.000Z"""
412,35,Air Pollution Control,,2,active,"""2026-05-24T21:17:44.051Z""","""2026-06-11T00:00:00.000Z"""
413,35,Particulate Removal,412,,active,"""2026-05-24T21:17:44.051Z""","""2026-06-11T00:00:00.000Z"""
414,35,Gas Absorption,412,,active,"""2026-05-24T21:17:44.051Z""","""2026-06-11T00:00:00.000Z"""
415,35,Solid and Hazardous Waste,,3,active,"""2026-05-24T21:17:44.051Z""","""2026-06-11T00:00:00.000Z"""
416,35,Waste Classification,415,,active,"""2026-05-24T21:17:44.051Z""","""2026-06-11T00:00:00.000Z"""
417,35,Leachate,415,,active,"""2026-05-24T21:17:44.051Z""","""2026-06-11T00:00:00.000Z"""
418,35,Environmental Risk and Sustainability,,4,active,"""2026-05-24T21:17:44.051Z""","""2026-06-11T00:00:00.000Z"""
419,35,Life Cycle Thinking,418,,active,"""2026-05-24T21:17:44.051Z""","""2026-06-11T00:00:00.000Z"""
420,35,Exposure Pathways,418,,active,"""2026-05-24T21:17:44.051Z""","""2026-06-11T00:00:00.000Z"""
421,36,Information Systems Foundations,,1,active,"""2026-05-24T21:17:44.051Z""","""2026-06-11T00:00:00.000Z"""
422,36,Business Processes,421,,active,"""2026-05-24T21:17:44.051Z""","""2026-06-11T00:00:00.000Z"""
423,36,System Components,421,,active,"""2026-05-24T21:17:44.051Z""","""2026-06-11T00:00:00.000Z"""
424,36,Systems Analysis,,2,active,"""2026-05-24T21:17:44.051Z""","""2026-06-11T00:00:00.000Z"""
425,36,Requirement Modeling,424,,active,"""2026-05-24T21:17:44.051Z""","""2026-06-11T00:00:00.000Z"""
426,36,Use Case Diagrams and Scenarios,424,,active,"""2026-05-24T21:17:44.051Z""","""2026-06-11T00:00:00.000Z"""
427,36,Data and Decision Support,,3,active,"""2026-05-24T21:17:44.051Z""","""2026-06-11T00:00:00.000Z"""
428,36,Data Modeling,427,,active,"""2026-05-24T21:17:44.051Z""","""2026-06-11T00:00:00.000Z"""
429,36,Dashboards,427,,active,"""2026-05-24T21:17:44.051Z""","""2026-06-11T00:00:00.000Z"""
430,36,Implementation and Governance,,4,active,"""2026-05-24T21:17:44.051Z""","""2026-06-11T00:00:00.000Z"""
431,36,System Adoption,430,,active,"""2026-05-24T21:17:44.051Z""","""2026-06-11T00:00:00.000Z"""
432,36,Security Controls,430,,active,"""2026-05-24T21:17:44.051Z""","""2026-06-11T00:00:00.000Z"""
433,37,Probability Models,,1,active,"""2026-05-24T21:17:44.051Z""","""2026-06-11T00:00:00.000Z"""
434,37,Sample Spaces,433,,active,"""2026-05-24T21:17:44.051Z""","""2026-06-11T00:00:00.000Z"""
435,37,Conditional Probability,433,,active,"""2026-05-24T21:17:44.051Z""","""2026-06-11T00:00:00.000Z"""
436,37,Random Variables,,2,active,"""2026-05-24T21:17:44.051Z""","""2026-06-11T00:00:00.000Z"""
437,37,Discrete Distributions,436,,active,"""2026-05-24T21:17:44.051Z""","""2026-06-11T00:00:00.000Z"""
438,37,Continuous Distributions,436,,active,"""2026-05-24T21:17:44.051Z""","""2026-06-11T00:00:00.000Z"""
439,37,Statistical Inference,,3,active,"""2026-05-24T21:17:44.051Z""","""2026-06-11T00:00:00.000Z"""
440,37,Sampling Distributions,439,,active,"""2026-05-24T21:17:44.051Z""","""2026-06-11T00:00:00.000Z"""
441,37,Confidence Intervals,439,,active,"""2026-05-24T21:17:44.051Z""","""2026-06-11T00:00:00.000Z"""
442,37,Regression and Data Analysis,,4,active,"""2026-05-24T21:17:44.051Z""","""2026-06-11T00:00:00.000Z"""
443,37,Correlation,442,,active,"""2026-05-24T21:17:44.051Z""","""2026-06-11T00:00:00.000Z"""
444,37,Linear Regression,442,,active,"""2026-05-24T21:17:44.051Z""","""2026-06-11T00:00:00.000Z"""
445,38,Programming Fundamentals,,1,active,"""2026-05-24T21:17:44.051Z""","""2026-06-11T00:00:00.000Z"""
446,38,Variables and Types,445,,active,"""2026-05-24T21:17:44.051Z""","""2026-06-11T00:00:00.000Z"""
447,38,Operators and Expressions,445,,active,"""2026-05-24T21:17:44.051Z""","""2026-06-11T00:00:00.000Z"""
448,38,Control Flow,,2,active,"""2026-05-24T21:17:44.051Z""","""2026-06-11T00:00:00.000Z"""
449,38,Conditional Branching,448,,active,"""2026-05-24T21:17:44.051Z""","""2026-06-11T00:00:00.000Z"""
450,38,Loop Tracing,448,,active,"""2026-05-24T21:17:44.051Z""","""2026-06-11T00:00:00.000Z"""
451,38,Functions and Modular Design,,3,active,"""2026-05-24T21:17:44.051Z""","""2026-06-11T00:00:00.000Z"""
452,38,Function Calls,451,,active,"""2026-05-24T21:17:44.051Z""","""2026-06-11T00:00:00.000Z"""
453,38,Parameters and Return Values,451,,active,"""2026-05-24T21:17:44.051Z""","""2026-06-11T00:00:00.000Z"""
454,38,Arrays and Problem Solving,,4,active,"""2026-05-24T21:17:44.051Z""","""2026-06-11T00:00:00.000Z"""
455,38,Array Traversal,454,,active,"""2026-05-24T21:17:44.051Z""","""2026-06-11T00:00:00.000Z"""
456,38,Indexing Edge Cases,454,,active,"""2026-05-24T21:17:44.051Z""","""2026-06-11T00:00:00.000Z"""
457,39,Linear Programming Models,,1,active,"""2026-05-24T21:17:44.051Z""","""2026-06-11T00:00:00.000Z"""
458,39,Decision Variables,457,,active,"""2026-05-24T21:17:44.051Z""","""2026-06-11T00:00:00.000Z"""
459,39,Objective Functions,457,,active,"""2026-05-24T21:17:44.051Z""","""2026-06-11T00:00:00.000Z"""
460,39,Graph and Network Models,,2,active,"""2026-05-24T21:17:44.051Z""","""2026-06-11T00:00:00.000Z"""
461,39,Shortest Path,460,,active,"""2026-05-24T21:17:44.051Z""","""2026-06-11T00:00:00.000Z"""
462,39,Minimum Spanning Tree,460,,active,"""2026-05-24T21:17:44.051Z""","""2026-06-11T00:00:00.000Z"""
463,39,Integer and Assignment Models,,3,active,"""2026-05-24T21:17:44.051Z""","""2026-06-11T00:00:00.000Z"""
464,39,Binary Variables,463,,active,"""2026-05-24T21:17:44.051Z""","""2026-06-11T00:00:00.000Z"""
465,39,Assignment Constraints,463,,active,"""2026-05-24T21:17:44.051Z""","""2026-06-11T00:00:00.000Z"""
466,39,Sensitivity and Duality,,4,active,"""2026-05-24T21:17:44.051Z""","""2026-06-11T00:00:00.000Z"""
467,39,Shadow Prices,466,,active,"""2026-05-24T21:17:44.051Z""","""2026-06-11T00:00:00.000Z"""
468,39,Reduced Costs,466,,active,"""2026-05-24T21:17:44.051Z""","""2026-06-11T00:00:00.000Z"""
469,40,Stochastic Models,,1,active,"""2026-05-24T21:17:44.051Z""","""2026-06-11T00:00:00.000Z"""
470,40,Random Variables in OR,469,,active,"""2026-05-24T21:17:44.051Z""","""2026-06-11T00:00:00.000Z"""
471,40,Expected Cost,469,,active,"""2026-05-24T21:17:44.051Z""","""2026-06-11T00:00:00.000Z"""
472,40,Queueing Systems,,2,active,"""2026-05-24T21:17:44.051Z""","""2026-06-11T00:00:00.000Z"""
473,40,Arrival Rates,472,,active,"""2026-05-24T21:17:44.051Z""","""2026-06-11T00:00:00.000Z"""
474,40,Service Rates,472,,active,"""2026-05-24T21:17:44.051Z""","""2026-06-11T00:00:00.000Z"""
475,40,Markov Models,,3,active,"""2026-05-24T21:17:44.051Z""","""2026-06-11T00:00:00.000Z"""
476,40,Transition Matrices,475,,active,"""2026-05-24T21:17:44.051Z""","""2026-06-11T00:00:00.000Z"""
477,40,Steady-State Probabilities,475,,active,"""2026-05-24T21:17:44.051Z""","""2026-06-11T00:00:00.000Z"""
478,40,Simulation and Risk,,4,active,"""2026-05-24T21:17:44.051Z""","""2026-06-11T00:00:00.000Z"""
479,40,Monte Carlo Runs,478,,active,"""2026-05-24T21:17:44.051Z""","""2026-06-11T00:00:00.000Z"""
480,40,Confidence Intervals,478,,active,"""2026-05-24T21:17:44.051Z""","""2026-06-11T00:00:00.000Z"""
517,44,Electronic Materials Core Concepts,,1,active,"""2026-05-24T21:17:44.051Z""","""2026-06-11T00:00:00.000Z"""
518,44,Electronic Materials Key Quantities,517,,active,"""2026-05-24T21:17:44.051Z""","""2026-06-11T00:00:00.000Z"""
519,44,Electronic Materials Governing Principles,517,,active,"""2026-05-24T21:17:44.051Z""","""2026-06-11T00:00:00.000Z"""
520,44,Electronic Materials Analytical Techniques,,2,active,"""2026-05-24T21:17:44.051Z""","""2026-06-11T00:00:00.000Z"""
521,44,Electronic Materials Model Setup,520,,active,"""2026-05-24T21:17:44.051Z""","""2026-06-11T00:00:00.000Z"""
522,44,Electronic Materials Calculation Procedures,520,,active,"""2026-05-24T21:17:44.051Z""","""2026-06-11T00:00:00.000Z"""
523,44,Electronic Materials Practical Problems,,3,active,"""2026-05-24T21:17:44.051Z""","""2026-06-11T00:00:00.000Z"""
524,44,Electronic Materials Data Interpretation,523,,active,"""2026-05-24T21:17:44.051Z""","""2026-06-11T00:00:00.000Z"""
525,44,Electronic Materials Design Decisions,523,,active,"""2026-05-24T21:17:44.051Z""","""2026-06-11T00:00:00.000Z"""
526,44,Electronic Materials Advanced Cases,,4,active,"""2026-05-24T21:17:44.051Z""","""2026-06-11T00:00:00.000Z"""
527,44,Electronic Materials Edge Cases,526,,active,"""2026-05-24T21:17:44.051Z""","""2026-06-11T00:00:00.000Z"""
528,44,Electronic Materials Failure Modes,526,,active,"""2026-05-24T21:17:44.051Z""","""2026-06-11T00:00:00.000Z"""
529,45,Programming Fundamentals,,1,active,"""2026-05-24T21:17:44.051Z""","""2026-06-11T00:00:00.000Z"""
530,45,Variables and Types,529,,active,"""2026-05-24T21:17:44.051Z""","""2026-06-11T00:00:00.000Z"""
531,45,Operators and Expressions,529,,active,"""2026-05-24T21:17:44.051Z""","""2026-06-11T00:00:00.000Z"""
532,45,Control Flow,,2,active,"""2026-05-24T21:17:44.051Z""","""2026-06-11T00:00:00.000Z"""
533,45,Conditional Branching,532,,active,"""2026-05-24T21:17:44.051Z""","""2026-06-11T00:00:00.000Z"""
534,45,Loop Tracing,532,,active,"""2026-05-24T21:17:44.051Z""","""2026-06-11T00:00:00.000Z"""
535,45,Functions and Modular Design,,3,active,"""2026-05-24T21:17:44.051Z""","""2026-06-11T00:00:00.000Z"""
536,45,Function Calls,535,,active,"""2026-05-24T21:17:44.051Z""","""2026-06-11T00:00:00.000Z"""
537,45,Parameters and Return Values,535,,active,"""2026-05-24T21:17:44.051Z""","""2026-06-11T00:00:00.000Z"""
538,45,Arrays and Problem Solving,,4,active,"""2026-05-24T21:17:44.051Z""","""2026-06-11T00:00:00.000Z"""
539,45,Array Traversal,538,,active,"""2026-05-24T21:17:44.051Z""","""2026-06-11T00:00:00.000Z"""
540,45,Indexing Edge Cases,538,,active,"""2026-05-24T21:17:44.051Z""","""2026-06-11T00:00:00.000Z"""
541,46,Boolean Algebra,,1,active,"""2026-05-24T21:17:44.051Z""","""2026-06-11T00:00:00.000Z"""
542,46,Logic Identities,541,,active,"""2026-05-24T21:17:44.051Z""","""2026-06-11T00:00:00.000Z"""
543,46,Truth Tables,541,,active,"""2026-05-24T21:17:44.051Z""","""2026-06-11T00:00:00.000Z"""
544,46,Combinational Logic,,2,active,"""2026-05-24T21:17:44.051Z""","""2026-06-11T00:00:00.000Z"""
545,46,Karnaugh Maps,544,,active,"""2026-05-24T21:17:44.051Z""","""2026-06-11T00:00:00.000Z"""
546,46,Multiplexers,544,,active,"""2026-05-24T21:17:44.051Z""","""2026-06-11T00:00:00.000Z"""
547,46,Sequential Logic,,3,active,"""2026-05-24T21:17:44.051Z""","""2026-06-11T00:00:00.000Z"""
548,46,Flip-Flops,547,,active,"""2026-05-24T21:17:44.051Z""","""2026-06-11T00:00:00.000Z"""
549,46,Counters,547,,active,"""2026-05-24T21:17:44.051Z""","""2026-06-11T00:00:00.000Z"""
550,46,Timing and Implementation,,4,active,"""2026-05-24T21:17:44.051Z""","""2026-06-11T00:00:00.000Z"""
551,46,Propagation Delay,550,,active,"""2026-05-24T21:17:44.051Z""","""2026-06-11T00:00:00.000Z"""
552,46,Setup and Hold Time,550,,active,"""2026-05-24T21:17:44.051Z""","""2026-06-11T00:00:00.000Z"""
553,47,DC Circuit Analysis,,1,active,"""2026-05-24T21:17:44.051Z""","""2026-06-11T00:00:00.000Z"""
554,47,Ohm's Law,553,,active,"""2026-05-24T21:17:44.051Z""","""2026-06-11T00:00:00.000Z"""
555,47,Kirchhoff Laws,553,,active,"""2026-05-24T21:17:44.051Z""","""2026-06-11T00:00:00.000Z"""
556,47,AC Circuit Fundamentals,,2,active,"""2026-05-24T21:17:44.051Z""","""2026-06-11T00:00:00.000Z"""
557,47,Sinusoidal Signals,556,,active,"""2026-05-24T21:17:44.051Z""","""2026-06-11T00:00:00.000Z"""
558,47,Impedance,556,,active,"""2026-05-24T21:17:44.051Z""","""2026-06-11T00:00:00.000Z"""
559,47,Circuit Theorems,,3,active,"""2026-05-24T21:17:44.051Z""","""2026-06-11T00:00:00.000Z"""
560,47,Thevenin Equivalent,559,,active,"""2026-05-24T21:17:44.051Z""","""2026-06-11T00:00:00.000Z"""
561,47,Norton Equivalent,559,,active,"""2026-05-24T21:17:44.051Z""","""2026-06-11T00:00:00.000Z"""
562,47,Power and Measurement,,4,active,"""2026-05-24T21:17:44.051Z""","""2026-06-11T00:00:00.000Z"""
563,47,Power Calculation,562,,active,"""2026-05-24T21:17:44.051Z""","""2026-06-11T00:00:00.000Z"""
564,47,Power Factor,562,,active,"""2026-05-24T21:17:44.051Z""","""2026-06-11T00:00:00.000Z"""
565,48,Microcontroller Architecture,,1,active,"""2026-05-24T21:17:44.051Z""","""2026-06-11T00:00:00.000Z"""
566,48,Registers,565,,active,"""2026-05-24T21:17:44.051Z""","""2026-06-11T00:00:00.000Z"""
567,48,Memory Map,565,,active,"""2026-05-24T21:17:44.051Z""","""2026-06-11T00:00:00.000Z"""
568,48,Digital I/O,,2,active,"""2026-05-24T21:17:44.051Z""","""2026-06-11T00:00:00.000Z"""
569,48,GPIO Configuration,568,,active,"""2026-05-24T21:17:44.051Z""","""2026-06-11T00:00:00.000Z"""
570,48,Pull-Up and Pull-Down Resistors,568,,active,"""2026-05-24T21:17:44.051Z""","""2026-06-11T00:00:00.000Z"""
571,48,Timers and Communication,,3,active,"""2026-05-24T21:17:44.051Z""","""2026-06-11T00:00:00.000Z"""
572,48,Timers and Counters,571,,active,"""2026-05-24T21:17:44.051Z""","""2026-06-11T00:00:00.000Z"""
573,48,UART and SPI,571,,active,"""2026-05-24T21:17:44.051Z""","""2026-06-11T00:00:00.000Z"""
574,48,Embedded Programming,,4,active,"""2026-05-24T21:17:44.051Z""","""2026-06-11T00:00:00.000Z"""
575,48,Bit Manipulation,574,,active,"""2026-05-24T21:17:44.051Z""","""2026-06-11T00:00:00.000Z"""
576,48,Peripheral Drivers,574,,active,"""2026-05-24T21:17:44.051Z""","""2026-06-11T00:00:00.000Z"""
577,49,Signal Representation,,1,active,"""2026-05-24T21:17:44.051Z""","""2026-06-11T00:00:00.000Z"""
578,49,Continuous-Time Signals,577,,active,"""2026-05-24T21:17:44.051Z""","""2026-06-11T00:00:00.000Z"""
579,49,Discrete-Time Signals,577,,active,"""2026-05-24T21:17:44.051Z""","""2026-06-11T00:00:00.000Z"""
580,49,Linear Time-Invariant Systems,,2,active,"""2026-05-24T21:17:44.051Z""","""2026-06-11T00:00:00.000Z"""
581,49,Convolution,580,,active,"""2026-05-24T21:17:44.051Z""","""2026-06-11T00:00:00.000Z"""
582,49,Impulse Response,580,,active,"""2026-05-24T21:17:44.051Z""","""2026-06-11T00:00:00.000Z"""
583,49,Fourier Analysis,,3,active,"""2026-05-24T21:17:44.051Z""","""2026-06-11T00:00:00.000Z"""
584,49,Fourier Series,583,,active,"""2026-05-24T21:17:44.051Z""","""2026-06-11T00:00:00.000Z"""
585,49,Fourier Transform,583,,active,"""2026-05-24T21:17:44.051Z""","""2026-06-11T00:00:00.000Z"""
586,49,Sampling and Filtering,,4,active,"""2026-05-24T21:17:44.051Z""","""2026-06-11T00:00:00.000Z"""
587,49,Sampling Theorem,586,,active,"""2026-05-24T21:17:44.051Z""","""2026-06-11T00:00:00.000Z"""
588,49,Aliasing,586,,active,"""2026-05-24T21:17:44.051Z""","""2026-06-11T00:00:00.000Z"""
589,50,Electrostatics,,1,active,"""2026-05-24T21:17:44.051Z""","""2026-06-11T00:00:00.000Z"""
590,50,Coulomb Law,589,,active,"""2026-05-24T21:17:44.051Z""","""2026-06-11T00:00:00.000Z"""
591,50,Gauss Law,589,,active,"""2026-05-24T21:17:44.051Z""","""2026-06-11T00:00:00.000Z"""
592,50,Magnetostatics,,2,active,"""2026-05-24T21:17:44.051Z""","""2026-06-11T00:00:00.000Z"""
593,50,Biot-Savart Law,592,,active,"""2026-05-24T21:17:44.051Z""","""2026-06-11T00:00:00.000Z"""
594,50,Ampere Law,592,,active,"""2026-05-24T21:17:44.051Z""","""2026-06-11T00:00:00.000Z"""
595,50,Maxwell Equations,,3,active,"""2026-05-24T21:17:44.051Z""","""2026-06-11T00:00:00.000Z"""
596,50,Faraday Law,595,,active,"""2026-05-24T21:17:44.051Z""","""2026-06-11T00:00:00.000Z"""
597,50,Displacement Current,595,,active,"""2026-05-24T21:17:44.051Z""","""2026-06-11T00:00:00.000Z"""
598,50,Wave Propagation,,4,active,"""2026-05-24T21:17:44.051Z""","""2026-06-11T00:00:00.000Z"""
599,50,Plane Waves,598,,active,"""2026-05-24T21:17:44.051Z""","""2026-06-11T00:00:00.000Z"""
600,50,Reflection,598,,active,"""2026-05-24T21:17:44.051Z""","""2026-06-11T00:00:00.000Z"""
601,51,Analog Modulation,,1,active,"""2026-05-24T21:17:44.051Z""","""2026-06-11T00:00:00.000Z"""
602,51,AM Signals,601,,active,"""2026-05-24T21:17:44.051Z""","""2026-06-11T00:00:00.000Z"""
603,51,FM Signals,601,,active,"""2026-05-24T21:17:44.051Z""","""2026-06-11T00:00:00.000Z"""
604,51,Digital Communication,,2,active,"""2026-05-24T21:17:44.051Z""","""2026-06-11T00:00:00.000Z"""
605,51,Line Coding,604,,active,"""2026-05-24T21:17:44.051Z""","""2026-06-11T00:00:00.000Z"""
606,51,Symbol Rate,604,,active,"""2026-05-24T21:17:44.051Z""","""2026-06-11T00:00:00.000Z"""
607,51,Noise and Information,,3,active,"""2026-05-24T21:17:44.051Z""","""2026-06-11T00:00:00.000Z"""
608,51,SNR,607,,active,"""2026-05-24T21:17:44.051Z""","""2026-06-11T00:00:00.000Z"""
609,51,Channel Capacity,607,,active,"""2026-05-24T21:17:44.051Z""","""2026-06-11T00:00:00.000Z"""
610,51,Communication Links,,4,active,"""2026-05-24T21:17:44.051Z""","""2026-06-11T00:00:00.000Z"""
611,51,Link Budget,610,,active,"""2026-05-24T21:17:44.051Z""","""2026-06-11T00:00:00.000Z"""
612,51,Multiplexing,610,,active,"""2026-05-24T21:17:44.051Z""","""2026-06-11T00:00:00.000Z"""
613,52,Limits and Continuity,,1,active,"""2026-05-24T21:17:44.051Z""","""2026-06-11T00:00:00.000Z"""
614,52,Limit Laws,613,0.5,active,"""2026-05-24T21:17:44.051Z""","""2026-06-11T00:00:00.000Z"""
615,52,One-Sided Limits,613,0.5,active,"""2026-05-24T21:17:44.051Z""","""2026-06-11T00:00:00.000Z"""
616,52,Differentiation,,1,active,"""2026-05-24T21:17:44.051Z""","""2026-06-11T00:00:00.000Z"""
617,52,Derivative Rules,616,0.5,active,"""2026-05-24T21:17:44.051Z""","""2026-06-11T00:00:00.000Z"""
618,52,Implicit Differentiation,616,0.5,active,"""2026-05-24T21:17:44.051Z""","""2026-06-11T00:00:00.000Z"""
619,52,Integration,,1,active,"""2026-05-24T21:17:44.051Z""","""2026-06-11T00:00:00.000Z"""
620,52,Antiderivatives,619,0.5,active,"""2026-05-24T21:17:44.051Z""","""2026-06-11T00:00:00.000Z"""
621,52,Definite Integrals,619,0.5,active,"""2026-05-24T21:17:44.051Z""","""2026-06-11T00:00:00.000Z"""
622,52,Series and Multivariable Foundations,,1,active,"""2026-05-24T21:17:44.051Z""","""2026-06-11T00:00:00.000Z"""
623,52,Taylor Approximations,622,0.5,active,"""2026-05-24T21:17:44.051Z""","""2026-06-11T00:00:00.000Z"""
624,52,Partial Derivatives,622,0.5,active,"""2026-05-24T21:17:44.051Z""","""2026-06-11T00:00:00.000Z"""
625,53,First-Order Differential Equations,,1,active,"""2026-05-24T21:17:44.051Z""","""2026-06-11T00:00:00.000Z"""
626,53,Separable Equations,625,0.5,active,"""2026-05-24T21:17:44.051Z""","""2026-06-11T00:00:00.000Z"""
627,53,Linear First-Order Equations,625,0.5,active,"""2026-05-24T21:17:44.051Z""","""2026-06-11T00:00:00.000Z"""
628,53,Second-Order Linear Equations,,1,active,"""2026-05-24T21:17:44.051Z""","""2026-06-11T00:00:00.000Z"""
629,53,Characteristic Equation,628,0.5,active,"""2026-05-24T21:17:44.051Z""","""2026-06-11T00:00:00.000Z"""
630,53,Homogeneous Solutions,628,0.5,active,"""2026-05-24T21:17:44.051Z""","""2026-06-11T00:00:00.000Z"""
631,53,Systems and Stability,,1,active,"""2026-05-24T21:17:44.051Z""","""2026-06-11T00:00:00.000Z"""
632,53,Linear Systems,631,0.5,active,"""2026-05-24T21:17:44.051Z""","""2026-06-11T00:00:00.000Z"""
633,53,Equilibrium Points,631,0.5,active,"""2026-05-24T21:17:44.051Z""","""2026-06-11T00:00:00.000Z"""
634,53,Laplace and Engineering Models,,1,active,"""2026-05-24T21:17:44.051Z""","""2026-06-11T00:00:00.000Z"""
635,53,Laplace Transforms,634,0.5,active,"""2026-05-24T21:17:44.051Z""","""2026-06-11T00:00:00.000Z"""
636,53,Step Inputs,634,0.5,active,"""2026-05-24T21:17:44.051Z""","""2026-06-11T00:00:00.000Z"""
637,54,Kinematics,,1,active,"""2026-05-24T21:17:44.051Z""","""2026-06-11T00:00:00.000Z"""
638,54,Position and Velocity,637,0.5,active,"""2026-05-24T21:17:44.051Z""","""2026-06-11T00:00:00.000Z"""
639,54,Constant Acceleration,637,0.5,active,"""2026-05-24T21:17:44.051Z""","""2026-06-11T00:00:00.000Z"""
640,54,Newtonian Mechanics,,1,active,"""2026-05-24T21:17:44.051Z""","""2026-06-11T00:00:00.000Z"""
641,54,Free Body Diagrams,640,0.5,active,"""2026-05-24T21:17:44.051Z""","""2026-06-11T00:00:00.000Z"""
642,54,Friction Forces,640,0.5,active,"""2026-05-24T21:17:44.051Z""","""2026-06-11T00:00:00.000Z"""
643,54,Work and Energy,,1,active,"""2026-05-24T21:17:44.051Z""","""2026-06-11T00:00:00.000Z"""
644,54,Kinetic Energy,643,0.5,active,"""2026-05-24T21:17:44.051Z""","""2026-06-11T00:00:00.000Z"""
645,54,Potential Energy,643,0.5,active,"""2026-05-24T21:17:44.051Z""","""2026-06-11T00:00:00.000Z"""
646,54,Momentum and Rotation,,1,active,"""2026-05-24T21:17:44.051Z""","""2026-06-11T00:00:00.000Z"""
647,54,Impulse and Momentum,646,0.5,active,"""2026-05-24T21:17:44.051Z""","""2026-06-11T00:00:00.000Z"""
648,54,Torque,646,0.5,active,"""2026-05-24T21:17:44.051Z""","""2026-06-11T00:00:00.000Z"""
649,55,Electric Fields,,1,active,"""2026-05-24T21:17:44.051Z""","""2026-06-11T00:00:00.000Z"""
650,55,Coulomb Force,649,0.5,active,"""2026-05-24T21:17:44.051Z""","""2026-06-11T00:00:00.000Z"""
651,55,Electric Field Superposition,649,0.5,active,"""2026-05-24T21:17:44.051Z""","""2026-06-11T00:00:00.000Z"""
652,55,Circuits,,1,active,"""2026-05-24T21:17:44.051Z""","""2026-06-11T00:00:00.000Z"""
653,55,Ohm's Law,652,0.5,active,"""2026-05-24T21:17:44.051Z""","""2026-06-11T00:00:00.000Z"""
654,55,Series and Parallel Resistors,652,0.5,active,"""2026-05-24T21:17:44.051Z""","""2026-06-11T00:00:00.000Z"""
655,55,Magnetism,,1,active,"""2026-05-24T21:17:44.051Z""","""2026-06-11T00:00:00.000Z"""
656,55,Magnetic Forces,655,0.5,active,"""2026-05-24T21:17:44.051Z""","""2026-06-11T00:00:00.000Z"""
657,55,Induction,655,0.5,active,"""2026-05-24T21:17:44.051Z""","""2026-06-11T00:00:00.000Z"""
658,55,Waves and Optics,,1,active,"""2026-05-24T21:17:44.051Z""","""2026-06-11T00:00:00.000Z"""
659,55,Wave Speed,658,0.5,active,"""2026-05-24T21:17:44.051Z""","""2026-06-11T00:00:00.000Z"""
660,55,Interference,658,0.5,active,"""2026-05-24T21:17:44.051Z""","""2026-06-11T00:00:00.000Z"""
661,56,Probability Models,,1,active,"""2026-05-24T21:17:44.051Z""","""2026-06-11T00:00:00.000Z"""
662,56,Sample Spaces,661,0.5,active,"""2026-05-24T21:17:44.051Z""","""2026-06-11T00:00:00.000Z"""
663,56,Conditional Probability,661,0.5,active,"""2026-05-24T21:17:44.051Z""","""2026-06-11T00:00:00.000Z"""
664,56,Random Variables,,1,active,"""2026-05-24T21:17:44.051Z""","""2026-06-11T00:00:00.000Z"""
665,56,Discrete Distributions,664,0.5,active,"""2026-05-24T21:17:44.051Z""","""2026-06-11T00:00:00.000Z"""
666,56,Continuous Distributions,664,0.5,active,"""2026-05-24T21:17:44.051Z""","""2026-06-11T00:00:00.000Z"""
667,56,Statistical Inference,,1,active,"""2026-05-24T21:17:44.051Z""","""2026-06-11T00:00:00.000Z"""
668,56,Sampling Distributions,667,0.5,active,"""2026-05-24T21:17:44.051Z""","""2026-06-11T00:00:00.000Z"""
669,56,Confidence Intervals,667,0.5,active,"""2026-05-24T21:17:44.051Z""","""2026-06-11T00:00:00.000Z"""
670,56,Regression and Data Analysis,,1,active,"""2026-05-24T21:17:44.051Z""","""2026-06-11T00:00:00.000Z"""
671,56,Correlation,670,0.5,active,"""2026-05-24T21:17:44.051Z""","""2026-06-11T00:00:00.000Z"""
672,56,Linear Regression,670,0.5,active,"""2026-05-24T21:17:44.051Z""","""2026-06-11T00:00:00.000Z"""
673,57,Atomic Structure and Bonding,,1,active,"""2026-05-24T21:17:44.051Z""","""2026-06-11T00:00:00.000Z"""
674,57,Electron Configuration,673,0.5,active,"""2026-05-24T21:17:44.051Z""","""2026-06-11T00:00:00.000Z"""
675,57,Periodic Trends,673,0.5,active,"""2026-05-24T21:17:44.051Z""","""2026-06-11T00:00:00.000Z"""
676,57,Stoichiometry,,1,active,"""2026-05-24T21:17:44.051Z""","""2026-06-11T00:00:00.000Z"""
677,57,Mole Calculations,676,0.5,active,"""2026-05-24T21:17:44.051Z""","""2026-06-11T00:00:00.000Z"""
678,57,Limiting Reactants,676,0.5,active,"""2026-05-24T21:17:44.051Z""","""2026-06-11T00:00:00.000Z"""
679,57,Thermochemistry and Gases,,1,active,"""2026-05-24T21:17:44.051Z""","""2026-06-11T00:00:00.000Z"""
680,57,Enthalpy Changes,679,0.5,active,"""2026-05-24T21:17:44.051Z""","""2026-06-11T00:00:00.000Z"""
681,57,Ideal Gas Law,679,0.5,active,"""2026-05-24T21:17:44.051Z""","""2026-06-11T00:00:00.000Z"""
682,57,Equilibrium and Acids-Bases,,1,active,"""2026-05-24T21:17:44.051Z""","""2026-06-11T00:00:00.000Z"""
683,57,Equilibrium Constants,682,0.5,active,"""2026-05-24T21:17:44.051Z""","""2026-06-11T00:00:00.000Z"""
684,57,pH Calculations,682,0.5,active,"""2026-05-24T21:17:44.051Z""","""2026-06-11T00:00:00.000Z"""
685,58,Construction Materials Properties,,1,active,"""2026-05-24T21:17:44.051Z""","""2026-06-11T00:00:00.000Z"""
686,58,Density and Porosity,685,0.5,active,"""2026-05-24T21:17:44.051Z""","""2026-06-11T00:00:00.000Z"""
687,58,Strength Testing,685,0.5,active,"""2026-05-24T21:17:44.051Z""","""2026-06-11T00:00:00.000Z"""
688,58,Concrete and Cementitious Materials,,1,active,"""2026-05-24T21:17:44.051Z""","""2026-06-11T00:00:00.000Z"""
689,58,Mix Design,688,0.5,active,"""2026-05-24T21:17:44.051Z""","""2026-06-11T00:00:00.000Z"""
690,58,Water-Cement Ratio,688,0.5,active,"""2026-05-24T21:17:44.051Z""","""2026-06-11T00:00:00.000Z"""
691,58,Steel and Reinforcement,,1,active,"""2026-05-24T21:17:44.051Z""","""2026-06-11T00:00:00.000Z"""
692,58,Yield Strength,691,0.5,active,"""2026-05-24T21:17:44.051Z""","""2026-06-11T00:00:00.000Z"""
693,58,Ductility,691,0.5,active,"""2026-05-24T21:17:44.051Z""","""2026-06-11T00:00:00.000Z"""
694,58,Quality Control and Failure Modes,,1,active,"""2026-05-24T21:17:44.051Z""","""2026-06-11T00:00:00.000Z"""
695,58,Sampling Plans,694,0.5,active,"""2026-05-24T21:17:44.051Z""","""2026-06-11T00:00:00.000Z"""
696,58,Acceptance Criteria,694,0.5,active,"""2026-05-24T21:17:44.051Z""","""2026-06-11T00:00:00.000Z"""
709,60,Numerical Error,,1,active,"""2026-05-24T21:17:44.051Z""","""2026-06-11T00:00:00.000Z"""
710,60,Roundoff Error,709,0.5,active,"""2026-05-24T21:17:44.051Z""","""2026-06-11T00:00:00.000Z"""
711,60,Truncation Error,709,0.5,active,"""2026-05-24T21:17:44.051Z""","""2026-06-11T00:00:00.000Z"""
712,60,Nonlinear Equations,,1,active,"""2026-05-24T21:17:44.051Z""","""2026-06-11T00:00:00.000Z"""
713,60,Bisection Method,712,0.5,active,"""2026-05-24T21:17:44.051Z""","""2026-06-11T00:00:00.000Z"""
714,60,Newton-Raphson Method,712,0.5,active,"""2026-05-24T21:17:44.051Z""","""2026-06-11T00:00:00.000Z"""
715,60,Interpolation and Approximation,,1,active,"""2026-05-24T21:17:44.051Z""","""2026-06-11T00:00:00.000Z"""
716,60,Polynomial Interpolation,715,0.5,active,"""2026-05-24T21:17:44.051Z""","""2026-06-11T00:00:00.000Z"""
717,60,Spline Approximation,715,0.5,active,"""2026-05-24T21:17:44.051Z""","""2026-06-11T00:00:00.000Z"""
718,60,Numerical Linear Algebra,,1,active,"""2026-05-24T21:17:44.051Z""","""2026-06-11T00:00:00.000Z"""
719,60,LU Decomposition,718,0.5,active,"""2026-05-24T21:17:44.051Z""","""2026-06-11T00:00:00.000Z"""
720,60,Iterative Methods,718,0.5,active,"""2026-05-24T21:17:44.051Z""","""2026-06-11T00:00:00.000Z"""
721,61,Propositional Logic,,1,active,"""2026-05-24T21:17:44.051Z""","""2026-06-11T00:00:00.000Z"""
722,61,Truth Tables,721,,active,"""2026-05-24T21:17:44.051Z""","""2026-06-11T00:00:00.000Z"""
723,61,Logical Equivalence,721,,active,"""2026-05-24T21:17:44.051Z""","""2026-06-11T00:00:00.000Z"""
724,61,Inference Rules,721,,active,"""2026-05-24T21:17:44.051Z""","""2026-06-11T00:00:00.000Z"""
725,61,Sets and Relations,,2,active,"""2026-05-24T21:17:44.051Z""","""2026-06-11T00:00:00.000Z"""
726,61,Set Operations,725,,active,"""2026-05-24T21:17:44.051Z""","""2026-06-11T00:00:00.000Z"""
727,61,Cartesian Products,725,,active,"""2026-05-24T21:17:44.051Z""","""2026-06-11T00:00:00.000Z"""
728,61,Equivalence Relations,725,,active,"""2026-05-24T21:17:44.051Z""","""2026-06-11T00:00:00.000Z"""
729,61,Functions and Counting,,3,active,"""2026-05-24T21:17:44.051Z""","""2026-06-11T00:00:00.000Z"""
730,61,Injective and Surjective Functions,729,,active,"""2026-05-24T21:17:44.051Z""","""2026-06-11T00:00:00.000Z"""
731,61,Counting Principles,729,,active,"""2026-05-24T21:17:44.051Z""","""2026-06-11T00:00:00.000Z"""
732,61,Combinatorial Arguments,729,,active,"""2026-05-24T21:17:44.051Z""","""2026-06-11T00:00:00.000Z"""
733,61,Proof Techniques,,4,active,"""2026-05-24T21:17:44.051Z""","""2026-06-11T00:00:00.000Z"""
734,61,Induction,733,,active,"""2026-05-24T21:17:44.051Z""","""2026-06-11T00:00:00.000Z"""
735,61,Contradiction,733,,active,"""2026-05-24T21:17:44.051Z""","""2026-06-11T00:00:00.000Z"""
736,61,Graph-Based Proofs,733,,active,"""2026-05-24T21:17:44.051Z""","""2026-06-11T00:00:00.000Z"""
737,62,Data Representation,,1,active,"""2026-05-24T21:17:44.051Z""","""2026-06-11T00:00:00.000Z"""
738,62,Binary and Hexadecimal,737,,active,"""2026-05-24T21:17:44.051Z""","""2026-06-11T00:00:00.000Z"""
739,62,Two's Complement,737,,active,"""2026-05-24T21:17:44.051Z""","""2026-06-11T00:00:00.000Z"""
740,62,Floating-Point Representation,737,,active,"""2026-05-24T21:17:44.051Z""","""2026-06-11T00:00:00.000Z"""
741,62,Processor Organization,,2,active,"""2026-05-24T21:17:44.051Z""","""2026-06-11T00:00:00.000Z"""
742,62,Instruction Cycle,741,,active,"""2026-05-24T21:17:44.051Z""","""2026-06-11T00:00:00.000Z"""
743,62,Datapath Components,741,,active,"""2026-05-24T21:17:44.051Z""","""2026-06-11T00:00:00.000Z"""
744,62,Control Signals,741,,active,"""2026-05-24T21:17:44.051Z""","""2026-06-11T00:00:00.000Z"""
745,62,Memory Hierarchy,,3,active,"""2026-05-24T21:17:44.051Z""","""2026-06-11T00:00:00.000Z"""
746,62,Cache Mapping,745,,active,"""2026-05-24T21:17:44.051Z""","""2026-06-11T00:00:00.000Z"""
747,62,Hit and Miss Rates,745,,active,"""2026-05-24T21:17:44.051Z""","""2026-06-11T00:00:00.000Z"""
748,62,Main Memory Access,745,,active,"""2026-05-24T21:17:44.051Z""","""2026-06-11T00:00:00.000Z"""
749,62,Performance Analysis,,4,active,"""2026-05-24T21:17:44.051Z""","""2026-06-11T00:00:00.000Z"""
750,62,CPI Calculation,749,,active,"""2026-05-24T21:17:44.051Z""","""2026-06-11T00:00:00.000Z"""
751,62,Pipeline Hazards,749,,active,"""2026-05-24T21:17:44.051Z""","""2026-06-11T00:00:00.000Z"""
752,62,Amdahl-Style Speedup,749,,active,"""2026-05-24T21:17:44.051Z""","""2026-06-11T00:00:00.000Z"""
753,63,Propositional Logic,,1,active,"""2026-05-24T21:17:44.051Z""","""2026-06-11T00:00:00.000Z"""
754,63,Truth Tables,753,,active,"""2026-05-24T21:17:44.051Z""","""2026-06-11T00:00:00.000Z"""
755,63,Logical Equivalence,753,,active,"""2026-05-24T21:17:44.051Z""","""2026-06-11T00:00:00.000Z"""
756,63,Inference Rules,753,,active,"""2026-05-24T21:17:44.051Z""","""2026-06-11T00:00:00.000Z"""
757,63,Sets and Relations,,2,active,"""2026-05-24T21:17:44.051Z""","""2026-06-11T00:00:00.000Z"""
758,63,Set Operations,757,,active,"""2026-05-24T21:17:44.051Z""","""2026-06-11T00:00:00.000Z"""
759,63,Cartesian Products,757,,active,"""2026-05-24T21:17:44.051Z""","""2026-06-11T00:00:00.000Z"""
760,63,Equivalence Relations,757,,active,"""2026-05-24T21:17:44.051Z""","""2026-06-11T00:00:00.000Z"""
761,63,Functions and Counting,,3,active,"""2026-05-24T21:17:44.051Z""","""2026-06-11T00:00:00.000Z"""
762,63,Injective and Surjective Functions,761,,active,"""2026-05-24T21:17:44.051Z""","""2026-06-11T00:00:00.000Z"""
763,63,Counting Principles,761,,active,"""2026-05-24T21:17:44.051Z""","""2026-06-11T00:00:00.000Z"""
764,63,Combinatorial Arguments,761,,active,"""2026-05-24T21:17:44.051Z""","""2026-06-11T00:00:00.000Z"""
765,63,Proof Techniques,,4,active,"""2026-05-24T21:17:44.051Z""","""2026-06-11T00:00:00.000Z"""
766,63,Induction,765,,active,"""2026-05-24T21:17:44.051Z""","""2026-06-11T00:00:00.000Z"""
767,63,Contradiction,765,,active,"""2026-05-24T21:17:44.051Z""","""2026-06-11T00:00:00.000Z"""
768,63,Graph-Based Proofs,765,,active,"""2026-05-24T21:17:44.051Z""","""2026-06-11T00:00:00.000Z"""
769,64,Data Representation,,1,active,"""2026-05-24T21:17:44.051Z""","""2026-06-11T00:00:00.000Z"""
770,64,Binary and Hexadecimal,769,,active,"""2026-05-24T21:17:44.051Z""","""2026-06-11T00:00:00.000Z"""
771,64,Two's Complement,769,,active,"""2026-05-24T21:17:44.051Z""","""2026-06-11T00:00:00.000Z"""
772,64,Floating-Point Representation,769,,active,"""2026-05-24T21:17:44.051Z""","""2026-06-11T00:00:00.000Z"""
773,64,Processor Organization,,2,active,"""2026-05-24T21:17:44.051Z""","""2026-06-11T00:00:00.000Z"""
774,64,Instruction Cycle,773,,active,"""2026-05-24T21:17:44.051Z""","""2026-06-11T00:00:00.000Z"""
775,64,Datapath Components,773,,active,"""2026-05-24T21:17:44.051Z""","""2026-06-11T00:00:00.000Z"""
776,64,Control Signals,773,,active,"""2026-05-24T21:17:44.051Z""","""2026-06-11T00:00:00.000Z"""
777,64,Memory Hierarchy,,3,active,"""2026-05-24T21:17:44.051Z""","""2026-06-11T00:00:00.000Z"""
778,64,Cache Mapping,777,,active,"""2026-05-24T21:17:44.051Z""","""2026-06-11T00:00:00.000Z"""
779,64,Hit and Miss Rates,777,,active,"""2026-05-24T21:17:44.051Z""","""2026-06-11T00:00:00.000Z"""
780,64,Main Memory Access,777,,active,"""2026-05-24T21:17:44.051Z""","""2026-06-11T00:00:00.000Z"""
781,64,Performance Analysis,,4,active,"""2026-05-24T21:17:44.051Z""","""2026-06-11T00:00:00.000Z"""
782,64,CPI Calculation,781,,active,"""2026-05-24T21:17:44.051Z""","""2026-06-11T00:00:00.000Z"""
783,64,Pipeline Hazards,781,,active,"""2026-05-24T21:17:44.051Z""","""2026-06-11T00:00:00.000Z"""
784,64,Amdahl-Style Speedup,781,,active,"""2026-05-24T21:17:44.051Z""","""2026-06-11T00:00:00.000Z"""
785,65,Software Engineering Fundamentals Core Concepts,,1,active,"""2026-05-24T21:17:44.051Z""","""2026-06-11T00:00:00.000Z"""
786,65,Software Engineering Fundamentals Key Quantities,785,,active,"""2026-05-24T21:17:44.051Z""","""2026-06-11T00:00:00.000Z"""
787,65,Software Engineering Fundamentals Governing Principles,785,,active,"""2026-05-24T21:17:44.051Z""","""2026-06-11T00:00:00.000Z"""
788,65,Software Engineering Fundamentals Standard Representations,785,,active,"""2026-05-24T21:17:44.051Z""","""2026-06-11T00:00:00.000Z"""
789,65,Software Engineering Fundamentals Analytical Techniques,,2,active,"""2026-05-24T21:17:44.051Z""","""2026-06-11T00:00:00.000Z"""
790,65,Software Engineering Fundamentals Model Setup,789,,active,"""2026-05-24T21:17:44.051Z""","""2026-06-11T00:00:00.000Z"""
791,65,Software Engineering Fundamentals Calculation Procedures,789,,active,"""2026-05-24T21:17:44.051Z""","""2026-06-11T00:00:00.000Z"""
792,65,Software Engineering Fundamentals Assumption Checks,789,,active,"""2026-05-24T21:17:44.051Z""","""2026-06-11T00:00:00.000Z"""
793,65,Software Engineering Fundamentals Practical Problems,,3,active,"""2026-05-24T21:17:44.051Z""","""2026-06-11T00:00:00.000Z"""
794,65,Software Engineering Fundamentals Data Interpretation,793,,active,"""2026-05-24T21:17:44.051Z""","""2026-06-11T00:00:00.000Z"""
795,65,Software Engineering Fundamentals Design Decisions,793,,active,"""2026-05-24T21:17:44.051Z""","""2026-06-11T00:00:00.000Z"""
796,65,Software Engineering Fundamentals Result Verification,793,,active,"""2026-05-24T21:17:44.051Z""","""2026-06-11T00:00:00.000Z"""
797,65,Software Engineering Fundamentals Advanced Cases,,4,active,"""2026-05-24T21:17:44.051Z""","""2026-06-11T00:00:00.000Z"""
798,65,Software Engineering Fundamentals Edge Cases,797,,active,"""2026-05-24T21:17:44.051Z""","""2026-06-11T00:00:00.000Z"""
799,65,Software Engineering Fundamentals Failure Modes,797,,active,"""2026-05-24T21:17:44.051Z""","""2026-06-11T00:00:00.000Z"""
800,65,Software Engineering Fundamentals Professional Constraints,797,,active,"""2026-05-24T21:17:44.051Z""","""2026-06-11T00:00:00.000Z"""
801,66,Finite Automata,,1,active,"""2026-05-24T21:17:44.051Z""","""2026-06-11T00:00:00.000Z"""
802,66,DFA Construction,801,,active,"""2026-05-24T21:17:44.051Z""","""2026-06-11T00:00:00.000Z"""
803,66,NFA and Epsilon Moves,801,,active,"""2026-05-24T21:17:44.051Z""","""2026-06-11T00:00:00.000Z"""
804,66,State Minimization,801,,active,"""2026-05-24T21:17:44.051Z""","""2026-06-11T00:00:00.000Z"""
805,66,Regular Languages,,2,active,"""2026-05-24T21:17:44.051Z""","""2026-06-11T00:00:00.000Z"""
806,66,Regular Expressions,805,,active,"""2026-05-24T21:17:44.051Z""","""2026-06-11T00:00:00.000Z"""
807,66,Closure Properties,805,,active,"""2026-05-24T21:17:44.051Z""","""2026-06-11T00:00:00.000Z"""
808,66,Pumping Lemma,805,,active,"""2026-05-24T21:17:44.051Z""","""2026-06-11T00:00:00.000Z"""
809,66,Context-Free Languages,,3,active,"""2026-05-24T21:17:44.051Z""","""2026-06-11T00:00:00.000Z"""
810,66,CFG Derivations,809,,active,"""2026-05-24T21:17:44.051Z""","""2026-06-11T00:00:00.000Z"""
811,66,Parse Trees,809,,active,"""2026-05-24T21:17:44.051Z""","""2026-06-11T00:00:00.000Z"""
812,66,Pushdown Automata,809,,active,"""2026-05-24T21:17:44.051Z""","""2026-06-11T00:00:00.000Z"""
813,66,Computability Foundations,,4,active,"""2026-05-24T21:17:44.051Z""","""2026-06-11T00:00:00.000Z"""
814,66,Turing Machines,813,,active,"""2026-05-24T21:17:44.051Z""","""2026-06-11T00:00:00.000Z"""
815,66,Decidability,813,,active,"""2026-05-24T21:17:44.051Z""","""2026-06-11T00:00:00.000Z"""
816,66,Reductions,813,,active,"""2026-05-24T21:17:44.051Z""","""2026-06-11T00:00:00.000Z"""
817,67,Language Semantics,,1,active,"""2026-05-24T21:17:44.051Z""","""2026-06-11T00:00:00.000Z"""
818,67,Static and Dynamic Semantics,817,,active,"""2026-05-24T21:17:44.051Z""","""2026-06-11T00:00:00.000Z"""
819,67,Type Systems,817,,active,"""2026-05-24T21:17:44.051Z""","""2026-06-11T00:00:00.000Z"""
820,67,Scope Rules,817,,active,"""2026-05-24T21:17:44.051Z""","""2026-06-11T00:00:00.000Z"""
821,67,Control and Evaluation,,2,active,"""2026-05-24T21:17:44.051Z""","""2026-06-11T00:00:00.000Z"""
822,67,Parameter Passing,821,,active,"""2026-05-24T21:17:44.051Z""","""2026-06-11T00:00:00.000Z"""
823,67,Recursion,821,,active,"""2026-05-24T21:17:44.051Z""","""2026-06-11T00:00:00.000Z"""
824,67,Evaluation Order,821,,active,"""2026-05-24T21:17:44.051Z""","""2026-06-11T00:00:00.000Z"""
825,67,Memory and Runtime Models,,3,active,"""2026-05-24T21:17:44.051Z""","""2026-06-11T00:00:00.000Z"""
826,67,Stack Frames,825,,active,"""2026-05-24T21:17:44.051Z""","""2026-06-11T00:00:00.000Z"""
827,67,Heap Allocation,825,,active,"""2026-05-24T21:17:44.051Z""","""2026-06-11T00:00:00.000Z"""
828,67,Garbage Collection,825,,active,"""2026-05-24T21:17:44.051Z""","""2026-06-11T00:00:00.000Z"""
829,67,Programming Paradigms,,4,active,"""2026-05-24T21:17:44.051Z""","""2026-06-11T00:00:00.000Z"""
830,67,Imperative Programming,829,,active,"""2026-05-24T21:17:44.051Z""","""2026-06-11T00:00:00.000Z"""
831,67,Functional Programming,829,,active,"""2026-05-24T21:17:44.051Z""","""2026-06-11T00:00:00.000Z"""
832,67,Object-Oriented Semantics,829,,active,"""2026-05-24T21:17:44.051Z""","""2026-06-11T00:00:00.000Z"""
833,68,Introduction to Computer Communication Core Concepts,,1,active,"""2026-05-24T21:17:44.051Z""","""2026-06-11T00:00:00.000Z"""
834,68,Introduction to Computer Communication Key Quantities,833,,active,"""2026-05-24T21:17:44.051Z""","""2026-06-11T00:00:00.000Z"""
835,68,Introduction to Computer Communication Governing Principles,833,,active,"""2026-05-24T21:17:44.051Z""","""2026-06-11T00:00:00.000Z"""
836,68,Introduction to Computer Communication Standard Representations,833,,active,"""2026-05-24T21:17:44.051Z""","""2026-06-11T00:00:00.000Z"""
837,68,Introduction to Computer Communication Analytical Techniques,,2,active,"""2026-05-24T21:17:44.051Z""","""2026-06-11T00:00:00.000Z"""
838,68,Introduction to Computer Communication Model Setup,837,,active,"""2026-05-24T21:17:44.051Z""","""2026-06-11T00:00:00.000Z"""
839,68,Introduction to Computer Communication Calculation Procedures,837,,active,"""2026-05-24T21:17:44.051Z""","""2026-06-11T00:00:00.000Z"""
840,68,Introduction to Computer Communication Assumption Checks,837,,active,"""2026-05-24T21:17:44.051Z""","""2026-06-11T00:00:00.000Z"""
841,68,Introduction to Computer Communication Practical Problems,,3,active,"""2026-05-24T21:17:44.051Z""","""2026-06-11T00:00:00.000Z"""
842,68,Introduction to Computer Communication Data Interpretation,841,,active,"""2026-05-24T21:17:44.051Z""","""2026-06-11T00:00:00.000Z"""
843,68,Introduction to Computer Communication Design Decisions,841,,active,"""2026-05-24T21:17:44.051Z""","""2026-06-11T00:00:00.000Z"""
844,68,Introduction to Computer Communication Result Verification,841,,active,"""2026-05-24T21:17:44.051Z""","""2026-06-11T00:00:00.000Z"""
845,68,Introduction to Computer Communication Advanced Cases,,4,active,"""2026-05-24T21:17:44.051Z""","""2026-06-11T00:00:00.000Z"""
846,68,Introduction to Computer Communication Edge Cases,845,,active,"""2026-05-24T21:17:44.051Z""","""2026-06-11T00:00:00.000Z"""
847,68,Introduction to Computer Communication Failure Modes,845,,active,"""2026-05-24T21:17:44.051Z""","""2026-06-11T00:00:00.000Z"""
848,68,Introduction to Computer Communication Professional Constraints,845,,active,"""2026-05-24T21:17:44.051Z""","""2026-06-11T00:00:00.000Z"""
849,69,Algorithm Complexity,,1,active,"""2026-05-24T21:17:44.051Z""","""2026-06-11T00:00:00.000Z"""
850,69,Asymptotic Bounds,849,,active,"""2026-05-24T21:17:44.051Z""","""2026-06-11T00:00:00.000Z"""
851,69,Recurrence Relations,849,,active,"""2026-05-24T21:17:44.051Z""","""2026-06-11T00:00:00.000Z"""
852,69,Worst-Case Analysis,849,,active,"""2026-05-24T21:17:44.051Z""","""2026-06-11T00:00:00.000Z"""
853,69,Sorting and Selection,,2,active,"""2026-05-24T21:17:44.051Z""","""2026-06-11T00:00:00.000Z"""
854,69,Comparison Sorting,853,,active,"""2026-05-24T21:17:44.051Z""","""2026-06-11T00:00:00.000Z"""
855,69,Stability and In-Place Sorting,853,,active,"""2026-05-24T21:17:44.051Z""","""2026-06-11T00:00:00.000Z"""
856,69,Partition-Based Algorithms,853,,active,"""2026-05-24T21:17:44.051Z""","""2026-06-11T00:00:00.000Z"""
857,69,Graph Algorithms,,3,active,"""2026-05-24T21:17:44.051Z""","""2026-06-11T00:00:00.000Z"""
858,69,Shortest Paths,857,,active,"""2026-05-24T21:17:44.051Z""","""2026-06-11T00:00:00.000Z"""
859,69,Minimum Spanning Trees,857,,active,"""2026-05-24T21:17:44.051Z""","""2026-06-11T00:00:00.000Z"""
860,69,Traversal Strategies,857,,active,"""2026-05-24T21:17:44.051Z""","""2026-06-11T00:00:00.000Z"""
861,69,Dynamic Programming and Greedy Methods,,4,active,"""2026-05-24T21:17:44.051Z""","""2026-06-11T00:00:00.000Z"""
862,69,Optimal Substructure,861,,active,"""2026-05-24T21:17:44.051Z""","""2026-06-11T00:00:00.000Z"""
863,69,Memoization Tables,861,,active,"""2026-05-24T21:17:44.051Z""","""2026-06-11T00:00:00.000Z"""
864,69,Greedy Choice Conditions,861,,active,"""2026-05-24T21:17:44.051Z""","""2026-06-11T00:00:00.000Z"""
865,70,Algorithm Complexity,,1,active,"""2026-05-24T21:17:44.051Z""","""2026-06-11T00:00:00.000Z"""
866,70,Asymptotic Bounds,865,,active,"""2026-05-24T21:17:44.051Z""","""2026-06-11T00:00:00.000Z"""
867,70,Recurrence Relations,865,,active,"""2026-05-24T21:17:44.051Z""","""2026-06-11T00:00:00.000Z"""
868,70,Worst-Case Analysis,865,,active,"""2026-05-24T21:17:44.051Z""","""2026-06-11T00:00:00.000Z"""
869,70,Sorting and Selection,,2,active,"""2026-05-24T21:17:44.051Z""","""2026-06-11T00:00:00.000Z"""
870,70,Comparison Sorting,869,,active,"""2026-05-24T21:17:44.051Z""","""2026-06-11T00:00:00.000Z"""
871,70,Stability and In-Place Sorting,869,,active,"""2026-05-24T21:17:44.051Z""","""2026-06-11T00:00:00.000Z"""
872,70,Partition-Based Algorithms,869,,active,"""2026-05-24T21:17:44.051Z""","""2026-06-11T00:00:00.000Z"""
873,70,Graph Algorithms,,3,active,"""2026-05-24T21:17:44.051Z""","""2026-06-11T00:00:00.000Z"""
874,70,Shortest Paths,873,,active,"""2026-05-24T21:17:44.051Z""","""2026-06-11T00:00:00.000Z"""
875,70,Minimum Spanning Trees,873,,active,"""2026-05-24T21:17:44.051Z""","""2026-06-11T00:00:00.000Z"""
876,70,Traversal Strategies,873,,active,"""2026-05-24T21:17:44.051Z""","""2026-06-11T00:00:00.000Z"""
877,70,Dynamic Programming and Greedy Methods,,4,active,"""2026-05-24T21:17:44.051Z""","""2026-06-11T00:00:00.000Z"""
878,70,Optimal Substructure,877,,active,"""2026-05-24T21:17:44.051Z""","""2026-06-11T00:00:00.000Z"""
879,70,Memoization Tables,877,,active,"""2026-05-24T21:17:44.051Z""","""2026-06-11T00:00:00.000Z"""
880,70,Greedy Choice Conditions,877,,active,"""2026-05-24T21:17:44.051Z""","""2026-06-11T00:00:00.000Z"""
881,71,Software Safety Core Concepts,,1,active,"""2026-05-24T21:17:44.051Z""","""2026-06-11T00:00:00.000Z"""
882,71,Software Safety Key Quantities,881,,active,"""2026-05-24T21:17:44.051Z""","""2026-06-11T00:00:00.000Z"""
883,71,Software Safety Governing Principles,881,,active,"""2026-05-24T21:17:44.051Z""","""2026-06-11T00:00:00.000Z"""
884,71,Software Safety Standard Representations,881,,active,"""2026-05-24T21:17:44.051Z""","""2026-06-11T00:00:00.000Z"""
885,71,Software Safety Analytical Techniques,,2,active,"""2026-05-24T21:17:44.051Z""","""2026-06-11T00:00:00.000Z"""
886,71,Software Safety Model Setup,885,,active,"""2026-05-24T21:17:44.051Z""","""2026-06-11T00:00:00.000Z"""
887,71,Software Safety Calculation Procedures,885,,active,"""2026-05-24T21:17:44.051Z""","""2026-06-11T00:00:00.000Z"""
888,71,Software Safety Assumption Checks,885,,active,"""2026-05-24T21:17:44.051Z""","""2026-06-11T00:00:00.000Z"""
889,71,Software Safety Practical Problems,,3,active,"""2026-05-24T21:17:44.051Z""","""2026-06-11T00:00:00.000Z"""
890,71,Software Safety Data Interpretation,889,,active,"""2026-05-24T21:17:44.051Z""","""2026-06-11T00:00:00.000Z"""
891,71,Software Safety Design Decisions,889,,active,"""2026-05-24T21:17:44.051Z""","""2026-06-11T00:00:00.000Z"""
892,71,Software Safety Result Verification,889,,active,"""2026-05-24T21:17:44.051Z""","""2026-06-11T00:00:00.000Z"""
893,71,Software Safety Advanced Cases,,4,active,"""2026-05-24T21:17:44.051Z""","""2026-06-11T00:00:00.000Z"""
894,71,Software Safety Edge Cases,893,,active,"""2026-05-24T21:17:44.051Z""","""2026-06-11T00:00:00.000Z"""
895,71,Software Safety Failure Modes,893,,active,"""2026-05-24T21:17:44.051Z""","""2026-06-11T00:00:00.000Z"""
896,71,Software Safety Professional Constraints,893,,active,"""2026-05-24T21:17:44.051Z""","""2026-06-11T00:00:00.000Z"""
897,72,Class Design and Encapsulation,,1,active,"""2026-05-24T21:17:44.051Z""","""2026-06-11T00:00:00.000Z"""
898,72,Fields and Methods,897,,active,"""2026-05-24T21:17:44.051Z""","""2026-06-11T00:00:00.000Z"""
899,72,Constructors,897,,active,"""2026-05-24T21:17:44.051Z""","""2026-06-11T00:00:00.000Z"""
900,72,Access Modifiers,897,,active,"""2026-05-24T21:17:44.051Z""","""2026-06-11T00:00:00.000Z"""
901,72,Objects and References,,2,active,"""2026-05-24T21:17:44.051Z""","""2026-06-11T00:00:00.000Z"""
902,72,Object Creation,901,,active,"""2026-05-24T21:17:44.051Z""","""2026-06-11T00:00:00.000Z"""
903,72,Reference Aliasing,901,,active,"""2026-05-24T21:17:44.051Z""","""2026-06-11T00:00:00.000Z"""
904,72,Object State Changes,901,,active,"""2026-05-24T21:17:44.051Z""","""2026-06-11T00:00:00.000Z"""
905,72,Inheritance and Polymorphism,,3,active,"""2026-05-24T21:17:44.051Z""","""2026-06-11T00:00:00.000Z"""
906,72,Inheritance Hierarchies,905,,active,"""2026-05-24T21:17:44.051Z""","""2026-06-11T00:00:00.000Z"""
907,72,Method Overriding,905,,active,"""2026-05-24T21:17:44.051Z""","""2026-06-11T00:00:00.000Z"""
908,72,Dynamic Dispatch,905,,active,"""2026-05-24T21:17:44.051Z""","""2026-06-11T00:00:00.000Z"""
909,72,Interfaces and Robust Design,,4,active,"""2026-05-24T21:17:44.051Z""","""2026-06-11T00:00:00.000Z"""
910,72,Interfaces and Abstract Classes,909,,active,"""2026-05-24T21:17:44.051Z""","""2026-06-11T00:00:00.000Z"""
911,72,Equality and toString,909,,active,"""2026-05-24T21:17:44.051Z""","""2026-06-11T00:00:00.000Z"""
912,72,Exception-Safe OOP,909,,active,"""2026-05-24T21:17:44.051Z""","""2026-06-11T00:00:00.000Z"""
913,73,Finite Automata,,1,active,"""2026-05-24T21:17:44.051Z""","""2026-06-11T00:00:00.000Z"""
914,73,DFA Construction,913,,active,"""2026-05-24T21:17:44.051Z""","""2026-06-11T00:00:00.000Z"""
915,73,NFA and Epsilon Moves,913,,active,"""2026-05-24T21:17:44.051Z""","""2026-06-11T00:00:00.000Z"""
916,73,State Minimization,913,,active,"""2026-05-24T21:17:44.051Z""","""2026-06-11T00:00:00.000Z"""
917,73,Regular Languages,,2,active,"""2026-05-24T21:17:44.051Z""","""2026-06-11T00:00:00.000Z"""
918,73,Regular Expressions,917,,active,"""2026-05-24T21:17:44.051Z""","""2026-06-11T00:00:00.000Z"""
919,73,Closure Properties,917,,active,"""2026-05-24T21:17:44.051Z""","""2026-06-11T00:00:00.000Z"""
920,73,Pumping Lemma,917,,active,"""2026-05-24T21:17:44.051Z""","""2026-06-11T00:00:00.000Z"""
921,73,Context-Free Languages,,3,active,"""2026-05-24T21:17:44.051Z""","""2026-06-11T00:00:00.000Z"""
922,73,CFG Derivations,921,,active,"""2026-05-24T21:17:44.051Z""","""2026-06-11T00:00:00.000Z"""
923,73,Parse Trees,921,,active,"""2026-05-24T21:17:44.051Z""","""2026-06-11T00:00:00.000Z"""
924,73,Pushdown Automata,921,,active,"""2026-05-24T21:17:44.051Z""","""2026-06-11T00:00:00.000Z"""
925,73,Computability Foundations,,4,active,"""2026-05-24T21:17:44.051Z""","""2026-06-11T00:00:00.000Z"""
926,73,Turing Machines,925,,active,"""2026-05-24T21:17:44.051Z""","""2026-06-11T00:00:00.000Z"""
927,73,Decidability,925,,active,"""2026-05-24T21:17:44.051Z""","""2026-06-11T00:00:00.000Z"""
928,73,Reductions,925,,active,"""2026-05-24T21:17:44.051Z""","""2026-06-11T00:00:00.000Z"""
1009,79,Propositional Logic,,1,active,"""2026-05-24T21:17:44.051Z""","""2026-06-11T00:00:00.000Z"""
1010,79,Truth Tables,1009,,active,"""2026-05-24T21:17:44.051Z""","""2026-06-11T00:00:00.000Z"""
1011,79,Logical Equivalence,1009,,active,"""2026-05-24T21:17:44.051Z""","""2026-06-11T00:00:00.000Z"""
1012,79,Inference Rules,1009,,active,"""2026-05-24T21:17:44.051Z""","""2026-06-11T00:00:00.000Z"""
1013,79,Sets and Relations,,2,active,"""2026-05-24T21:17:44.051Z""","""2026-06-11T00:00:00.000Z"""
1014,79,Set Operations,1013,,active,"""2026-05-24T21:17:44.051Z""","""2026-06-11T00:00:00.000Z"""
1015,79,Cartesian Products,1013,,active,"""2026-05-24T21:17:44.051Z""","""2026-06-11T00:00:00.000Z"""
1016,79,Equivalence Relations,1013,,active,"""2026-05-24T21:17:44.051Z""","""2026-06-11T00:00:00.000Z"""
1017,79,Functions and Counting,,3,active,"""2026-05-24T21:17:44.051Z""","""2026-06-11T00:00:00.000Z"""
1018,79,Injective and Surjective Functions,1017,,active,"""2026-05-24T21:17:44.051Z""","""2026-06-11T00:00:00.000Z"""
1019,79,Counting Principles,1017,,active,"""2026-05-24T21:17:44.051Z""","""2026-06-11T00:00:00.000Z"""
1020,79,Combinatorial Arguments,1017,,active,"""2026-05-24T21:17:44.051Z""","""2026-06-11T00:00:00.000Z"""
1021,79,Proof Techniques,,4,active,"""2026-05-24T21:17:44.051Z""","""2026-06-11T00:00:00.000Z"""
1022,79,Induction,1021,,active,"""2026-05-24T21:17:44.051Z""","""2026-06-11T00:00:00.000Z"""
1023,79,Contradiction,1021,,active,"""2026-05-24T21:17:44.051Z""","""2026-06-11T00:00:00.000Z"""
1024,79,Graph-Based Proofs,1021,,active,"""2026-05-24T21:17:44.051Z""","""2026-06-11T00:00:00.000Z"""
1025,80,Matrices and Row Operations,,1,active,"""2026-05-24T21:17:44.051Z""","""2026-06-11T00:00:00.000Z"""
1026,80,Gaussian Elimination,1025,,active,"""2026-05-24T21:17:44.051Z""","""2026-06-11T00:00:00.000Z"""
1027,80,Matrix Inverses,1025,,active,"""2026-05-24T21:17:44.051Z""","""2026-06-11T00:00:00.000Z"""
1028,80,Rank,1025,,active,"""2026-05-24T21:17:44.051Z""","""2026-06-11T00:00:00.000Z"""
1029,80,Vector Spaces,,2,active,"""2026-05-24T21:17:44.051Z""","""2026-06-11T00:00:00.000Z"""
1030,80,Linear Independence,1029,,active,"""2026-05-24T21:17:44.051Z""","""2026-06-11T00:00:00.000Z"""
1031,80,Basis and Dimension,1029,,active,"""2026-05-24T21:17:44.051Z""","""2026-06-11T00:00:00.000Z"""
1032,80,Subspaces,1029,,active,"""2026-05-24T21:17:44.051Z""","""2026-06-11T00:00:00.000Z"""
1033,80,Linear Transformations,,3,active,"""2026-05-24T21:17:44.051Z""","""2026-06-11T00:00:00.000Z"""
1034,80,Kernel and Image,1033,,active,"""2026-05-24T21:17:44.051Z""","""2026-06-11T00:00:00.000Z"""
1035,80,Matrix Representation,1033,,active,"""2026-05-24T21:17:44.051Z""","""2026-06-11T00:00:00.000Z"""
1036,80,Change of Basis,1033,,active,"""2026-05-24T21:17:44.051Z""","""2026-06-11T00:00:00.000Z"""
1037,80,Eigenvalues and Diagonalization,,4,active,"""2026-05-24T21:17:44.051Z""","""2026-06-11T00:00:00.000Z"""
1038,80,Characteristic Polynomial,1037,,active,"""2026-05-24T21:17:44.051Z""","""2026-06-11T00:00:00.000Z"""
1039,80,Eigenvectors,1037,,active,"""2026-05-24T21:17:44.051Z""","""2026-06-11T00:00:00.000Z"""
1040,80,Diagonalization Conditions,1037,,active,"""2026-05-24T21:17:44.051Z""","""2026-06-11T00:00:00.000Z"""
1041,81,Propositional Logic,,1,active,"""2026-05-24T21:17:44.051Z""","""2026-06-11T00:00:00.000Z"""
1042,81,Truth Tables,1041,,active,"""2026-05-24T21:17:44.051Z""","""2026-06-11T00:00:00.000Z"""
1043,81,Logical Equivalence,1041,,active,"""2026-05-24T21:17:44.051Z""","""2026-06-11T00:00:00.000Z"""
1044,81,Inference Rules,1041,,active,"""2026-05-24T21:17:44.051Z""","""2026-06-11T00:00:00.000Z"""
1045,81,Sets and Relations,,2,active,"""2026-05-24T21:17:44.051Z""","""2026-06-11T00:00:00.000Z"""
1046,81,Set Operations,1045,,active,"""2026-05-24T21:17:44.051Z""","""2026-06-11T00:00:00.000Z"""
1047,81,Cartesian Products,1045,,active,"""2026-05-24T21:17:44.051Z""","""2026-06-11T00:00:00.000Z"""
1048,81,Equivalence Relations,1045,,active,"""2026-05-24T21:17:44.051Z""","""2026-06-11T00:00:00.000Z"""
1049,81,Functions and Counting,,3,active,"""2026-05-24T21:17:44.051Z""","""2026-06-11T00:00:00.000Z"""
1050,81,Injective and Surjective Functions,1049,,active,"""2026-05-24T21:17:44.051Z""","""2026-06-11T00:00:00.000Z"""
1051,81,Counting Principles,1049,,active,"""2026-05-24T21:17:44.051Z""","""2026-06-11T00:00:00.000Z"""
1052,81,Combinatorial Arguments,1049,,active,"""2026-05-24T21:17:44.051Z""","""2026-06-11T00:00:00.000Z"""
1053,81,Proof Techniques,,4,active,"""2026-05-24T21:17:44.051Z""","""2026-06-11T00:00:00.000Z"""
1054,81,Induction,1053,,active,"""2026-05-24T21:17:44.051Z""","""2026-06-11T00:00:00.000Z"""
1055,81,Contradiction,1053,,active,"""2026-05-24T21:17:44.051Z""","""2026-06-11T00:00:00.000Z"""
1056,81,Graph-Based Proofs,1053,,active,"""2026-05-24T21:17:44.051Z""","""2026-06-11T00:00:00.000Z"""
1057,82,Linux Command Line,,1,active,"""2026-05-24T21:17:44.051Z""","""2026-06-11T00:00:00.000Z"""
1058,82,File Navigation,1057,,active,"""2026-05-24T21:17:44.051Z""","""2026-06-11T00:00:00.000Z"""
1059,82,Text Processing Commands,1057,,active,"""2026-05-24T21:17:44.051Z""","""2026-06-11T00:00:00.000Z"""
1060,82,Pipes and Redirection,1057,,active,"""2026-05-24T21:17:44.051Z""","""2026-06-11T00:00:00.000Z"""
1061,82,Permissions and Processes,,2,active,"""2026-05-24T21:17:44.051Z""","""2026-06-11T00:00:00.000Z"""
1062,82,User Permissions,1061,,active,"""2026-05-24T21:17:44.051Z""","""2026-06-11T00:00:00.000Z"""
1063,82,Process Management,1061,,active,"""2026-05-24T21:17:44.051Z""","""2026-06-11T00:00:00.000Z"""
1064,82,Signals,1061,,active,"""2026-05-24T21:17:44.051Z""","""2026-06-11T00:00:00.000Z"""
1065,82,Shell Scripting,,3,active,"""2026-05-24T21:17:44.051Z""","""2026-06-11T00:00:00.000Z"""
1066,82,Variables and Arguments,1065,,active,"""2026-05-24T21:17:44.051Z""","""2026-06-11T00:00:00.000Z"""
1067,82,Conditionals and Loops,1065,,active,"""2026-05-24T21:17:44.051Z""","""2026-06-11T00:00:00.000Z"""
1068,82,Exit Codes,1065,,active,"""2026-05-24T21:17:44.051Z""","""2026-06-11T00:00:00.000Z"""
1069,82,System Tools,,4,active,"""2026-05-24T21:17:44.051Z""","""2026-06-11T00:00:00.000Z"""
1070,82,Package Management,1069,,active,"""2026-05-24T21:17:44.051Z""","""2026-06-11T00:00:00.000Z"""
1071,82,Environment Variables,1069,,active,"""2026-05-24T21:17:44.051Z""","""2026-06-11T00:00:00.000Z"""
1072,82,Basic Networking Commands,1069,,active,"""2026-05-24T21:17:44.051Z""","""2026-06-11T00:00:00.000Z"""
1073,83,C Memory Model,,1,active,"""2026-05-24T21:17:44.051Z""","""2026-06-11T00:00:00.000Z"""
1074,83,Pointers,1073,,active,"""2026-05-24T21:17:44.051Z""","""2026-06-11T00:00:00.000Z"""
1075,83,Dynamic Allocation,1073,,active,"""2026-05-24T21:17:44.051Z""","""2026-06-11T00:00:00.000Z"""
1076,83,Buffer Boundaries,1073,,active,"""2026-05-24T21:17:44.051Z""","""2026-06-11T00:00:00.000Z"""
1077,83,Files and I/O,,2,active,"""2026-05-24T21:17:44.051Z""","""2026-06-11T00:00:00.000Z"""
1078,83,File Descriptors,1077,,active,"""2026-05-24T21:17:44.051Z""","""2026-06-11T00:00:00.000Z"""
1079,83,Buffered I/O,1077,,active,"""2026-05-24T21:17:44.051Z""","""2026-06-11T00:00:00.000Z"""
1080,83,Error Handling,1077,,active,"""2026-05-24T21:17:44.051Z""","""2026-06-11T00:00:00.000Z"""
1081,83,Processes,,3,active,"""2026-05-24T21:17:44.051Z""","""2026-06-11T00:00:00.000Z"""
1082,83,fork and exec,1081,,active,"""2026-05-24T21:17:44.051Z""","""2026-06-11T00:00:00.000Z"""
1083,83,Process Exit Status,1081,,active,"""2026-05-24T21:17:44.051Z""","""2026-06-11T00:00:00.000Z"""
1084,83,Interprocess Communication,1081,,active,"""2026-05-24T21:17:44.051Z""","""2026-06-11T00:00:00.000Z"""
1085,83,Low-Level Debugging,,4,active,"""2026-05-24T21:17:44.051Z""","""2026-06-11T00:00:00.000Z"""
1086,83,Memory Leaks,1085,,active,"""2026-05-24T21:17:44.051Z""","""2026-06-11T00:00:00.000Z"""
1087,83,Segmentation Faults,1085,,active,"""2026-05-24T21:17:44.051Z""","""2026-06-11T00:00:00.000Z"""
1088,83,System Call Tracing,1085,,active,"""2026-05-24T21:17:44.051Z""","""2026-06-11T00:00:00.000Z"""
1089,84,Data Representation,,1,active,"""2026-05-24T21:17:44.051Z""","""2026-06-11T00:00:00.000Z"""
1090,84,Binary and Hexadecimal,1089,,active,"""2026-05-24T21:17:44.051Z""","""2026-06-11T00:00:00.000Z"""
1091,84,Two's Complement,1089,,active,"""2026-05-24T21:17:44.051Z""","""2026-06-11T00:00:00.000Z"""
1092,84,Floating-Point Representation,1089,,active,"""2026-05-24T21:17:44.051Z""","""2026-06-11T00:00:00.000Z"""
1093,84,Processor Organization,,2,active,"""2026-05-24T21:17:44.051Z""","""2026-06-11T00:00:00.000Z"""
1094,84,Instruction Cycle,1093,,active,"""2026-05-24T21:17:44.051Z""","""2026-06-11T00:00:00.000Z"""
1095,84,Datapath Components,1093,,active,"""2026-05-24T21:17:44.051Z""","""2026-06-11T00:00:00.000Z"""
1096,84,Control Signals,1093,,active,"""2026-05-24T21:17:44.051Z""","""2026-06-11T00:00:00.000Z"""
1097,84,Memory Hierarchy,,3,active,"""2026-05-24T21:17:44.051Z""","""2026-06-11T00:00:00.000Z"""
1098,84,Cache Mapping,1097,,active,"""2026-05-24T21:17:44.051Z""","""2026-06-11T00:00:00.000Z"""
1099,84,Hit and Miss Rates,1097,,active,"""2026-05-24T21:17:44.051Z""","""2026-06-11T00:00:00.000Z"""
1100,84,Main Memory Access,1097,,active,"""2026-05-24T21:17:44.051Z""","""2026-06-11T00:00:00.000Z"""
1101,84,Performance Analysis,,4,active,"""2026-05-24T21:17:44.051Z""","""2026-06-11T00:00:00.000Z"""
1102,84,CPI Calculation,1101,,active,"""2026-05-24T21:17:44.051Z""","""2026-06-11T00:00:00.000Z"""
1103,84,Pipeline Hazards,1101,,active,"""2026-05-24T21:17:44.051Z""","""2026-06-11T00:00:00.000Z"""
1104,84,Amdahl-Style Speedup,1101,,active,"""2026-05-24T21:17:44.051Z""","""2026-06-11T00:00:00.000Z"""
1105,85,Algorithm Complexity,,1,active,"""2026-05-24T21:17:44.051Z""","""2026-06-11T00:00:00.000Z"""
1106,85,Asymptotic Bounds,1105,,active,"""2026-05-24T21:17:44.051Z""","""2026-06-11T00:00:00.000Z"""
1107,85,Recurrence Relations,1105,,active,"""2026-05-24T21:17:44.051Z""","""2026-06-11T00:00:00.000Z"""
1108,85,Worst-Case Analysis,1105,,active,"""2026-05-24T21:17:44.051Z""","""2026-06-11T00:00:00.000Z"""
1109,85,Sorting and Selection,,2,active,"""2026-05-24T21:17:44.051Z""","""2026-06-11T00:00:00.000Z"""
1110,85,Comparison Sorting,1109,,active,"""2026-05-24T21:17:44.051Z""","""2026-06-11T00:00:00.000Z"""
1111,85,Stability and In-Place Sorting,1109,,active,"""2026-05-24T21:17:44.051Z""","""2026-06-11T00:00:00.000Z"""
1112,85,Partition-Based Algorithms,1109,,active,"""2026-05-24T21:17:44.051Z""","""2026-06-11T00:00:00.000Z"""
1113,85,Graph Algorithms,,3,active,"""2026-05-24T21:17:44.051Z""","""2026-06-11T00:00:00.000Z"""
1114,85,Shortest Paths,1113,,active,"""2026-05-24T21:17:44.051Z""","""2026-06-11T00:00:00.000Z"""
1115,85,Minimum Spanning Trees,1113,,active,"""2026-05-24T21:17:44.051Z""","""2026-06-11T00:00:00.000Z"""
1116,85,Traversal Strategies,1113,,active,"""2026-05-24T21:17:44.051Z""","""2026-06-11T00:00:00.000Z"""
1117,85,Dynamic Programming and Greedy Methods,,4,active,"""2026-05-24T21:17:44.051Z""","""2026-06-11T00:00:00.000Z"""
1118,85,Optimal Substructure,1117,,active,"""2026-05-24T21:17:44.051Z""","""2026-06-11T00:00:00.000Z"""
1119,85,Memoization Tables,1117,,active,"""2026-05-24T21:17:44.051Z""","""2026-06-11T00:00:00.000Z"""
1120,85,Greedy Choice Conditions,1117,,active,"""2026-05-24T21:17:44.051Z""","""2026-06-11T00:00:00.000Z"""
1233,93,Introduction to Engineering Geology Core Concepts,,1,active,"""2026-05-24T21:17:44.051Z""","""2026-06-11T00:00:00.000Z"""
1234,93,Introduction to Engineering Geology Key Quantities,1233,,active,"""2026-05-24T21:17:44.051Z""","""2026-06-11T00:00:00.000Z"""
1235,93,Introduction to Engineering Geology Governing Principles,1233,,active,"""2026-05-24T21:17:44.051Z""","""2026-06-11T00:00:00.000Z"""
1236,93,Introduction to Engineering Geology Standard Representations,1233,,active,"""2026-05-24T21:17:44.051Z""","""2026-06-11T00:00:00.000Z"""
1237,93,Introduction to Engineering Geology Analytical Techniques,,2,active,"""2026-05-24T21:17:44.051Z""","""2026-06-11T00:00:00.000Z"""
1238,93,Introduction to Engineering Geology Model Setup,1237,,active,"""2026-05-24T21:17:44.051Z""","""2026-06-11T00:00:00.000Z"""
1239,93,Introduction to Engineering Geology Calculation Procedures,1237,,active,"""2026-05-24T21:17:44.051Z""","""2026-06-11T00:00:00.000Z"""
1240,93,Introduction to Engineering Geology Assumption Checks,1237,,active,"""2026-05-24T21:17:44.051Z""","""2026-06-11T00:00:00.000Z"""
1241,93,Introduction to Engineering Geology Practical Problems,,3,active,"""2026-05-24T21:17:44.051Z""","""2026-06-11T00:00:00.000Z"""
1242,93,Introduction to Engineering Geology Data Interpretation,1241,,active,"""2026-05-24T21:17:44.051Z""","""2026-06-11T00:00:00.000Z"""
1243,93,Introduction to Engineering Geology Design Decisions,1241,,active,"""2026-05-24T21:17:44.051Z""","""2026-06-11T00:00:00.000Z"""
1244,93,Introduction to Engineering Geology Result Verification,1241,,active,"""2026-05-24T21:17:44.051Z""","""2026-06-11T00:00:00.000Z"""
1245,93,Introduction to Engineering Geology Advanced Cases,,4,active,"""2026-05-24T21:17:44.051Z""","""2026-06-11T00:00:00.000Z"""
1246,93,Introduction to Engineering Geology Edge Cases,1245,,active,"""2026-05-24T21:17:44.051Z""","""2026-06-11T00:00:00.000Z"""
1247,93,Introduction to Engineering Geology Failure Modes,1245,,active,"""2026-05-24T21:17:44.051Z""","""2026-06-11T00:00:00.000Z"""
1248,93,Introduction to Engineering Geology Professional Constraints,1245,,active,"""2026-05-24T21:17:44.051Z""","""2026-06-11T00:00:00.000Z"""
1249,94,Stress and Strain,,1,active,"""2026-05-24T21:17:44.051Z""","""2026-06-11T00:00:00.000Z"""
1250,94,Normal Stress,1249,,active,"""2026-05-24T21:17:44.051Z""","""2026-06-11T00:00:00.000Z"""
1251,94,Shear Stress,1249,,active,"""2026-05-24T21:17:44.051Z""","""2026-06-11T00:00:00.000Z"""
1252,94,Stress-Strain Curves,1249,,active,"""2026-05-24T21:17:44.051Z""","""2026-06-11T00:00:00.000Z"""
1253,94,Axial and Torsional Loading,,2,active,"""2026-05-24T21:17:44.051Z""","""2026-06-11T00:00:00.000Z"""
1254,94,Axial Deformation,1253,,active,"""2026-05-24T21:17:44.051Z""","""2026-06-11T00:00:00.000Z"""
1255,94,Torsion Formula,1253,,active,"""2026-05-24T21:17:44.051Z""","""2026-06-11T00:00:00.000Z"""
1256,94,Angle of Twist,1253,,active,"""2026-05-24T21:17:44.051Z""","""2026-06-11T00:00:00.000Z"""
1257,94,Bending and Shear,,3,active,"""2026-05-24T21:17:44.051Z""","""2026-06-11T00:00:00.000Z"""
1258,94,Bending Stress,1257,,active,"""2026-05-24T21:17:44.051Z""","""2026-06-11T00:00:00.000Z"""
1259,94,Shear Force Diagrams,1257,,active,"""2026-05-24T21:17:44.051Z""","""2026-06-11T00:00:00.000Z"""
1260,94,Moment Diagrams,1257,,active,"""2026-05-24T21:17:44.051Z""","""2026-06-11T00:00:00.000Z"""
1261,94,Failure and Deflection,,4,active,"""2026-05-24T21:17:44.051Z""","""2026-06-11T00:00:00.000Z"""
1262,94,Combined Stress,1261,,active,"""2026-05-24T21:17:44.051Z""","""2026-06-11T00:00:00.000Z"""
1263,94,Beam Deflection,1261,,active,"""2026-05-24T21:17:44.051Z""","""2026-06-11T00:00:00.000Z"""
1264,94,Factor of Safety,1261,,active,"""2026-05-24T21:17:44.051Z""","""2026-06-11T00:00:00.000Z"""
1265,95,Construction Materials Properties,,1,active,"""2026-05-24T21:17:44.051Z""","""2026-06-11T00:00:00.000Z"""
1266,95,Density and Porosity,1265,,active,"""2026-05-24T21:17:44.051Z""","""2026-06-11T00:00:00.000Z"""
1267,95,Strength Testing,1265,,active,"""2026-05-24T21:17:44.051Z""","""2026-06-11T00:00:00.000Z"""
1268,95,Durability Measures,1265,,active,"""2026-05-24T21:17:44.051Z""","""2026-06-11T00:00:00.000Z"""
1269,95,Concrete and Cementitious Materials,,2,active,"""2026-05-24T21:17:44.051Z""","""2026-06-11T00:00:00.000Z"""
1270,95,Mix Design,1269,,active,"""2026-05-24T21:17:44.051Z""","""2026-06-11T00:00:00.000Z"""
1271,95,Water-Cement Ratio,1269,,active,"""2026-05-24T21:17:44.051Z""","""2026-06-11T00:00:00.000Z"""
1272,95,Curing Effects,1269,,active,"""2026-05-24T21:17:44.051Z""","""2026-06-11T00:00:00.000Z"""
1273,95,Steel and Reinforcement,,3,active,"""2026-05-24T21:17:44.051Z""","""2026-06-11T00:00:00.000Z"""
1274,95,Yield Strength,1273,,active,"""2026-05-24T21:17:44.051Z""","""2026-06-11T00:00:00.000Z"""
1275,95,Ductility,1273,,active,"""2026-05-24T21:17:44.051Z""","""2026-06-11T00:00:00.000Z"""
1276,95,Corrosion Protection,1273,,active,"""2026-05-24T21:17:44.051Z""","""2026-06-11T00:00:00.000Z"""
1277,95,Quality Control and Failure Modes,,4,active,"""2026-05-24T21:17:44.051Z""","""2026-06-11T00:00:00.000Z"""
1278,95,Sampling Plans,1277,,active,"""2026-05-24T21:17:44.051Z""","""2026-06-11T00:00:00.000Z"""
1279,95,Acceptance Criteria,1277,,active,"""2026-05-24T21:17:44.051Z""","""2026-06-11T00:00:00.000Z"""
1280,95,Material Defects,1277,,active,"""2026-05-24T21:17:44.051Z""","""2026-06-11T00:00:00.000Z"""
1297,97,Fluid Properties,,1,active,"""2026-05-24T21:17:44.051Z""","""2026-06-11T00:00:00.000Z"""
1298,97,Density and Viscosity,1297,,active,"""2026-05-24T21:17:44.051Z""","""2026-06-11T00:00:00.000Z"""
1299,97,Pressure Variation,1297,,active,"""2026-05-24T21:17:44.051Z""","""2026-06-11T00:00:00.000Z"""
1300,97,Hydrostatic Forces,1297,,active,"""2026-05-24T21:17:44.051Z""","""2026-06-11T00:00:00.000Z"""
1301,97,Continuity and Bernoulli,,2,active,"""2026-05-24T21:17:44.051Z""","""2026-06-11T00:00:00.000Z"""
1302,97,Mass Conservation,1301,,active,"""2026-05-24T21:17:44.051Z""","""2026-06-11T00:00:00.000Z"""
1303,97,Bernoulli Equation,1301,,active,"""2026-05-24T21:17:44.051Z""","""2026-06-11T00:00:00.000Z"""
1304,97,Energy Losses,1301,,active,"""2026-05-24T21:17:44.051Z""","""2026-06-11T00:00:00.000Z"""
1305,97,Pipe Flow,,3,active,"""2026-05-24T21:17:44.051Z""","""2026-06-11T00:00:00.000Z"""
1306,97,Reynolds Number,1305,,active,"""2026-05-24T21:17:44.051Z""","""2026-06-11T00:00:00.000Z"""
1307,97,Friction Factor,1305,,active,"""2026-05-24T21:17:44.051Z""","""2026-06-11T00:00:00.000Z"""
1308,97,Minor Losses,1305,,active,"""2026-05-24T21:17:44.051Z""","""2026-06-11T00:00:00.000Z"""
1309,97,Momentum and Turbomachinery,,4,active,"""2026-05-24T21:17:44.051Z""","""2026-06-11T00:00:00.000Z"""
1310,97,Momentum Equation,1309,,active,"""2026-05-24T21:17:44.051Z""","""2026-06-11T00:00:00.000Z"""
1311,97,Pump Head,1309,,active,"""2026-05-24T21:17:44.051Z""","""2026-06-11T00:00:00.000Z"""
1312,97,Flow Measurement,1309,,active,"""2026-05-24T21:17:44.051Z""","""2026-06-11T00:00:00.000Z"""
1313,98,Demand and Supply Analysis,,1,active,"""2026-05-24T21:17:44.051Z""","""2026-06-11T00:00:00.000Z"""
1314,98,Demand Curves,1313,,active,"""2026-05-24T21:17:44.051Z""","""2026-06-11T00:00:00.000Z"""
1315,98,Supply Shifts,1313,,active,"""2026-05-24T21:17:44.051Z""","""2026-06-11T00:00:00.000Z"""
1316,98,Market Equilibrium,1313,,active,"""2026-05-24T21:17:44.051Z""","""2026-06-11T00:00:00.000Z"""
1317,98,Cost and Production,,2,active,"""2026-05-24T21:17:44.051Z""","""2026-06-11T00:00:00.000Z"""
1318,98,Fixed and Variable Costs,1317,,active,"""2026-05-24T21:17:44.051Z""","""2026-06-11T00:00:00.000Z"""
1319,98,Marginal Cost,1317,,active,"""2026-05-24T21:17:44.051Z""","""2026-06-11T00:00:00.000Z"""
1320,98,Production Functions,1317,,active,"""2026-05-24T21:17:44.051Z""","""2026-06-11T00:00:00.000Z"""
1321,98,Market Structure,,3,active,"""2026-05-24T21:17:44.051Z""","""2026-06-11T00:00:00.000Z"""
1322,98,Perfect Competition,1321,,active,"""2026-05-24T21:17:44.051Z""","""2026-06-11T00:00:00.000Z"""
1323,98,Monopoly Pricing,1321,,active,"""2026-05-24T21:17:44.051Z""","""2026-06-11T00:00:00.000Z"""
1324,98,Strategic Behavior,1321,,active,"""2026-05-24T21:17:44.051Z""","""2026-06-11T00:00:00.000Z"""
1325,98,Decision and Welfare Analysis,,4,active,"""2026-05-24T21:17:44.051Z""","""2026-06-11T00:00:00.000Z"""
1326,98,Consumer Surplus,1325,,active,"""2026-05-24T21:17:44.051Z""","""2026-06-11T00:00:00.000Z"""
1327,98,Elasticity,1325,,active,"""2026-05-24T21:17:44.051Z""","""2026-06-11T00:00:00.000Z"""
1328,98,Managerial Tradeoffs,1325,,active,"""2026-05-24T21:17:44.051Z""","""2026-06-11T00:00:00.000Z"""
1329,99,Introduction to Stability Core Concepts,,1,active,"""2026-05-24T21:17:44.051Z""","""2026-06-11T00:00:00.000Z"""
1330,99,Introduction to Stability Key Quantities,1329,,active,"""2026-05-24T21:17:44.051Z""","""2026-06-11T00:00:00.000Z"""
1331,99,Introduction to Stability Governing Principles,1329,,active,"""2026-05-24T21:17:44.051Z""","""2026-06-11T00:00:00.000Z"""
1332,99,Introduction to Stability Standard Representations,1329,,active,"""2026-05-24T21:17:44.051Z""","""2026-06-11T00:00:00.000Z"""
1333,99,Introduction to Stability Analytical Techniques,,2,active,"""2026-05-24T21:17:44.051Z""","""2026-06-11T00:00:00.000Z"""
1334,99,Introduction to Stability Model Setup,1333,,active,"""2026-05-24T21:17:44.051Z""","""2026-06-11T00:00:00.000Z"""
1335,99,Introduction to Stability Calculation Procedures,1333,,active,"""2026-05-24T21:17:44.051Z""","""2026-06-11T00:00:00.000Z"""
1336,99,Introduction to Stability Assumption Checks,1333,,active,"""2026-05-24T21:17:44.051Z""","""2026-06-11T00:00:00.000Z"""
1337,99,Introduction to Stability Practical Problems,,3,active,"""2026-05-24T21:17:44.051Z""","""2026-06-11T00:00:00.000Z"""
1338,99,Introduction to Stability Data Interpretation,1337,,active,"""2026-05-24T21:17:44.051Z""","""2026-06-11T00:00:00.000Z"""
1339,99,Introduction to Stability Design Decisions,1337,,active,"""2026-05-24T21:17:44.051Z""","""2026-06-11T00:00:00.000Z"""
1340,99,Introduction to Stability Result Verification,1337,,active,"""2026-05-24T21:17:44.051Z""","""2026-06-11T00:00:00.000Z"""
1341,99,Introduction to Stability Advanced Cases,,4,active,"""2026-05-24T21:17:44.051Z""","""2026-06-11T00:00:00.000Z"""
1342,99,Introduction to Stability Edge Cases,1341,,active,"""2026-05-24T21:17:44.051Z""","""2026-06-11T00:00:00.000Z"""
1343,99,Introduction to Stability Failure Modes,1341,,active,"""2026-05-24T21:17:44.051Z""","""2026-06-11T00:00:00.000Z"""
1344,99,Introduction to Stability Professional Constraints,1341,,active,"""2026-05-24T21:17:44.051Z""","""2026-06-11T00:00:00.000Z"""
1345,100,Construction Materials Properties,,1,active,"""2026-05-24T21:17:44.051Z""","""2026-06-11T00:00:00.000Z"""
1346,100,Density and Porosity,1345,,active,"""2026-05-24T21:17:44.051Z""","""2026-06-11T00:00:00.000Z"""
1347,100,Strength Testing,1345,,active,"""2026-05-24T21:17:44.051Z""","""2026-06-11T00:00:00.000Z"""
1348,100,Durability Measures,1345,,active,"""2026-05-24T21:17:44.051Z""","""2026-06-11T00:00:00.000Z"""
1349,100,Concrete and Cementitious Materials,,2,active,"""2026-05-24T21:17:44.051Z""","""2026-06-11T00:00:00.000Z"""
1350,100,Mix Design,1349,,active,"""2026-05-24T21:17:44.051Z""","""2026-06-11T00:00:00.000Z"""
1351,100,Water-Cement Ratio,1349,,active,"""2026-05-24T21:17:44.051Z""","""2026-06-11T00:00:00.000Z"""
1352,100,Curing Effects,1349,,active,"""2026-05-24T21:17:44.051Z""","""2026-06-11T00:00:00.000Z"""
1353,100,Steel and Reinforcement,,3,active,"""2026-05-24T21:17:44.051Z""","""2026-06-11T00:00:00.000Z"""
1354,100,Yield Strength,1353,,active,"""2026-05-24T21:17:44.051Z""","""2026-06-11T00:00:00.000Z"""
1355,100,Ductility,1353,,active,"""2026-05-24T21:17:44.051Z""","""2026-06-11T00:00:00.000Z"""
1356,100,Corrosion Protection,1353,,active,"""2026-05-24T21:17:44.051Z""","""2026-06-11T00:00:00.000Z"""
1357,100,Quality Control and Failure Modes,,4,active,"""2026-05-24T21:17:44.051Z""","""2026-06-11T00:00:00.000Z"""
1358,100,Sampling Plans,1357,,active,"""2026-05-24T21:17:44.051Z""","""2026-06-11T00:00:00.000Z"""
1359,100,Acceptance Criteria,1357,,active,"""2026-05-24T21:17:44.051Z""","""2026-06-11T00:00:00.000Z"""
1360,100,Material Defects,1357,,active,"""2026-05-24T21:17:44.051Z""","""2026-06-11T00:00:00.000Z"""
1377,102,Reinforced Concrete Behavior,,1,active,"""2026-05-24T21:17:44.051Z""","""2026-06-11T00:00:00.000Z"""
1378,102,Concrete Compression,1377,,active,"""2026-05-24T21:17:44.051Z""","""2026-06-11T00:00:00.000Z"""
1379,102,Steel Reinforcement,1377,,active,"""2026-05-24T21:17:44.051Z""","""2026-06-11T00:00:00.000Z"""
1380,102,Cracked Section Behavior,1377,,active,"""2026-05-24T21:17:44.051Z""","""2026-06-11T00:00:00.000Z"""
1381,102,Flexural Design,,2,active,"""2026-05-24T21:17:44.051Z""","""2026-06-11T00:00:00.000Z"""
1382,102,Moment Capacity,1381,,active,"""2026-05-24T21:17:44.051Z""","""2026-06-11T00:00:00.000Z"""
1383,102,Neutral Axis Depth,1381,,active,"""2026-05-24T21:17:44.051Z""","""2026-06-11T00:00:00.000Z"""
1384,102,Reinforcement Ratio,1381,,active,"""2026-05-24T21:17:44.051Z""","""2026-06-11T00:00:00.000Z"""
1385,102,Shear and Serviceability,,3,active,"""2026-05-24T21:17:44.051Z""","""2026-06-11T00:00:00.000Z"""
1386,102,Shear Capacity,1385,,active,"""2026-05-24T21:17:44.051Z""","""2026-06-11T00:00:00.000Z"""
1387,102,Deflection Limits,1385,,active,"""2026-05-24T21:17:44.051Z""","""2026-06-11T00:00:00.000Z"""
1388,102,Crack Width Checks,1385,,active,"""2026-05-24T21:17:44.051Z""","""2026-06-11T00:00:00.000Z"""
1389,102,Design Detailing,,4,active,"""2026-05-24T21:17:44.051Z""","""2026-06-11T00:00:00.000Z"""
1390,102,Anchorage Length,1389,,active,"""2026-05-24T21:17:44.051Z""","""2026-06-11T00:00:00.000Z"""
1391,102,Stirrup Layout,1389,,active,"""2026-05-24T21:17:44.051Z""","""2026-06-11T00:00:00.000Z"""
1392,102,Code-Based Safety Factors,1389,,active,"""2026-05-24T21:17:44.051Z""","""2026-06-11T00:00:00.000Z"""
1393,103,Equilibrium of Structures,,1,active,"""2026-05-24T21:17:44.051Z""","""2026-06-11T00:00:00.000Z"""
1394,103,Free Body Diagrams,1393,,active,"""2026-05-24T21:17:44.051Z""","""2026-06-11T00:00:00.000Z"""
1395,103,Support Reactions,1393,,active,"""2026-05-24T21:17:44.051Z""","""2026-06-11T00:00:00.000Z"""
1396,103,Moment Balance,1393,,active,"""2026-05-24T21:17:44.051Z""","""2026-06-11T00:00:00.000Z"""
1397,103,Internal Forces,,2,active,"""2026-05-24T21:17:44.051Z""","""2026-06-11T00:00:00.000Z"""
1398,103,Axial Force,1397,,active,"""2026-05-24T21:17:44.051Z""","""2026-06-11T00:00:00.000Z"""
1399,103,Shear Force,1397,,active,"""2026-05-24T21:17:44.051Z""","""2026-06-11T00:00:00.000Z"""
1400,103,Bending Moment,1397,,active,"""2026-05-24T21:17:44.051Z""","""2026-06-11T00:00:00.000Z"""
1401,103,Trusses and Frames,,3,active,"""2026-05-24T21:17:44.051Z""","""2026-06-11T00:00:00.000Z"""
1402,103,Method of Joints,1401,,active,"""2026-05-24T21:17:44.051Z""","""2026-06-11T00:00:00.000Z"""
1403,103,Method of Sections,1401,,active,"""2026-05-24T21:17:44.051Z""","""2026-06-11T00:00:00.000Z"""
1404,103,Zero-Force Members,1401,,active,"""2026-05-24T21:17:44.051Z""","""2026-06-11T00:00:00.000Z"""
1405,103,Loading and Stability Checks,,4,active,"""2026-05-24T21:17:44.051Z""","""2026-06-11T00:00:00.000Z"""
1406,103,Distributed Loads,1405,,active,"""2026-05-24T21:17:44.051Z""","""2026-06-11T00:00:00.000Z"""
1407,103,Load Combinations,1405,,active,"""2026-05-24T21:17:44.051Z""","""2026-06-11T00:00:00.000Z"""
1408,103,Equilibrium Edge Cases,1405,,active,"""2026-05-24T21:17:44.051Z""","""2026-06-11T00:00:00.000Z"""
1409,104,Steel Structures 1 Core Concepts,,1,active,"""2026-05-24T21:17:44.051Z""","""2026-06-11T00:00:00.000Z"""
1410,104,Steel Structures 1 Key Quantities,1409,,active,"""2026-05-24T21:17:44.051Z""","""2026-06-11T00:00:00.000Z"""
1411,104,Steel Structures 1 Governing Principles,1409,,active,"""2026-05-24T21:17:44.051Z""","""2026-06-11T00:00:00.000Z"""
1412,104,Steel Structures 1 Standard Representations,1409,,active,"""2026-05-24T21:17:44.051Z""","""2026-06-11T00:00:00.000Z"""
1413,104,Steel Structures 1 Analytical Techniques,,2,active,"""2026-05-24T21:17:44.051Z""","""2026-06-11T00:00:00.000Z"""
1414,104,Steel Structures 1 Model Setup,1413,,active,"""2026-05-24T21:17:44.051Z""","""2026-06-11T00:00:00.000Z"""
1415,104,Steel Structures 1 Calculation Procedures,1413,,active,"""2026-05-24T21:17:44.051Z""","""2026-06-11T00:00:00.000Z"""
1416,104,Steel Structures 1 Assumption Checks,1413,,active,"""2026-05-24T21:17:44.051Z""","""2026-06-11T00:00:00.000Z"""
1417,104,Steel Structures 1 Practical Problems,,3,active,"""2026-05-24T21:17:44.051Z""","""2026-06-11T00:00:00.000Z"""
1418,104,Steel Structures 1 Data Interpretation,1417,,active,"""2026-05-24T21:17:44.051Z""","""2026-06-11T00:00:00.000Z"""
1419,104,Steel Structures 1 Design Decisions,1417,,active,"""2026-05-24T21:17:44.051Z""","""2026-06-11T00:00:00.000Z"""
1420,104,Steel Structures 1 Result Verification,1417,,active,"""2026-05-24T21:17:44.051Z""","""2026-06-11T00:00:00.000Z"""
1421,104,Steel Structures 1 Advanced Cases,,4,active,"""2026-05-24T21:17:44.051Z""","""2026-06-11T00:00:00.000Z"""
1422,104,Steel Structures 1 Edge Cases,1421,,active,"""2026-05-24T21:17:44.051Z""","""2026-06-11T00:00:00.000Z"""
1423,104,Steel Structures 1 Failure Modes,1421,,active,"""2026-05-24T21:17:44.051Z""","""2026-06-11T00:00:00.000Z"""
1424,104,Steel Structures 1 Professional Constraints,1421,,active,"""2026-05-24T21:17:44.051Z""","""2026-06-11T00:00:00.000Z"""
1425,105,Soil Classification,,1,active,"""2026-05-24T21:17:44.051Z""","""2026-06-11T00:00:00.000Z"""
1426,105,Grain Size Distribution,1425,,active,"""2026-05-24T21:17:44.051Z""","""2026-06-11T00:00:00.000Z"""
1427,105,Atterberg Limits,1425,,active,"""2026-05-24T21:17:44.051Z""","""2026-06-11T00:00:00.000Z"""
1428,105,Unified Soil Classification,1425,,active,"""2026-05-24T21:17:44.051Z""","""2026-06-11T00:00:00.000Z"""
1429,105,Effective Stress and Seepage,,2,active,"""2026-05-24T21:17:44.051Z""","""2026-06-11T00:00:00.000Z"""
1430,105,Total and Effective Stress,1429,,active,"""2026-05-24T21:17:44.051Z""","""2026-06-11T00:00:00.000Z"""
1431,105,Pore Water Pressure,1429,,active,"""2026-05-24T21:17:44.051Z""","""2026-06-11T00:00:00.000Z"""
1432,105,Hydraulic Gradient,1429,,active,"""2026-05-24T21:17:44.051Z""","""2026-06-11T00:00:00.000Z"""
1433,105,Shear Strength,,3,active,"""2026-05-24T21:17:44.051Z""","""2026-06-11T00:00:00.000Z"""
1434,105,Mohr-Coulomb Parameters,1433,,active,"""2026-05-24T21:17:44.051Z""","""2026-06-11T00:00:00.000Z"""
1435,105,Direct Shear Tests,1433,,active,"""2026-05-24T21:17:44.051Z""","""2026-06-11T00:00:00.000Z"""
1436,105,Triaxial Tests,1433,,active,"""2026-05-24T21:17:44.051Z""","""2026-06-11T00:00:00.000Z"""
1437,105,Consolidation and Settlement,,4,active,"""2026-05-24T21:17:44.051Z""","""2026-06-11T00:00:00.000Z"""
1438,105,Consolidation Curves,1437,,active,"""2026-05-24T21:17:44.051Z""","""2026-06-11T00:00:00.000Z"""
1439,105,Settlement Calculation,1437,,active,"""2026-05-24T21:17:44.051Z""","""2026-06-11T00:00:00.000Z"""
1440,105,Bearing Capacity Basics,1437,,active,"""2026-05-24T21:17:44.051Z""","""2026-06-11T00:00:00.000Z"""
1457,107,Soil Classification,,1,active,"""2026-05-24T21:17:44.051Z""","""2026-06-11T00:00:00.000Z"""
1458,107,Grain Size Distribution,1457,,active,"""2026-05-24T21:17:44.051Z""","""2026-06-11T00:00:00.000Z"""
1459,107,Atterberg Limits,1457,,active,"""2026-05-24T21:17:44.051Z""","""2026-06-11T00:00:00.000Z"""
1460,107,Unified Soil Classification,1457,,active,"""2026-05-24T21:17:44.051Z""","""2026-06-11T00:00:00.000Z"""
1461,107,Effective Stress and Seepage,,2,active,"""2026-05-24T21:17:44.051Z""","""2026-06-11T00:00:00.000Z"""
1462,107,Total and Effective Stress,1461,,active,"""2026-05-24T21:17:44.051Z""","""2026-06-11T00:00:00.000Z"""
1463,107,Pore Water Pressure,1461,,active,"""2026-05-24T21:17:44.051Z""","""2026-06-11T00:00:00.000Z"""
1464,107,Hydraulic Gradient,1461,,active,"""2026-05-24T21:17:44.051Z""","""2026-06-11T00:00:00.000Z"""
1465,107,Shear Strength,,3,active,"""2026-05-24T21:17:44.051Z""","""2026-06-11T00:00:00.000Z"""
1466,107,Mohr-Coulomb Parameters,1465,,active,"""2026-05-24T21:17:44.051Z""","""2026-06-11T00:00:00.000Z"""
1467,107,Direct Shear Tests,1465,,active,"""2026-05-24T21:17:44.051Z""","""2026-06-11T00:00:00.000Z"""
1468,107,Triaxial Tests,1465,,active,"""2026-05-24T21:17:44.051Z""","""2026-06-11T00:00:00.000Z"""
1469,107,Consolidation and Settlement,,4,active,"""2026-05-24T21:17:44.051Z""","""2026-06-11T00:00:00.000Z"""
1470,107,Consolidation Curves,1469,,active,"""2026-05-24T21:17:44.051Z""","""2026-06-11T00:00:00.000Z"""
1471,107,Settlement Calculation,1469,,active,"""2026-05-24T21:17:44.051Z""","""2026-06-11T00:00:00.000Z"""
1472,107,Bearing Capacity Basics,1469,,active,"""2026-05-24T21:17:44.051Z""","""2026-06-11T00:00:00.000Z"""
1489,109,Particle Kinematics,,1,active,"""2026-05-24T21:17:44.051Z""","""2026-06-11T00:00:00.000Z"""
1490,109,Relative Motion,1489,,active,"""2026-05-24T21:17:44.051Z""","""2026-06-11T00:00:00.000Z"""
1491,109,Curvilinear Motion,1489,,active,"""2026-05-24T21:17:44.051Z""","""2026-06-11T00:00:00.000Z"""
1492,109,Acceleration Components,1489,,active,"""2026-05-24T21:17:44.051Z""","""2026-06-11T00:00:00.000Z"""
1493,109,Newton-Euler Dynamics,,2,active,"""2026-05-24T21:17:44.051Z""","""2026-06-11T00:00:00.000Z"""
1494,109,Force Balance,1493,,active,"""2026-05-24T21:17:44.051Z""","""2026-06-11T00:00:00.000Z"""
1495,109,Rigid Body Rotation,1493,,active,"""2026-05-24T21:17:44.051Z""","""2026-06-11T00:00:00.000Z"""
1496,109,Mass Moment of Inertia,1493,,active,"""2026-05-24T21:17:44.051Z""","""2026-06-11T00:00:00.000Z"""
1497,109,Work-Energy Methods,,3,active,"""2026-05-24T21:17:44.051Z""","""2026-06-11T00:00:00.000Z"""
1498,109,Kinetic Energy,1497,,active,"""2026-05-24T21:17:44.051Z""","""2026-06-11T00:00:00.000Z"""
1499,109,Potential Energy,1497,,active,"""2026-05-24T21:17:44.051Z""","""2026-06-11T00:00:00.000Z"""
1500,109,Power,1497,,active,"""2026-05-24T21:17:44.051Z""","""2026-06-11T00:00:00.000Z"""
1501,109,Impulse and Momentum,,4,active,"""2026-05-24T21:17:44.051Z""","""2026-06-11T00:00:00.000Z"""
1502,109,Linear Impulse,1501,,active,"""2026-05-24T21:17:44.051Z""","""2026-06-11T00:00:00.000Z"""
1503,109,Angular Momentum,1501,,active,"""2026-05-24T21:17:44.051Z""","""2026-06-11T00:00:00.000Z"""
1504,109,Impact Cases,1501,,active,"""2026-05-24T21:17:44.051Z""","""2026-06-11T00:00:00.000Z"""
1521,111,Seismic Structural Design Core Concepts,,1,active,"""2026-05-24T21:17:44.051Z""","""2026-06-11T00:00:00.000Z"""
1522,111,Seismic Structural Design Key Quantities,1521,,active,"""2026-05-24T21:17:44.051Z""","""2026-06-11T00:00:00.000Z"""
1523,111,Seismic Structural Design Governing Principles,1521,,active,"""2026-05-24T21:17:44.051Z""","""2026-06-11T00:00:00.000Z"""
1524,111,Seismic Structural Design Standard Representations,1521,,active,"""2026-05-24T21:17:44.051Z""","""2026-06-11T00:00:00.000Z"""
1525,111,Seismic Structural Design Analytical Techniques,,2,active,"""2026-05-24T21:17:44.051Z""","""2026-06-11T00:00:00.000Z"""
1526,111,Seismic Structural Design Model Setup,1525,,active,"""2026-05-24T21:17:44.051Z""","""2026-06-11T00:00:00.000Z"""
1527,111,Seismic Structural Design Calculation Procedures,1525,,active,"""2026-05-24T21:17:44.051Z""","""2026-06-11T00:00:00.000Z"""
1528,111,Seismic Structural Design Assumption Checks,1525,,active,"""2026-05-24T21:17:44.051Z""","""2026-06-11T00:00:00.000Z"""
1529,111,Seismic Structural Design Practical Problems,,3,active,"""2026-05-24T21:17:44.051Z""","""2026-06-11T00:00:00.000Z"""
1530,111,Seismic Structural Design Data Interpretation,1529,,active,"""2026-05-24T21:17:44.051Z""","""2026-06-11T00:00:00.000Z"""
1531,111,Seismic Structural Design Design Decisions,1529,,active,"""2026-05-24T21:17:44.051Z""","""2026-06-11T00:00:00.000Z"""
1532,111,Seismic Structural Design Result Verification,1529,,active,"""2026-05-24T21:17:44.051Z""","""2026-06-11T00:00:00.000Z"""
1533,111,Seismic Structural Design Advanced Cases,,4,active,"""2026-05-24T21:17:44.051Z""","""2026-06-11T00:00:00.000Z"""
1534,111,Seismic Structural Design Edge Cases,1533,,active,"""2026-05-24T21:17:44.051Z""","""2026-06-11T00:00:00.000Z"""
1535,111,Seismic Structural Design Failure Modes,1533,,active,"""2026-05-24T21:17:44.051Z""","""2026-06-11T00:00:00.000Z"""
1536,111,Seismic Structural Design Professional Constraints,1533,,active,"""2026-05-24T21:17:44.051Z""","""2026-06-11T00:00:00.000Z"""
1569,114,Reinforced Concrete Behavior,,1,active,"""2026-05-24T21:17:44.051Z""","""2026-06-11T00:00:00.000Z"""
1570,114,Concrete Compression,1569,,active,"""2026-05-24T21:17:44.051Z""","""2026-06-11T00:00:00.000Z"""
1571,114,Steel Reinforcement,1569,,active,"""2026-05-24T21:17:44.051Z""","""2026-06-11T00:00:00.000Z"""
1572,114,Cracked Section Behavior,1569,,active,"""2026-05-24T21:17:44.051Z""","""2026-06-11T00:00:00.000Z"""
1573,114,Flexural Design,,2,active,"""2026-05-24T21:17:44.051Z""","""2026-06-11T00:00:00.000Z"""
1574,114,Moment Capacity,1573,,active,"""2026-05-24T21:17:44.051Z""","""2026-06-11T00:00:00.000Z"""
1575,114,Neutral Axis Depth,1573,,active,"""2026-05-24T21:17:44.051Z""","""2026-06-11T00:00:00.000Z"""
1576,114,Reinforcement Ratio,1573,,active,"""2026-05-24T21:17:44.051Z""","""2026-06-11T00:00:00.000Z"""
1577,114,Shear and Serviceability,,3,active,"""2026-05-24T21:17:44.051Z""","""2026-06-11T00:00:00.000Z"""
1578,114,Shear Capacity,1577,,active,"""2026-05-24T21:17:44.051Z""","""2026-06-11T00:00:00.000Z"""
1579,114,Deflection Limits,1577,,active,"""2026-05-24T21:17:44.051Z""","""2026-06-11T00:00:00.000Z"""
1580,114,Crack Width Checks,1577,,active,"""2026-05-24T21:17:44.051Z""","""2026-06-11T00:00:00.000Z"""
1581,114,Design Detailing,,4,active,"""2026-05-24T21:17:44.051Z""","""2026-06-11T00:00:00.000Z"""
1582,114,Anchorage Length,1581,,active,"""2026-05-24T21:17:44.051Z""","""2026-06-11T00:00:00.000Z"""
1583,114,Stirrup Layout,1581,,active,"""2026-05-24T21:17:44.051Z""","""2026-06-11T00:00:00.000Z"""
1584,114,Code-Based Safety Factors,1581,,active,"""2026-05-24T21:17:44.051Z""","""2026-06-11T00:00:00.000Z"""
1665,120,Atomic and Crystal Structure,,1,active,"""2026-05-24T21:17:44.051Z""","""2026-06-11T00:00:00.000Z"""
1666,120,Crystal Lattices,1665,,active,"""2026-05-24T21:17:44.051Z""","""2026-06-11T00:00:00.000Z"""
1667,120,Defects,1665,,active,"""2026-05-24T21:17:44.051Z""","""2026-06-11T00:00:00.000Z"""
1668,120,Diffusion,1665,,active,"""2026-05-24T21:17:44.051Z""","""2026-06-11T00:00:00.000Z"""
1669,120,Mechanical Properties,,2,active,"""2026-05-24T21:17:44.051Z""","""2026-06-11T00:00:00.000Z"""
1670,120,Elastic Modulus,1669,,active,"""2026-05-24T21:17:44.051Z""","""2026-06-11T00:00:00.000Z"""
1671,120,Yield Strength,1669,,active,"""2026-05-24T21:17:44.051Z""","""2026-06-11T00:00:00.000Z"""
1672,120,Hardness,1669,,active,"""2026-05-24T21:17:44.051Z""","""2026-06-11T00:00:00.000Z"""
1673,120,Phase Diagrams and Heat Treatment,,3,active,"""2026-05-24T21:17:44.051Z""","""2026-06-11T00:00:00.000Z"""
1674,120,Phase Equilibria,1673,,active,"""2026-05-24T21:17:44.051Z""","""2026-06-11T00:00:00.000Z"""
1675,120,TTT Diagrams,1673,,active,"""2026-05-24T21:17:44.051Z""","""2026-06-11T00:00:00.000Z"""
1676,120,Annealing and Quenching,1673,,active,"""2026-05-24T21:17:44.051Z""","""2026-06-11T00:00:00.000Z"""
1677,120,Material Selection,,4,active,"""2026-05-24T21:17:44.051Z""","""2026-06-11T00:00:00.000Z"""
1678,120,Metals,1677,,active,"""2026-05-24T21:17:44.051Z""","""2026-06-11T00:00:00.000Z"""
1679,120,Polymers and Composites,1677,,active,"""2026-05-24T21:17:44.051Z""","""2026-06-11T00:00:00.000Z"""
1680,120,Failure Mechanisms,1677,,active,"""2026-05-24T21:17:44.051Z""","""2026-06-11T00:00:00.000Z"""
1681,121,Kinematics,,1,active,"""2026-05-24T21:17:44.051Z""","""2026-06-11T00:00:00.000Z"""
1682,121,Position and Velocity,1681,,active,"""2026-05-24T21:17:44.051Z""","""2026-06-11T00:00:00.000Z"""
1683,121,Constant Acceleration,1681,,active,"""2026-05-24T21:17:44.051Z""","""2026-06-11T00:00:00.000Z"""
1684,121,Projectile Motion,1681,,active,"""2026-05-24T21:17:44.051Z""","""2026-06-11T00:00:00.000Z"""
1685,121,Newtonian Mechanics,,2,active,"""2026-05-24T21:17:44.051Z""","""2026-06-11T00:00:00.000Z"""
1686,121,Free Body Diagrams,1685,,active,"""2026-05-24T21:17:44.051Z""","""2026-06-11T00:00:00.000Z"""
1687,121,Friction Forces,1685,,active,"""2026-05-24T21:17:44.051Z""","""2026-06-11T00:00:00.000Z"""
1688,121,Newton's Laws,1685,,active,"""2026-05-24T21:17:44.051Z""","""2026-06-11T00:00:00.000Z"""
1689,121,Work and Energy,,3,active,"""2026-05-24T21:17:44.051Z""","""2026-06-11T00:00:00.000Z"""
1690,121,Kinetic Energy,1689,,active,"""2026-05-24T21:17:44.051Z""","""2026-06-11T00:00:00.000Z"""
1691,121,Potential Energy,1689,,active,"""2026-05-24T21:17:44.051Z""","""2026-06-11T00:00:00.000Z"""
1692,121,Conservation of Energy,1689,,active,"""2026-05-24T21:17:44.051Z""","""2026-06-11T00:00:00.000Z"""
1693,121,Momentum and Rotation,,4,active,"""2026-05-24T21:17:44.051Z""","""2026-06-11T00:00:00.000Z"""
1694,121,Impulse and Momentum,1693,,active,"""2026-05-24T21:17:44.051Z""","""2026-06-11T00:00:00.000Z"""
1695,121,Torque,1693,,active,"""2026-05-24T21:17:44.051Z""","""2026-06-11T00:00:00.000Z"""
1696,121,Rotational Equilibrium,1693,,active,"""2026-05-24T21:17:44.051Z""","""2026-06-11T00:00:00.000Z"""
1697,122,Force Systems,,1,active,"""2026-05-24T21:17:44.051Z""","""2026-06-11T00:00:00.000Z"""
1698,122,Force Components,1697,,active,"""2026-05-24T21:17:44.051Z""","""2026-06-11T00:00:00.000Z"""
1699,122,Resultants,1697,,active,"""2026-05-24T21:17:44.051Z""","""2026-06-11T00:00:00.000Z"""
1700,122,Free Body Diagrams,1697,,active,"""2026-05-24T21:17:44.051Z""","""2026-06-11T00:00:00.000Z"""
1701,122,Rigid Body Equilibrium,,2,active,"""2026-05-24T21:17:44.051Z""","""2026-06-11T00:00:00.000Z"""
1702,122,Support Reactions,1701,,active,"""2026-05-24T21:17:44.051Z""","""2026-06-11T00:00:00.000Z"""
1703,122,Moment Equilibrium,1701,,active,"""2026-05-24T21:17:44.051Z""","""2026-06-11T00:00:00.000Z"""
1704,122,Distributed Loads,1701,,active,"""2026-05-24T21:17:44.051Z""","""2026-06-11T00:00:00.000Z"""
1705,122,Friction and Contact,,3,active,"""2026-05-24T21:17:44.051Z""","""2026-06-11T00:00:00.000Z"""
1706,122,Static Friction,1705,,active,"""2026-05-24T21:17:44.051Z""","""2026-06-11T00:00:00.000Z"""
1707,122,Impending Motion,1705,,active,"""2026-05-24T21:17:44.051Z""","""2026-06-11T00:00:00.000Z"""
1708,122,Contact Forces,1705,,active,"""2026-05-24T21:17:44.051Z""","""2026-06-11T00:00:00.000Z"""
1709,122,Centroids and Moments of Inertia,,4,active,"""2026-05-24T21:17:44.051Z""","""2026-06-11T00:00:00.000Z"""
1710,122,Composite Areas,1709,,active,"""2026-05-24T21:17:44.051Z""","""2026-06-11T00:00:00.000Z"""
1711,122,Centroid Calculation,1709,,active,"""2026-05-24T21:17:44.051Z""","""2026-06-11T00:00:00.000Z"""
1712,122,Area Moment of Inertia,1709,,active,"""2026-05-24T21:17:44.051Z""","""2026-06-11T00:00:00.000Z"""
1713,123,Atomic and Crystal Structure,,1,active,"""2026-05-24T21:17:44.051Z""","""2026-06-11T00:00:00.000Z"""
1714,123,Crystal Lattices,1713,,active,"""2026-05-24T21:17:44.051Z""","""2026-06-11T00:00:00.000Z"""
1715,123,Defects,1713,,active,"""2026-05-24T21:17:44.051Z""","""2026-06-11T00:00:00.000Z"""
1716,123,Diffusion,1713,,active,"""2026-05-24T21:17:44.051Z""","""2026-06-11T00:00:00.000Z"""
1717,123,Mechanical Properties,,2,active,"""2026-05-24T21:17:44.051Z""","""2026-06-11T00:00:00.000Z"""
1718,123,Elastic Modulus,1717,,active,"""2026-05-24T21:17:44.051Z""","""2026-06-11T00:00:00.000Z"""
1719,123,Yield Strength,1717,,active,"""2026-05-24T21:17:44.051Z""","""2026-06-11T00:00:00.000Z"""
1720,123,Hardness,1717,,active,"""2026-05-24T21:17:44.051Z""","""2026-06-11T00:00:00.000Z"""
1721,123,Phase Diagrams and Heat Treatment,,3,active,"""2026-05-24T21:17:44.051Z""","""2026-06-11T00:00:00.000Z"""
1722,123,Phase Equilibria,1721,,active,"""2026-05-24T21:17:44.051Z""","""2026-06-11T00:00:00.000Z"""
1723,123,TTT Diagrams,1721,,active,"""2026-05-24T21:17:44.051Z""","""2026-06-11T00:00:00.000Z"""
1724,123,Annealing and Quenching,1721,,active,"""2026-05-24T21:17:44.051Z""","""2026-06-11T00:00:00.000Z"""
1725,123,Material Selection,,4,active,"""2026-05-24T21:17:44.051Z""","""2026-06-11T00:00:00.000Z"""
1726,123,Metals,1725,,active,"""2026-05-24T21:17:44.051Z""","""2026-06-11T00:00:00.000Z"""
1727,123,Polymers and Composites,1725,,active,"""2026-05-24T21:17:44.051Z""","""2026-06-11T00:00:00.000Z"""
1728,123,Failure Mechanisms,1725,,active,"""2026-05-24T21:17:44.051Z""","""2026-06-11T00:00:00.000Z"""
1745,125,Electric Fields,,1,active,"""2026-05-24T21:17:44.051Z""","""2026-06-11T00:00:00.000Z"""
1746,125,Coulomb Force,1745,,active,"""2026-05-24T21:17:44.051Z""","""2026-06-11T00:00:00.000Z"""
1747,125,Electric Field Superposition,1745,,active,"""2026-05-24T21:17:44.051Z""","""2026-06-11T00:00:00.000Z"""
1748,125,Electric Potential,1745,,active,"""2026-05-24T21:17:44.051Z""","""2026-06-11T00:00:00.000Z"""
1749,125,Circuits,,2,active,"""2026-05-24T21:17:44.051Z""","""2026-06-11T00:00:00.000Z"""
1750,125,Ohm's Law,1749,,active,"""2026-05-24T21:17:44.051Z""","""2026-06-11T00:00:00.000Z"""
1751,125,Series and Parallel Resistors,1749,,active,"""2026-05-24T21:17:44.051Z""","""2026-06-11T00:00:00.000Z"""
1752,125,RC Transients,1749,,active,"""2026-05-24T21:17:44.051Z""","""2026-06-11T00:00:00.000Z"""
1753,125,Magnetism,,3,active,"""2026-05-24T21:17:44.051Z""","""2026-06-11T00:00:00.000Z"""
1754,125,Magnetic Forces,1753,,active,"""2026-05-24T21:17:44.051Z""","""2026-06-11T00:00:00.000Z"""
1755,125,Induction,1753,,active,"""2026-05-24T21:17:44.051Z""","""2026-06-11T00:00:00.000Z"""
1756,125,Faraday's Law,1753,,active,"""2026-05-24T21:17:44.051Z""","""2026-06-11T00:00:00.000Z"""
1757,125,Waves and Optics,,4,active,"""2026-05-24T21:17:44.051Z""","""2026-06-11T00:00:00.000Z"""
1758,125,Wave Speed,1757,,active,"""2026-05-24T21:17:44.051Z""","""2026-06-11T00:00:00.000Z"""
1759,125,Interference,1757,,active,"""2026-05-24T21:17:44.051Z""","""2026-06-11T00:00:00.000Z"""
1760,125,Lenses and Mirrors,1757,,active,"""2026-05-24T21:17:44.051Z""","""2026-06-11T00:00:00.000Z"""
1761,126,Electric Fields,,1,active,"""2026-05-24T21:17:44.051Z""","""2026-06-11T00:00:00.000Z"""
1762,126,Coulomb Force,1761,,active,"""2026-05-24T21:17:44.051Z""","""2026-06-11T00:00:00.000Z"""
1763,126,Electric Field Superposition,1761,,active,"""2026-05-24T21:17:44.051Z""","""2026-06-11T00:00:00.000Z"""
1764,126,Electric Potential,1761,,active,"""2026-05-24T21:17:44.051Z""","""2026-06-11T00:00:00.000Z"""
1765,126,Circuits,,2,active,"""2026-05-24T21:17:44.051Z""","""2026-06-11T00:00:00.000Z"""
1766,126,Ohm's Law,1765,,active,"""2026-05-24T21:17:44.051Z""","""2026-06-11T00:00:00.000Z"""
1767,126,Series and Parallel Resistors,1765,,active,"""2026-05-24T21:17:44.051Z""","""2026-06-11T00:00:00.000Z"""
1768,126,RC Transients,1765,,active,"""2026-05-24T21:17:44.051Z""","""2026-06-11T00:00:00.000Z"""
1769,126,Magnetism,,3,active,"""2026-05-24T21:17:44.051Z""","""2026-06-11T00:00:00.000Z"""
1770,126,Magnetic Forces,1769,,active,"""2026-05-24T21:17:44.051Z""","""2026-06-11T00:00:00.000Z"""
1771,126,Induction,1769,,active,"""2026-05-24T21:17:44.051Z""","""2026-06-11T00:00:00.000Z"""
1772,126,Faraday's Law,1769,,active,"""2026-05-24T21:17:44.051Z""","""2026-06-11T00:00:00.000Z"""
1773,126,Waves and Optics,,4,active,"""2026-05-24T21:17:44.051Z""","""2026-06-11T00:00:00.000Z"""
1774,126,Wave Speed,1773,,active,"""2026-05-24T21:17:44.051Z""","""2026-06-11T00:00:00.000Z"""
1775,126,Interference,1773,,active,"""2026-05-24T21:17:44.051Z""","""2026-06-11T00:00:00.000Z"""
1776,126,Lenses and Mirrors,1773,,active,"""2026-05-24T21:17:44.051Z""","""2026-06-11T00:00:00.000Z"""
1777,127,Design Requirements,,1,active,"""2026-05-24T21:17:44.051Z""","""2026-06-11T00:00:00.000Z"""
1778,127,Customer Needs,1777,,active,"""2026-05-24T21:17:44.051Z""","""2026-06-11T00:00:00.000Z"""
1779,127,Engineering Specifications,1777,,active,"""2026-05-24T21:17:44.051Z""","""2026-06-11T00:00:00.000Z"""
1780,127,Constraint Definition,1777,,active,"""2026-05-24T21:17:44.051Z""","""2026-06-11T00:00:00.000Z"""
1781,127,Concept Development,,2,active,"""2026-05-24T21:17:44.051Z""","""2026-06-11T00:00:00.000Z"""
1782,127,Morphological Charts,1781,,active,"""2026-05-24T21:17:44.051Z""","""2026-06-11T00:00:00.000Z"""
1783,127,Concept Screening,1781,,active,"""2026-05-24T21:17:44.051Z""","""2026-06-11T00:00:00.000Z"""
1784,127,Prototyping,1781,,active,"""2026-05-24T21:17:44.051Z""","""2026-06-11T00:00:00.000Z"""
1785,127,Design Analysis,,3,active,"""2026-05-24T21:17:44.051Z""","""2026-06-11T00:00:00.000Z"""
1786,127,Load Cases,1785,,active,"""2026-05-24T21:17:44.051Z""","""2026-06-11T00:00:00.000Z"""
1787,127,Tolerance Analysis,1785,,active,"""2026-05-24T21:17:44.051Z""","""2026-06-11T00:00:00.000Z"""
1788,127,Failure Mode Review,1785,,active,"""2026-05-24T21:17:44.051Z""","""2026-06-11T00:00:00.000Z"""
1789,127,Design Communication,,4,active,"""2026-05-24T21:17:44.051Z""","""2026-06-11T00:00:00.000Z"""
1790,127,CAD Models,1789,,active,"""2026-05-24T21:17:44.051Z""","""2026-06-11T00:00:00.000Z"""
1791,127,Technical Drawings,1789,,active,"""2026-05-24T21:17:44.051Z""","""2026-06-11T00:00:00.000Z"""
1792,127,Design Review Documentation,1789,,active,"""2026-05-24T21:17:44.051Z""","""2026-06-11T00:00:00.000Z"""
1809,129,First-Order Differential Equations,,1,active,"""2026-05-24T21:17:44.051Z""","""2026-06-11T00:00:00.000Z"""
1810,129,Separable Equations,1809,,active,"""2026-05-24T21:17:44.051Z""","""2026-06-11T00:00:00.000Z"""
1811,129,Linear First-Order Equations,1809,,active,"""2026-05-24T21:17:44.051Z""","""2026-06-11T00:00:00.000Z"""
1812,129,Initial Value Problems,1809,,active,"""2026-05-24T21:17:44.051Z""","""2026-06-11T00:00:00.000Z"""
1813,129,Second-Order Linear Equations,,2,active,"""2026-05-24T21:17:44.051Z""","""2026-06-11T00:00:00.000Z"""
1814,129,Characteristic Equation,1813,,active,"""2026-05-24T21:17:44.051Z""","""2026-06-11T00:00:00.000Z"""
1815,129,Homogeneous Solutions,1813,,active,"""2026-05-24T21:17:44.051Z""","""2026-06-11T00:00:00.000Z"""
1816,129,Forced Response,1813,,active,"""2026-05-24T21:17:44.051Z""","""2026-06-11T00:00:00.000Z"""
1817,129,Systems and Stability,,3,active,"""2026-05-24T21:17:44.051Z""","""2026-06-11T00:00:00.000Z"""
1818,129,Linear Systems,1817,,active,"""2026-05-24T21:17:44.051Z""","""2026-06-11T00:00:00.000Z"""
1819,129,Equilibrium Points,1817,,active,"""2026-05-24T21:17:44.051Z""","""2026-06-11T00:00:00.000Z"""
1820,129,Phase-Plane Interpretation,1817,,active,"""2026-05-24T21:17:44.051Z""","""2026-06-11T00:00:00.000Z"""
1821,129,Laplace and Engineering Models,,4,active,"""2026-05-24T21:17:44.051Z""","""2026-06-11T00:00:00.000Z"""
1822,129,Laplace Transforms,1821,,active,"""2026-05-24T21:17:44.051Z""","""2026-06-11T00:00:00.000Z"""
1823,129,Step Inputs,1821,,active,"""2026-05-24T21:17:44.051Z""","""2026-06-11T00:00:00.000Z"""
1824,129,Mechanical and Electrical Models,1821,,active,"""2026-05-24T21:17:44.051Z""","""2026-06-11T00:00:00.000Z"""
1825,130,Design Loads,,1,active,"""2026-05-24T21:17:44.051Z""","""2026-06-11T00:00:00.000Z"""
1826,130,Static Loads,1825,,active,"""2026-05-24T21:17:44.051Z""","""2026-06-11T00:00:00.000Z"""
1827,130,Fatigue Loads,1825,,active,"""2026-05-24T21:17:44.051Z""","""2026-06-11T00:00:00.000Z"""
1828,130,Load Factors,1825,,active,"""2026-05-24T21:17:44.051Z""","""2026-06-11T00:00:00.000Z"""
1829,130,Shafts and Bearings,,2,active,"""2026-05-24T21:17:44.051Z""","""2026-06-11T00:00:00.000Z"""
1830,130,Shaft Sizing,1829,,active,"""2026-05-24T21:17:44.051Z""","""2026-06-11T00:00:00.000Z"""
1831,130,Bearing Life,1829,,active,"""2026-05-24T21:17:44.051Z""","""2026-06-11T00:00:00.000Z"""
1832,130,Keyways and Couplings,1829,,active,"""2026-05-24T21:17:44.051Z""","""2026-06-11T00:00:00.000Z"""
1833,130,Gears and Power Transmission,,3,active,"""2026-05-24T21:17:44.051Z""","""2026-06-11T00:00:00.000Z"""
1834,130,Gear Ratios,1833,,active,"""2026-05-24T21:17:44.051Z""","""2026-06-11T00:00:00.000Z"""
1835,130,Tooth Forces,1833,,active,"""2026-05-24T21:17:44.051Z""","""2026-06-11T00:00:00.000Z"""
1836,130,Belt and Chain Drives,1833,,active,"""2026-05-24T21:17:44.051Z""","""2026-06-11T00:00:00.000Z"""
1837,130,Failure Criteria,,4,active,"""2026-05-24T21:17:44.051Z""","""2026-06-11T00:00:00.000Z"""
1838,130,Yield Criteria,1837,,active,"""2026-05-24T21:17:44.051Z""","""2026-06-11T00:00:00.000Z"""
1839,130,Fatigue Safety Factor,1837,,active,"""2026-05-24T21:17:44.051Z""","""2026-06-11T00:00:00.000Z"""
1840,130,Design Verification,1837,,active,"""2026-05-24T21:17:44.051Z""","""2026-06-11T00:00:00.000Z"""
1841,131,System Modeling,,1,active,"""2026-05-24T21:17:44.051Z""","""2026-06-11T00:00:00.000Z"""
1842,131,Transfer Functions,1841,,active,"""2026-05-24T21:17:44.051Z""","""2026-06-11T00:00:00.000Z"""
1843,131,Block Diagrams,1841,,active,"""2026-05-24T21:17:44.051Z""","""2026-06-11T00:00:00.000Z"""
1844,131,State Variables,1841,,active,"""2026-05-24T21:17:44.051Z""","""2026-06-11T00:00:00.000Z"""
1845,131,Time Response,,2,active,"""2026-05-24T21:17:44.051Z""","""2026-06-11T00:00:00.000Z"""
1846,131,First-Order Response,1845,,active,"""2026-05-24T21:17:44.051Z""","""2026-06-11T00:00:00.000Z"""
1847,131,Second-Order Response,1845,,active,"""2026-05-24T21:17:44.051Z""","""2026-06-11T00:00:00.000Z"""
1848,131,Steady-State Error,1845,,active,"""2026-05-24T21:17:44.051Z""","""2026-06-11T00:00:00.000Z"""
1849,131,Stability Analysis,,3,active,"""2026-05-24T21:17:44.051Z""","""2026-06-11T00:00:00.000Z"""
1850,131,Poles and Zeros,1849,,active,"""2026-05-24T21:17:44.051Z""","""2026-06-11T00:00:00.000Z"""
1851,131,Routh-Hurwitz Criterion,1849,,active,"""2026-05-24T21:17:44.051Z""","""2026-06-11T00:00:00.000Z"""
1852,131,Root Locus,1849,,active,"""2026-05-24T21:17:44.051Z""","""2026-06-11T00:00:00.000Z"""
1853,131,Controller Design,,4,active,"""2026-05-24T21:17:44.051Z""","""2026-06-11T00:00:00.000Z"""
1854,131,PID Control,1853,,active,"""2026-05-24T21:17:44.051Z""","""2026-06-11T00:00:00.000Z"""
1855,131,Frequency Response,1853,,active,"""2026-05-24T21:17:44.051Z""","""2026-06-11T00:00:00.000Z"""
1856,131,Closed-Loop Tuning,1853,,active,"""2026-05-24T21:17:44.051Z""","""2026-06-11T00:00:00.000Z"""
1857,132,Manufacturing Processes,,1,active,"""2026-05-24T21:17:44.051Z""","""2026-06-11T00:00:00.000Z"""
1858,132,Casting,1857,,active,"""2026-05-24T21:17:44.051Z""","""2026-06-11T00:00:00.000Z"""
1859,132,Machining,1857,,active,"""2026-05-24T21:17:44.051Z""","""2026-06-11T00:00:00.000Z"""
1860,132,Additive Manufacturing,1857,,active,"""2026-05-24T21:17:44.051Z""","""2026-06-11T00:00:00.000Z"""
1861,132,Process Parameters,,2,active,"""2026-05-24T21:17:44.051Z""","""2026-06-11T00:00:00.000Z"""
1862,132,Cutting Speed,1861,,active,"""2026-05-24T21:17:44.051Z""","""2026-06-11T00:00:00.000Z"""
1863,132,Feed Rate,1861,,active,"""2026-05-24T21:17:44.051Z""","""2026-06-11T00:00:00.000Z"""
1864,132,Tolerance Selection,1861,,active,"""2026-05-24T21:17:44.051Z""","""2026-06-11T00:00:00.000Z"""
1865,132,Quality and Metrology,,3,active,"""2026-05-24T21:17:44.051Z""","""2026-06-11T00:00:00.000Z"""
1866,132,Dimensional Inspection,1865,,active,"""2026-05-24T21:17:44.051Z""","""2026-06-11T00:00:00.000Z"""
1867,132,Process Capability,1865,,active,"""2026-05-24T21:17:44.051Z""","""2026-06-11T00:00:00.000Z"""
1868,132,Surface Roughness,1865,,active,"""2026-05-24T21:17:44.051Z""","""2026-06-11T00:00:00.000Z"""
1869,132,Computer-Integrated Manufacturing,,4,active,"""2026-05-24T21:17:44.051Z""","""2026-06-11T00:00:00.000Z"""
1870,132,CNC Programming,1869,,active,"""2026-05-24T21:17:44.051Z""","""2026-06-11T00:00:00.000Z"""
1871,132,Flexible Manufacturing,1869,,active,"""2026-05-24T21:17:44.051Z""","""2026-06-11T00:00:00.000Z"""
1872,132,Production Cells,1869,,active,"""2026-05-24T21:17:44.051Z""","""2026-06-11T00:00:00.000Z"""
1873,133,MATLAB Syntax,,1,active,"""2026-05-24T21:17:44.051Z""","""2026-06-11T00:00:00.000Z"""
1874,133,Vectors and Matrices,1873,,active,"""2026-05-24T21:17:44.051Z""","""2026-06-11T00:00:00.000Z"""
1875,133,Indexing,1873,,active,"""2026-05-24T21:17:44.051Z""","""2026-06-11T00:00:00.000Z"""
1876,133,Built-In Functions,1873,,active,"""2026-05-24T21:17:44.051Z""","""2026-06-11T00:00:00.000Z"""
1877,133,Numerical Computation,,2,active,"""2026-05-24T21:17:44.051Z""","""2026-06-11T00:00:00.000Z"""
1878,133,Linear System Solving,1877,,active,"""2026-05-24T21:17:44.051Z""","""2026-06-11T00:00:00.000Z"""
1879,133,Root Finding,1877,,active,"""2026-05-24T21:17:44.051Z""","""2026-06-11T00:00:00.000Z"""
1880,133,Numerical Integration,1877,,active,"""2026-05-24T21:17:44.051Z""","""2026-06-11T00:00:00.000Z"""
1881,133,Data Visualization,,3,active,"""2026-05-24T21:17:44.051Z""","""2026-06-11T00:00:00.000Z"""
1882,133,Plot Commands,1881,,active,"""2026-05-24T21:17:44.051Z""","""2026-06-11T00:00:00.000Z"""
1883,133,Figure Formatting,1881,,active,"""2026-05-24T21:17:44.051Z""","""2026-06-11T00:00:00.000Z"""
1884,133,Data Import,1881,,active,"""2026-05-24T21:17:44.051Z""","""2026-06-11T00:00:00.000Z"""
1885,133,Engineering Scripts,,4,active,"""2026-05-24T21:17:44.051Z""","""2026-06-11T00:00:00.000Z"""
1886,133,Function Files,1885,,active,"""2026-05-24T21:17:44.051Z""","""2026-06-11T00:00:00.000Z"""
1887,133,Loops and Vectorization,1885,,active,"""2026-05-24T21:17:44.051Z""","""2026-06-11T00:00:00.000Z"""
1888,133,Parameter Sweeps,1885,,active,"""2026-05-24T21:17:44.051Z""","""2026-06-11T00:00:00.000Z"""
1889,134,DC Circuit Analysis,,1,active,"""2026-05-24T21:17:44.051Z""","""2026-06-11T00:00:00.000Z"""
1890,134,Ohm's Law,1889,,active,"""2026-05-24T21:17:44.051Z""","""2026-06-11T00:00:00.000Z"""
1891,134,Kirchhoff Laws,1889,,active,"""2026-05-24T21:17:44.051Z""","""2026-06-11T00:00:00.000Z"""
1892,134,Series and Parallel Networks,1889,,active,"""2026-05-24T21:17:44.051Z""","""2026-06-11T00:00:00.000Z"""
1893,134,AC Circuit Fundamentals,,2,active,"""2026-05-24T21:17:44.051Z""","""2026-06-11T00:00:00.000Z"""
1894,134,Sinusoidal Signals,1893,,active,"""2026-05-24T21:17:44.051Z""","""2026-06-11T00:00:00.000Z"""
1895,134,Impedance,1893,,active,"""2026-05-24T21:17:44.051Z""","""2026-06-11T00:00:00.000Z"""
1896,134,Phasors,1893,,active,"""2026-05-24T21:17:44.051Z""","""2026-06-11T00:00:00.000Z"""
1897,134,Circuit Theorems,,3,active,"""2026-05-24T21:17:44.051Z""","""2026-06-11T00:00:00.000Z"""
1898,134,Thevenin Equivalent,1897,,active,"""2026-05-24T21:17:44.051Z""","""2026-06-11T00:00:00.000Z"""
1899,134,Norton Equivalent,1897,,active,"""2026-05-24T21:17:44.051Z""","""2026-06-11T00:00:00.000Z"""
1900,134,Superposition,1897,,active,"""2026-05-24T21:17:44.051Z""","""2026-06-11T00:00:00.000Z"""
1901,134,Power and Measurement,,4,active,"""2026-05-24T21:17:44.051Z""","""2026-06-11T00:00:00.000Z"""
1902,134,Power Calculation,1901,,active,"""2026-05-24T21:17:44.051Z""","""2026-06-11T00:00:00.000Z"""
1903,134,Power Factor,1901,,active,"""2026-05-24T21:17:44.051Z""","""2026-06-11T00:00:00.000Z"""
1904,134,Instrument Loading,1901,,active,"""2026-05-24T21:17:44.051Z""","""2026-06-11T00:00:00.000Z"""
1937,137,Particle Kinematics,,1,active,"""2026-05-24T21:17:44.051Z""","""2026-06-11T00:00:00.000Z"""
1938,137,Relative Motion,1937,,active,"""2026-05-24T21:17:44.051Z""","""2026-06-11T00:00:00.000Z"""
1939,137,Curvilinear Motion,1937,,active,"""2026-05-24T21:17:44.051Z""","""2026-06-11T00:00:00.000Z"""
1940,137,Acceleration Components,1937,,active,"""2026-05-24T21:17:44.051Z""","""2026-06-11T00:00:00.000Z"""
1941,137,Newton-Euler Dynamics,,2,active,"""2026-05-24T21:17:44.051Z""","""2026-06-11T00:00:00.000Z"""
1942,137,Force Balance,1941,,active,"""2026-05-24T21:17:44.051Z""","""2026-06-11T00:00:00.000Z"""
1943,137,Rigid Body Rotation,1941,,active,"""2026-05-24T21:17:44.051Z""","""2026-06-11T00:00:00.000Z"""
1944,137,Mass Moment of Inertia,1941,,active,"""2026-05-24T21:17:44.051Z""","""2026-06-11T00:00:00.000Z"""
1945,137,Work-Energy Methods,,3,active,"""2026-05-24T21:17:44.051Z""","""2026-06-11T00:00:00.000Z"""
1946,137,Kinetic Energy,1945,,active,"""2026-05-24T21:17:44.051Z""","""2026-06-11T00:00:00.000Z"""
1947,137,Potential Energy,1945,,active,"""2026-05-24T21:17:44.051Z""","""2026-06-11T00:00:00.000Z"""
1948,137,Power,1945,,active,"""2026-05-24T21:17:44.051Z""","""2026-06-11T00:00:00.000Z"""
1949,137,Impulse and Momentum,,4,active,"""2026-05-24T21:17:44.051Z""","""2026-06-11T00:00:00.000Z"""
1950,137,Linear Impulse,1949,,active,"""2026-05-24T21:17:44.051Z""","""2026-06-11T00:00:00.000Z"""
1951,137,Angular Momentum,1949,,active,"""2026-05-24T21:17:44.051Z""","""2026-06-11T00:00:00.000Z"""
1952,137,Impact Cases,1949,,active,"""2026-05-24T21:17:44.051Z""","""2026-06-11T00:00:00.000Z"""
1953,138,Conduction,,1,active,"""2026-05-24T21:17:44.051Z""","""2026-06-11T00:00:00.000Z"""
1954,138,Fourier Law,1953,,active,"""2026-05-24T21:17:44.051Z""","""2026-06-11T00:00:00.000Z"""
1955,138,Composite Walls,1953,,active,"""2026-05-24T21:17:44.051Z""","""2026-06-11T00:00:00.000Z"""
1956,138,Thermal Resistance,1953,,active,"""2026-05-24T21:17:44.051Z""","""2026-06-11T00:00:00.000Z"""
1957,138,Convection,,2,active,"""2026-05-24T21:17:44.051Z""","""2026-06-11T00:00:00.000Z"""
1958,138,Newton Cooling Law,1957,,active,"""2026-05-24T21:17:44.051Z""","""2026-06-11T00:00:00.000Z"""
1959,138,Heat Transfer Coefficients,1957,,active,"""2026-05-24T21:17:44.051Z""","""2026-06-11T00:00:00.000Z"""
1960,138,Boundary Layers,1957,,active,"""2026-05-24T21:17:44.051Z""","""2026-06-11T00:00:00.000Z"""
1961,138,Radiation,,3,active,"""2026-05-24T21:17:44.051Z""","""2026-06-11T00:00:00.000Z"""
1962,138,Stefan-Boltzmann Law,1961,,active,"""2026-05-24T21:17:44.051Z""","""2026-06-11T00:00:00.000Z"""
1963,138,View Factors,1961,,active,"""2026-05-24T21:17:44.051Z""","""2026-06-11T00:00:00.000Z"""
1964,138,Emissivity Effects,1961,,active,"""2026-05-24T21:17:44.051Z""","""2026-06-11T00:00:00.000Z"""
1965,138,Heat Exchangers,,4,active,"""2026-05-24T21:17:44.051Z""","""2026-06-11T00:00:00.000Z"""
1966,138,Log Mean Temperature Difference,1965,,active,"""2026-05-24T21:17:44.051Z""","""2026-06-11T00:00:00.000Z"""
1967,138,Effectiveness-NTU,1965,,active,"""2026-05-24T21:17:44.051Z""","""2026-06-11T00:00:00.000Z"""
1968,138,Fouling Factors,1965,,active,"""2026-05-24T21:17:44.051Z""","""2026-06-11T00:00:00.000Z"""
1969,139,Design Loads,,1,active,"""2026-05-24T21:17:44.051Z""","""2026-06-11T00:00:00.000Z"""
1970,139,Static Loads,1969,,active,"""2026-05-24T21:17:44.051Z""","""2026-06-11T00:00:00.000Z"""
1971,139,Fatigue Loads,1969,,active,"""2026-05-24T21:17:44.051Z""","""2026-06-11T00:00:00.000Z"""
1972,139,Load Factors,1969,,active,"""2026-05-24T21:17:44.051Z""","""2026-06-11T00:00:00.000Z"""
1973,139,Shafts and Bearings,,2,active,"""2026-05-24T21:17:44.051Z""","""2026-06-11T00:00:00.000Z"""
1974,139,Shaft Sizing,1973,,active,"""2026-05-24T21:17:44.051Z""","""2026-06-11T00:00:00.000Z"""
1975,139,Bearing Life,1973,,active,"""2026-05-24T21:17:44.051Z""","""2026-06-11T00:00:00.000Z"""
1976,139,Keyways and Couplings,1973,,active,"""2026-05-24T21:17:44.051Z""","""2026-06-11T00:00:00.000Z"""
1977,139,Gears and Power Transmission,,3,active,"""2026-05-24T21:17:44.051Z""","""2026-06-11T00:00:00.000Z"""
1978,139,Gear Ratios,1977,,active,"""2026-05-24T21:17:44.051Z""","""2026-06-11T00:00:00.000Z"""
1979,139,Tooth Forces,1977,,active,"""2026-05-24T21:17:44.051Z""","""2026-06-11T00:00:00.000Z"""
1980,139,Belt and Chain Drives,1977,,active,"""2026-05-24T21:17:44.051Z""","""2026-06-11T00:00:00.000Z"""
1981,139,Failure Criteria,,4,active,"""2026-05-24T21:17:44.051Z""","""2026-06-11T00:00:00.000Z"""
1982,139,Yield Criteria,1981,,active,"""2026-05-24T21:17:44.051Z""","""2026-06-11T00:00:00.000Z"""
1983,139,Fatigue Safety Factor,1981,,active,"""2026-05-24T21:17:44.051Z""","""2026-06-11T00:00:00.000Z"""
1984,139,Design Verification,1981,,active,"""2026-05-24T21:17:44.051Z""","""2026-06-11T00:00:00.000Z"""
1985,140,Diodes and Transistors,,1,active,"""2026-05-24T21:17:44.051Z""","""2026-06-11T00:00:00.000Z"""
1986,140,Diode I-V Curves,1985,,active,"""2026-05-24T21:17:44.051Z""","""2026-06-11T00:00:00.000Z"""
1987,140,BJT Biasing,1985,,active,"""2026-05-24T21:17:44.051Z""","""2026-06-11T00:00:00.000Z"""
1988,140,MOSFET Operation,1985,,active,"""2026-05-24T21:17:44.051Z""","""2026-06-11T00:00:00.000Z"""
1989,140,Amplifier Circuits,,2,active,"""2026-05-24T21:17:44.051Z""","""2026-06-11T00:00:00.000Z"""
1990,140,Small-Signal Models,1989,,active,"""2026-05-24T21:17:44.051Z""","""2026-06-11T00:00:00.000Z"""
1991,140,Gain Calculation,1989,,active,"""2026-05-24T21:17:44.051Z""","""2026-06-11T00:00:00.000Z"""
1992,140,Input and Output Resistance,1989,,active,"""2026-05-24T21:17:44.051Z""","""2026-06-11T00:00:00.000Z"""
1993,140,Digital Electronics,,3,active,"""2026-05-24T21:17:44.051Z""","""2026-06-11T00:00:00.000Z"""
1994,140,Logic Families,1993,,active,"""2026-05-24T21:17:44.051Z""","""2026-06-11T00:00:00.000Z"""
1995,140,Switching Behavior,1993,,active,"""2026-05-24T21:17:44.051Z""","""2026-06-11T00:00:00.000Z"""
1996,140,Timing Parameters,1993,,active,"""2026-05-24T21:17:44.051Z""","""2026-06-11T00:00:00.000Z"""
1997,140,Power and Signal Integrity,,4,active,"""2026-05-24T21:17:44.051Z""","""2026-06-11T00:00:00.000Z"""
1998,140,Filtering,1997,,active,"""2026-05-24T21:17:44.051Z""","""2026-06-11T00:00:00.000Z"""
1999,140,Noise Margins,1997,,active,"""2026-05-24T21:17:44.051Z""","""2026-06-11T00:00:00.000Z"""
2000,140,Thermal Limits,1997,,active,"""2026-05-24T21:17:44.051Z""","""2026-06-11T00:00:00.000Z"""
2001,141,Microcontroller Architecture,,1,active,"""2026-05-24T21:17:44.051Z""","""2026-06-11T00:00:00.000Z"""
2002,141,Registers,2001,,active,"""2026-05-24T21:17:44.051Z""","""2026-06-11T00:00:00.000Z"""
2003,141,Memory Map,2001,,active,"""2026-05-24T21:17:44.051Z""","""2026-06-11T00:00:00.000Z"""
2004,141,Instruction Execution,2001,,active,"""2026-05-24T21:17:44.051Z""","""2026-06-11T00:00:00.000Z"""
2005,141,Digital I/O,,2,active,"""2026-05-24T21:17:44.051Z""","""2026-06-11T00:00:00.000Z"""
2006,141,GPIO Configuration,2005,,active,"""2026-05-24T21:17:44.051Z""","""2026-06-11T00:00:00.000Z"""
2007,141,Pull-Up and Pull-Down Resistors,2005,,active,"""2026-05-24T21:17:44.051Z""","""2026-06-11T00:00:00.000Z"""
2008,141,Interrupts,2005,,active,"""2026-05-24T21:17:44.051Z""","""2026-06-11T00:00:00.000Z"""
2009,141,Timers and Communication,,3,active,"""2026-05-24T21:17:44.051Z""","""2026-06-11T00:00:00.000Z"""
2010,141,Timers and Counters,2009,,active,"""2026-05-24T21:17:44.051Z""","""2026-06-11T00:00:00.000Z"""
2011,141,UART and SPI,2009,,active,"""2026-05-24T21:17:44.051Z""","""2026-06-11T00:00:00.000Z"""
2012,141,PWM Signals,2009,,active,"""2026-05-24T21:17:44.051Z""","""2026-06-11T00:00:00.000Z"""
2013,141,Embedded Programming,,4,active,"""2026-05-24T21:17:44.051Z""","""2026-06-11T00:00:00.000Z"""
2014,141,Bit Manipulation,2013,,active,"""2026-05-24T21:17:44.051Z""","""2026-06-11T00:00:00.000Z"""
2015,141,Peripheral Drivers,2013,,active,"""2026-05-24T21:17:44.051Z""","""2026-06-11T00:00:00.000Z"""
2016,141,Real-Time Constraints,2013,,active,"""2026-05-24T21:17:44.051Z""","""2026-06-11T00:00:00.000Z"""
2049,144,Design Loads,,1,active,"""2026-05-24T21:17:44.051Z""","""2026-06-11T00:00:00.000Z"""
2050,144,Static Loads,2049,,active,"""2026-05-24T21:17:44.051Z""","""2026-06-11T00:00:00.000Z"""
2051,144,Fatigue Loads,2049,,active,"""2026-05-24T21:17:44.051Z""","""2026-06-11T00:00:00.000Z"""
2052,144,Load Factors,2049,,active,"""2026-05-24T21:17:44.051Z""","""2026-06-11T00:00:00.000Z"""
2053,144,Shafts and Bearings,,2,active,"""2026-05-24T21:17:44.051Z""","""2026-06-11T00:00:00.000Z"""
2054,144,Shaft Sizing,2053,,active,"""2026-05-24T21:17:44.051Z""","""2026-06-11T00:00:00.000Z"""
2055,144,Bearing Life,2053,,active,"""2026-05-24T21:17:44.051Z""","""2026-06-11T00:00:00.000Z"""
2056,144,Keyways and Couplings,2053,,active,"""2026-05-24T21:17:44.051Z""","""2026-06-11T00:00:00.000Z"""
2057,144,Gears and Power Transmission,,3,active,"""2026-05-24T21:17:44.051Z""","""2026-06-11T00:00:00.000Z"""
2058,144,Gear Ratios,2057,,active,"""2026-05-24T21:17:44.051Z""","""2026-06-11T00:00:00.000Z"""
2059,144,Tooth Forces,2057,,active,"""2026-05-24T21:17:44.051Z""","""2026-06-11T00:00:00.000Z"""
2060,144,Belt and Chain Drives,2057,,active,"""2026-05-24T21:17:44.051Z""","""2026-06-11T00:00:00.000Z"""
2061,144,Failure Criteria,,4,active,"""2026-05-24T21:17:44.051Z""","""2026-06-11T00:00:00.000Z"""
2062,144,Yield Criteria,2061,,active,"""2026-05-24T21:17:44.051Z""","""2026-06-11T00:00:00.000Z"""
2063,144,Fatigue Safety Factor,2061,,active,"""2026-05-24T21:17:44.051Z""","""2026-06-11T00:00:00.000Z"""
2064,144,Design Verification,2061,,active,"""2026-05-24T21:17:44.051Z""","""2026-06-11T00:00:00.000Z"""
2081,146,Fluid Properties,,1,active,"""2026-05-24T21:17:44.051Z""","""2026-06-11T00:00:00.000Z"""
2082,146,Density and Viscosity,2081,,active,"""2026-05-24T21:17:44.051Z""","""2026-06-11T00:00:00.000Z"""
2083,146,Pressure Variation,2081,,active,"""2026-05-24T21:17:44.051Z""","""2026-06-11T00:00:00.000Z"""
2084,146,Hydrostatic Forces,2081,,active,"""2026-05-24T21:17:44.051Z""","""2026-06-11T00:00:00.000Z"""
2085,146,Continuity and Bernoulli,,2,active,"""2026-05-24T21:17:44.051Z""","""2026-06-11T00:00:00.000Z"""
2086,146,Mass Conservation,2085,,active,"""2026-05-24T21:17:44.051Z""","""2026-06-11T00:00:00.000Z"""
2087,146,Bernoulli Equation,2085,,active,"""2026-05-24T21:17:44.051Z""","""2026-06-11T00:00:00.000Z"""
2088,146,Energy Losses,2085,,active,"""2026-05-24T21:17:44.051Z""","""2026-06-11T00:00:00.000Z"""
2089,146,Pipe Flow,,3,active,"""2026-05-24T21:17:44.051Z""","""2026-06-11T00:00:00.000Z"""
2090,146,Reynolds Number,2089,,active,"""2026-05-24T21:17:44.051Z""","""2026-06-11T00:00:00.000Z"""
2091,146,Friction Factor,2089,,active,"""2026-05-24T21:17:44.051Z""","""2026-06-11T00:00:00.000Z"""
2092,146,Minor Losses,2089,,active,"""2026-05-24T21:17:44.051Z""","""2026-06-11T00:00:00.000Z"""
2093,146,Momentum and Turbomachinery,,4,active,"""2026-05-24T21:17:44.051Z""","""2026-06-11T00:00:00.000Z"""
2094,146,Momentum Equation,2093,,active,"""2026-05-24T21:17:44.051Z""","""2026-06-11T00:00:00.000Z"""
2095,146,Pump Head,2093,,active,"""2026-05-24T21:17:44.051Z""","""2026-06-11T00:00:00.000Z"""
2096,146,Flow Measurement,2093,,active,"""2026-05-24T21:17:44.051Z""","""2026-06-11T00:00:00.000Z"""
2113,148,Microcontroller Architecture,,1,active,"""2026-05-24T21:17:44.051Z""","""2026-06-11T00:00:00.000Z"""
2114,148,Registers,2113,,active,"""2026-05-24T21:17:44.051Z""","""2026-06-11T00:00:00.000Z"""
2115,148,Memory Map,2113,,active,"""2026-05-24T21:17:44.051Z""","""2026-06-11T00:00:00.000Z"""
2116,148,Instruction Execution,2113,,active,"""2026-05-24T21:17:44.051Z""","""2026-06-11T00:00:00.000Z"""
2117,148,Digital I/O,,2,active,"""2026-05-24T21:17:44.051Z""","""2026-06-11T00:00:00.000Z"""
2118,148,GPIO Configuration,2117,,active,"""2026-05-24T21:17:44.051Z""","""2026-06-11T00:00:00.000Z"""
2119,148,Pull-Up and Pull-Down Resistors,2117,,active,"""2026-05-24T21:17:44.051Z""","""2026-06-11T00:00:00.000Z"""
2120,148,Interrupts,2117,,active,"""2026-05-24T21:17:44.051Z""","""2026-06-11T00:00:00.000Z"""
2121,148,Timers and Communication,,3,active,"""2026-05-24T21:17:44.051Z""","""2026-06-11T00:00:00.000Z"""
2122,148,Timers and Counters,2121,,active,"""2026-05-24T21:17:44.051Z""","""2026-06-11T00:00:00.000Z"""
2123,148,UART and SPI,2121,,active,"""2026-05-24T21:17:44.051Z""","""2026-06-11T00:00:00.000Z"""
2124,148,PWM Signals,2121,,active,"""2026-05-24T21:17:44.051Z""","""2026-06-11T00:00:00.000Z"""
2125,148,Embedded Programming,,4,active,"""2026-05-24T21:17:44.051Z""","""2026-06-11T00:00:00.000Z"""
2126,148,Bit Manipulation,2125,,active,"""2026-05-24T21:17:44.051Z""","""2026-06-11T00:00:00.000Z"""
2127,148,Peripheral Drivers,2125,,active,"""2026-05-24T21:17:44.051Z""","""2026-06-11T00:00:00.000Z"""
2128,148,Real-Time Constraints,2125,,active,"""2026-05-24T21:17:44.051Z""","""2026-06-11T00:00:00.000Z"""
2145,150,Chemical Equilibria in Analysis,,1,active,"""2026-05-24T21:17:44.051Z""","""2026-06-11T00:00:00.000Z"""
2146,150,Acid-Base Equilibria,2145,,active,"""2026-05-24T21:17:44.051Z""","""2026-06-11T00:00:00.000Z"""
2147,150,Complexation,2145,,active,"""2026-05-24T21:17:44.051Z""","""2026-06-11T00:00:00.000Z"""
2148,150,Solubility Equilibria,2145,,active,"""2026-05-24T21:17:44.051Z""","""2026-06-11T00:00:00.000Z"""
2149,150,Quantitative Analysis,,2,active,"""2026-05-24T21:17:44.051Z""","""2026-06-11T00:00:00.000Z"""
2150,150,Titration Curves,2149,,active,"""2026-05-24T21:17:44.051Z""","""2026-06-11T00:00:00.000Z"""
2151,150,Calibration Curves,2149,,active,"""2026-05-24T21:17:44.051Z""","""2026-06-11T00:00:00.000Z"""
2152,150,Error Propagation,2149,,active,"""2026-05-24T21:17:44.051Z""","""2026-06-11T00:00:00.000Z"""
2153,150,Instrumental Methods,,3,active,"""2026-05-24T21:17:44.051Z""","""2026-06-11T00:00:00.000Z"""
2154,150,Spectrophotometry,2153,,active,"""2026-05-24T21:17:44.051Z""","""2026-06-11T00:00:00.000Z"""
2155,150,Chromatography,2153,,active,"""2026-05-24T21:17:44.051Z""","""2026-06-11T00:00:00.000Z"""
2156,150,Electrochemical Measurements,2153,,active,"""2026-05-24T21:17:44.051Z""","""2026-06-11T00:00:00.000Z"""
2157,150,Sampling and Data Quality,,4,active,"""2026-05-24T21:17:44.051Z""","""2026-06-11T00:00:00.000Z"""
2158,150,Sample Preparation,2157,,active,"""2026-05-24T21:17:44.051Z""","""2026-06-11T00:00:00.000Z"""
2159,150,Detection Limits,2157,,active,"""2026-05-24T21:17:44.051Z""","""2026-06-11T00:00:00.000Z"""
2160,150,Precision and Accuracy,2157,,active,"""2026-05-24T21:17:44.051Z""","""2026-06-11T00:00:00.000Z"""
2161,151,Information Systems Foundations,,1,active,"""2026-05-24T21:17:44.051Z""","""2026-06-11T00:00:00.000Z"""
2162,151,Business Processes,2161,,active,"""2026-05-24T21:17:44.051Z""","""2026-06-11T00:00:00.000Z"""
2163,151,System Components,2161,,active,"""2026-05-24T21:17:44.051Z""","""2026-06-11T00:00:00.000Z"""
2164,151,Organizational Data Flows,2161,,active,"""2026-05-24T21:17:44.051Z""","""2026-06-11T00:00:00.000Z"""
2165,151,Systems Analysis,,2,active,"""2026-05-24T21:17:44.051Z""","""2026-06-11T00:00:00.000Z"""
2166,151,Requirement Modeling,2165,,active,"""2026-05-24T21:17:44.051Z""","""2026-06-11T00:00:00.000Z"""
2167,151,Use Case Diagrams and Scenarios,2165,,active,"""2026-05-24T21:17:44.051Z""","""2026-06-11T00:00:00.000Z"""
2168,151,Process Modeling,2165,,active,"""2026-05-24T21:17:44.051Z""","""2026-06-11T00:00:00.000Z"""
2169,151,Data and Decision Support,,3,active,"""2026-05-24T21:17:44.051Z""","""2026-06-11T00:00:00.000Z"""
2170,151,Data Modeling,2169,,active,"""2026-05-24T21:17:44.051Z""","""2026-06-11T00:00:00.000Z"""
2171,151,Dashboards,2169,,active,"""2026-05-24T21:17:44.051Z""","""2026-06-11T00:00:00.000Z"""
2172,151,Decision Metrics,2169,,active,"""2026-05-24T21:17:44.051Z""","""2026-06-11T00:00:00.000Z"""
2173,151,Implementation and Governance,,4,active,"""2026-05-24T21:17:44.051Z""","""2026-06-11T00:00:00.000Z"""
2174,151,System Adoption,2173,,active,"""2026-05-24T21:17:44.051Z""","""2026-06-11T00:00:00.000Z"""
2175,151,Security Controls,2173,,active,"""2026-05-24T21:17:44.051Z""","""2026-06-11T00:00:00.000Z"""
2176,151,Change Management,2173,,active,"""2026-05-24T21:17:44.051Z""","""2026-06-11T00:00:00.000Z"""
2177,152,Atomic Structure and Bonding,,1,active,"""2026-05-24T21:17:44.051Z""","""2026-06-11T00:00:00.000Z"""
2178,152,Electron Configuration,2177,,active,"""2026-05-24T21:17:44.051Z""","""2026-06-11T00:00:00.000Z"""
2179,152,Periodic Trends,2177,,active,"""2026-05-24T21:17:44.051Z""","""2026-06-11T00:00:00.000Z"""
2180,152,Chemical Bonds,2177,,active,"""2026-05-24T21:17:44.051Z""","""2026-06-11T00:00:00.000Z"""
2181,152,Stoichiometry,,2,active,"""2026-05-24T21:17:44.051Z""","""2026-06-11T00:00:00.000Z"""
2182,152,Mole Calculations,2181,,active,"""2026-05-24T21:17:44.051Z""","""2026-06-11T00:00:00.000Z"""
2183,152,Limiting Reactants,2181,,active,"""2026-05-24T21:17:44.051Z""","""2026-06-11T00:00:00.000Z"""
2184,152,Reaction Yields,2181,,active,"""2026-05-24T21:17:44.051Z""","""2026-06-11T00:00:00.000Z"""
2185,152,Thermochemistry and Gases,,3,active,"""2026-05-24T21:17:44.051Z""","""2026-06-11T00:00:00.000Z"""
2186,152,Enthalpy Changes,2185,,active,"""2026-05-24T21:17:44.051Z""","""2026-06-11T00:00:00.000Z"""
2187,152,Ideal Gas Law,2185,,active,"""2026-05-24T21:17:44.051Z""","""2026-06-11T00:00:00.000Z"""
2188,152,Partial Pressures,2185,,active,"""2026-05-24T21:17:44.051Z""","""2026-06-11T00:00:00.000Z"""
2189,152,Equilibrium and Acids-Bases,,4,active,"""2026-05-24T21:17:44.051Z""","""2026-06-11T00:00:00.000Z"""
2190,152,Equilibrium Constants,2189,,active,"""2026-05-24T21:17:44.051Z""","""2026-06-11T00:00:00.000Z"""
2191,152,pH Calculations,2189,,active,"""2026-05-24T21:17:44.051Z""","""2026-06-11T00:00:00.000Z"""
2192,152,Buffer Systems,2189,,active,"""2026-05-24T21:17:44.051Z""","""2026-06-11T00:00:00.000Z"""
2193,153,Chemical Equilibria in Analysis,,1,active,"""2026-05-24T21:17:44.051Z""","""2026-06-11T00:00:00.000Z"""
2194,153,Acid-Base Equilibria,2193,,active,"""2026-05-24T21:17:44.051Z""","""2026-06-11T00:00:00.000Z"""
2195,153,Complexation,2193,,active,"""2026-05-24T21:17:44.051Z""","""2026-06-11T00:00:00.000Z"""
2196,153,Solubility Equilibria,2193,,active,"""2026-05-24T21:17:44.051Z""","""2026-06-11T00:00:00.000Z"""
2197,153,Quantitative Analysis,,2,active,"""2026-05-24T21:17:44.051Z""","""2026-06-11T00:00:00.000Z"""
2198,153,Titration Curves,2197,,active,"""2026-05-24T21:17:44.051Z""","""2026-06-11T00:00:00.000Z"""
2199,153,Calibration Curves,2197,,active,"""2026-05-24T21:17:44.051Z""","""2026-06-11T00:00:00.000Z"""
2200,153,Error Propagation,2197,,active,"""2026-05-24T21:17:44.051Z""","""2026-06-11T00:00:00.000Z"""
2201,153,Instrumental Methods,,3,active,"""2026-05-24T21:17:44.051Z""","""2026-06-11T00:00:00.000Z"""
2202,153,Spectrophotometry,2201,,active,"""2026-05-24T21:17:44.051Z""","""2026-06-11T00:00:00.000Z"""
2203,153,Chromatography,2201,,active,"""2026-05-24T21:17:44.051Z""","""2026-06-11T00:00:00.000Z"""
2204,153,Electrochemical Measurements,2201,,active,"""2026-05-24T21:17:44.051Z""","""2026-06-11T00:00:00.000Z"""
2205,153,Sampling and Data Quality,,4,active,"""2026-05-24T21:17:44.051Z""","""2026-06-11T00:00:00.000Z"""
2206,153,Sample Preparation,2205,,active,"""2026-05-24T21:17:44.051Z""","""2026-06-11T00:00:00.000Z"""
2207,153,Detection Limits,2205,,active,"""2026-05-24T21:17:44.051Z""","""2026-06-11T00:00:00.000Z"""
2208,153,Precision and Accuracy,2205,,active,"""2026-05-24T21:17:44.051Z""","""2026-06-11T00:00:00.000Z"""
2209,154,Process Variables,,1,active,"""2026-05-24T21:17:44.051Z""","""2026-06-11T00:00:00.000Z"""
2210,154,Units and Dimensions,2209,,active,"""2026-05-24T21:17:44.051Z""","""2026-06-11T00:00:00.000Z"""
2211,154,Concentration Measures,2209,,active,"""2026-05-24T21:17:44.051Z""","""2026-06-11T00:00:00.000Z"""
2212,154,Temperature and Pressure Scales,2209,,active,"""2026-05-24T21:17:44.051Z""","""2026-06-11T00:00:00.000Z"""
2213,154,Material Balances,,2,active,"""2026-05-24T21:17:44.051Z""","""2026-06-11T00:00:00.000Z"""
2214,154,Steady-State Balances,2213,,active,"""2026-05-24T21:17:44.051Z""","""2026-06-11T00:00:00.000Z"""
2215,154,Recycle and Bypass,2213,,active,"""2026-05-24T21:17:44.051Z""","""2026-06-11T00:00:00.000Z"""
2216,154,Reactive Systems,2213,,active,"""2026-05-24T21:17:44.051Z""","""2026-06-11T00:00:00.000Z"""
2217,154,Energy Balances,,3,active,"""2026-05-24T21:17:44.051Z""","""2026-06-11T00:00:00.000Z"""
2218,154,Heat Capacity,2217,,active,"""2026-05-24T21:17:44.051Z""","""2026-06-11T00:00:00.000Z"""
2219,154,Phase Change,2217,,active,"""2026-05-24T21:17:44.051Z""","""2026-06-11T00:00:00.000Z"""
2220,154,Open-System Energy Balance,2217,,active,"""2026-05-24T21:17:44.051Z""","""2026-06-11T00:00:00.000Z"""
2221,154,Process Equipment,,4,active,"""2026-05-24T21:17:44.051Z""","""2026-06-11T00:00:00.000Z"""
2222,154,Mixers and Separators,2221,,active,"""2026-05-24T21:17:44.051Z""","""2026-06-11T00:00:00.000Z"""
2223,154,Heat Exchangers,2221,,active,"""2026-05-24T21:17:44.051Z""","""2026-06-11T00:00:00.000Z"""
2224,154,Reactors and Pumps,2221,,active,"""2026-05-24T21:17:44.051Z""","""2026-06-11T00:00:00.000Z"""
2225,155,MATLAB Syntax,,1,active,"""2026-05-24T21:17:44.051Z""","""2026-06-11T00:00:00.000Z"""
2226,155,Vectors and Matrices,2225,,active,"""2026-05-24T21:17:44.051Z""","""2026-06-11T00:00:00.000Z"""
2227,155,Indexing,2225,,active,"""2026-05-24T21:17:44.051Z""","""2026-06-11T00:00:00.000Z"""
2228,155,Built-In Functions,2225,,active,"""2026-05-24T21:17:44.051Z""","""2026-06-11T00:00:00.000Z"""
2229,155,Numerical Computation,,2,active,"""2026-05-24T21:17:44.051Z""","""2026-06-11T00:00:00.000Z"""
2230,155,Linear System Solving,2229,,active,"""2026-05-24T21:17:44.051Z""","""2026-06-11T00:00:00.000Z"""
2231,155,Root Finding,2229,,active,"""2026-05-24T21:17:44.051Z""","""2026-06-11T00:00:00.000Z"""
2232,155,Numerical Integration,2229,,active,"""2026-05-24T21:17:44.051Z""","""2026-06-11T00:00:00.000Z"""
2233,155,Data Visualization,,3,active,"""2026-05-24T21:17:44.051Z""","""2026-06-11T00:00:00.000Z"""
2234,155,Plot Commands,2233,,active,"""2026-05-24T21:17:44.051Z""","""2026-06-11T00:00:00.000Z"""
2235,155,Figure Formatting,2233,,active,"""2026-05-24T21:17:44.051Z""","""2026-06-11T00:00:00.000Z"""
2236,155,Data Import,2233,,active,"""2026-05-24T21:17:44.051Z""","""2026-06-11T00:00:00.000Z"""
2237,155,Engineering Scripts,,4,active,"""2026-05-24T21:17:44.051Z""","""2026-06-11T00:00:00.000Z"""
2238,155,Function Files,2237,,active,"""2026-05-24T21:17:44.051Z""","""2026-06-11T00:00:00.000Z"""
2239,155,Loops and Vectorization,2237,,active,"""2026-05-24T21:17:44.051Z""","""2026-06-11T00:00:00.000Z"""
2240,155,Parameter Sweeps,2237,,active,"""2026-05-24T21:17:44.051Z""","""2026-06-11T00:00:00.000Z"""
2241,156,Process Variables,,1,active,"""2026-05-24T21:17:44.051Z""","""2026-06-11T00:00:00.000Z"""
2242,156,Units and Dimensions,2241,,active,"""2026-05-24T21:17:44.051Z""","""2026-06-11T00:00:00.000Z"""
2243,156,Concentration Measures,2241,,active,"""2026-05-24T21:17:44.051Z""","""2026-06-11T00:00:00.000Z"""
2244,156,Temperature and Pressure Scales,2241,,active,"""2026-05-24T21:17:44.051Z""","""2026-06-11T00:00:00.000Z"""
2245,156,Material Balances,,2,active,"""2026-05-24T21:17:44.051Z""","""2026-06-11T00:00:00.000Z"""
2246,156,Steady-State Balances,2245,,active,"""2026-05-24T21:17:44.051Z""","""2026-06-11T00:00:00.000Z"""
2247,156,Recycle and Bypass,2245,,active,"""2026-05-24T21:17:44.051Z""","""2026-06-11T00:00:00.000Z"""
2248,156,Reactive Systems,2245,,active,"""2026-05-24T21:17:44.051Z""","""2026-06-11T00:00:00.000Z"""
2249,156,Energy Balances,,3,active,"""2026-05-24T21:17:44.051Z""","""2026-06-11T00:00:00.000Z"""
2250,156,Heat Capacity,2249,,active,"""2026-05-24T21:17:44.051Z""","""2026-06-11T00:00:00.000Z"""
2251,156,Phase Change,2249,,active,"""2026-05-24T21:17:44.051Z""","""2026-06-11T00:00:00.000Z"""
2252,156,Open-System Energy Balance,2249,,active,"""2026-05-24T21:17:44.051Z""","""2026-06-11T00:00:00.000Z"""
2253,156,Process Equipment,,4,active,"""2026-05-24T21:17:44.051Z""","""2026-06-11T00:00:00.000Z"""
2254,156,Mixers and Separators,2253,,active,"""2026-05-24T21:17:44.051Z""","""2026-06-11T00:00:00.000Z"""
2255,156,Heat Exchangers,2253,,active,"""2026-05-24T21:17:44.051Z""","""2026-06-11T00:00:00.000Z"""
2256,156,Reactors and Pumps,2253,,active,"""2026-05-24T21:17:44.051Z""","""2026-06-11T00:00:00.000Z"""
2257,157,Structure and Bonding,,1,active,"""2026-05-24T21:17:44.051Z""","""2026-06-11T00:00:00.000Z"""
2258,157,Hybridization,2257,,active,"""2026-05-24T21:17:44.051Z""","""2026-06-11T00:00:00.000Z"""
2259,157,Functional Groups,2257,,active,"""2026-05-24T21:17:44.051Z""","""2026-06-11T00:00:00.000Z"""
2260,157,Stereochemistry,2257,,active,"""2026-05-24T21:17:44.051Z""","""2026-06-11T00:00:00.000Z"""
2261,157,Reaction Mechanisms,,2,active,"""2026-05-24T21:17:44.051Z""","""2026-06-11T00:00:00.000Z"""
2262,157,Nucleophilic Substitution,2261,,active,"""2026-05-24T21:17:44.051Z""","""2026-06-11T00:00:00.000Z"""
2263,157,Elimination Reactions,2261,,active,"""2026-05-24T21:17:44.051Z""","""2026-06-11T00:00:00.000Z"""
2264,157,Addition Reactions,2261,,active,"""2026-05-24T21:17:44.051Z""","""2026-06-11T00:00:00.000Z"""
2265,157,Spectroscopy and Identification,,3,active,"""2026-05-24T21:17:44.051Z""","""2026-06-11T00:00:00.000Z"""
2266,157,IR Spectra,2265,,active,"""2026-05-24T21:17:44.051Z""","""2026-06-11T00:00:00.000Z"""
2267,157,NMR Interpretation,2265,,active,"""2026-05-24T21:17:44.051Z""","""2026-06-11T00:00:00.000Z"""
2268,157,Mass Spectrometry,2265,,active,"""2026-05-24T21:17:44.051Z""","""2026-06-11T00:00:00.000Z"""
2269,157,Synthesis Planning,,4,active,"""2026-05-24T21:17:44.051Z""","""2026-06-11T00:00:00.000Z"""
2270,157,Retrosynthesis,2269,,active,"""2026-05-24T21:17:44.051Z""","""2026-06-11T00:00:00.000Z"""
2271,157,Protecting Groups,2269,,active,"""2026-05-24T21:17:44.051Z""","""2026-06-11T00:00:00.000Z"""
2272,157,Reaction Selectivity,2269,,active,"""2026-05-24T21:17:44.051Z""","""2026-06-11T00:00:00.000Z"""
2273,158,Cell Structure,,1,active,"""2026-05-24T21:17:44.051Z""","""2026-06-11T00:00:00.000Z"""
2274,158,Organelles,2273,,active,"""2026-05-24T21:17:44.051Z""","""2026-06-11T00:00:00.000Z"""
2275,158,Membranes,2273,,active,"""2026-05-24T21:17:44.051Z""","""2026-06-11T00:00:00.000Z"""
2276,158,Cytoskeleton,2273,,active,"""2026-05-24T21:17:44.051Z""","""2026-06-11T00:00:00.000Z"""
2277,158,Molecular Biology Basics,,2,active,"""2026-05-24T21:17:44.051Z""","""2026-06-11T00:00:00.000Z"""
2278,158,DNA Replication,2277,,active,"""2026-05-24T21:17:44.051Z""","""2026-06-11T00:00:00.000Z"""
2279,158,Transcription,2277,,active,"""2026-05-24T21:17:44.051Z""","""2026-06-11T00:00:00.000Z"""
2280,158,Translation,2277,,active,"""2026-05-24T21:17:44.051Z""","""2026-06-11T00:00:00.000Z"""
2281,158,Cellular Metabolism,,3,active,"""2026-05-24T21:17:44.051Z""","""2026-06-11T00:00:00.000Z"""
2282,158,ATP Production,2281,,active,"""2026-05-24T21:17:44.051Z""","""2026-06-11T00:00:00.000Z"""
2283,158,Enzyme Regulation,2281,,active,"""2026-05-24T21:17:44.051Z""","""2026-06-11T00:00:00.000Z"""
2284,158,Metabolic Pathways,2281,,active,"""2026-05-24T21:17:44.051Z""","""2026-06-11T00:00:00.000Z"""
2285,158,Cell Growth and Signaling,,4,active,"""2026-05-24T21:17:44.051Z""","""2026-06-11T00:00:00.000Z"""
2286,158,Cell Cycle,2285,,active,"""2026-05-24T21:17:44.051Z""","""2026-06-11T00:00:00.000Z"""
2287,158,Signal Transduction,2285,,active,"""2026-05-24T21:17:44.051Z""","""2026-06-11T00:00:00.000Z"""
2288,158,Apoptosis,2285,,active,"""2026-05-24T21:17:44.051Z""","""2026-06-11T00:00:00.000Z"""
2289,159,Bioprocess Fundamentals,,1,active,"""2026-05-24T21:17:44.051Z""","""2026-06-11T00:00:00.000Z"""
2290,159,Microbial Growth,2289,,active,"""2026-05-24T21:17:44.051Z""","""2026-06-11T00:00:00.000Z"""
2291,159,Sterile Operation,2289,,active,"""2026-05-24T21:17:44.051Z""","""2026-06-11T00:00:00.000Z"""
2292,159,Bioreactors,2289,,active,"""2026-05-24T21:17:44.051Z""","""2026-06-11T00:00:00.000Z"""
2293,159,Genetic Engineering,,2,active,"""2026-05-24T21:17:44.051Z""","""2026-06-11T00:00:00.000Z"""
2294,159,Recombinant DNA,2293,,active,"""2026-05-24T21:17:44.051Z""","""2026-06-11T00:00:00.000Z"""
2295,159,Vectors,2293,,active,"""2026-05-24T21:17:44.051Z""","""2026-06-11T00:00:00.000Z"""
2296,159,Transformation,2293,,active,"""2026-05-24T21:17:44.051Z""","""2026-06-11T00:00:00.000Z"""
2297,159,Product Recovery,,3,active,"""2026-05-24T21:17:44.051Z""","""2026-06-11T00:00:00.000Z"""
2298,159,Cell Disruption,2297,,active,"""2026-05-24T21:17:44.051Z""","""2026-06-11T00:00:00.000Z"""
2299,159,Protein Purification,2297,,active,"""2026-05-24T21:17:44.051Z""","""2026-06-11T00:00:00.000Z"""
2300,159,Chromatography,2297,,active,"""2026-05-24T21:17:44.051Z""","""2026-06-11T00:00:00.000Z"""
2301,159,Industrial Biotechnology,,4,active,"""2026-05-24T21:17:44.051Z""","""2026-06-11T00:00:00.000Z"""
2302,159,Fermentation Products,2301,,active,"""2026-05-24T21:17:44.051Z""","""2026-06-11T00:00:00.000Z"""
2303,159,Scale-Up,2301,,active,"""2026-05-24T21:17:44.051Z""","""2026-06-11T00:00:00.000Z"""
2304,159,Regulatory Considerations,2301,,active,"""2026-05-24T21:17:44.051Z""","""2026-06-11T00:00:00.000Z"""
2305,160,Structure and Bonding,,1,active,"""2026-05-24T21:17:44.051Z""","""2026-06-11T00:00:00.000Z"""
2306,160,Hybridization,2305,,active,"""2026-05-24T21:17:44.051Z""","""2026-06-11T00:00:00.000Z"""
2307,160,Functional Groups,2305,,active,"""2026-05-24T21:17:44.051Z""","""2026-06-11T00:00:00.000Z"""
2308,160,Stereochemistry,2305,,active,"""2026-05-24T21:17:44.051Z""","""2026-06-11T00:00:00.000Z"""
2309,160,Reaction Mechanisms,,2,active,"""2026-05-24T21:17:44.051Z""","""2026-06-11T00:00:00.000Z"""
2310,160,Nucleophilic Substitution,2309,,active,"""2026-05-24T21:17:44.051Z""","""2026-06-11T00:00:00.000Z"""
2311,160,Elimination Reactions,2309,,active,"""2026-05-24T21:17:44.051Z""","""2026-06-11T00:00:00.000Z"""
2312,160,Addition Reactions,2309,,active,"""2026-05-24T21:17:44.051Z""","""2026-06-11T00:00:00.000Z"""
2313,160,Spectroscopy and Identification,,3,active,"""2026-05-24T21:17:44.051Z""","""2026-06-11T00:00:00.000Z"""
2314,160,IR Spectra,2313,,active,"""2026-05-24T21:17:44.051Z""","""2026-06-11T00:00:00.000Z"""
2315,160,NMR Interpretation,2313,,active,"""2026-05-24T21:17:44.051Z""","""2026-06-11T00:00:00.000Z"""
2316,160,Mass Spectrometry,2313,,active,"""2026-05-24T21:17:44.051Z""","""2026-06-11T00:00:00.000Z"""
2317,160,Synthesis Planning,,4,active,"""2026-05-24T21:17:44.051Z""","""2026-06-11T00:00:00.000Z"""
2318,160,Retrosynthesis,2317,,active,"""2026-05-24T21:17:44.051Z""","""2026-06-11T00:00:00.000Z"""
2319,160,Protecting Groups,2317,,active,"""2026-05-24T21:17:44.051Z""","""2026-06-11T00:00:00.000Z"""
2320,160,Reaction Selectivity,2317,,active,"""2026-05-24T21:17:44.051Z""","""2026-06-11T00:00:00.000Z"""
2321,161,Protein Structure and Enzymes,,1,active,"""2026-05-24T21:17:44.051Z""","""2026-06-11T00:00:00.000Z"""
2322,161,Amino Acids,2321,,active,"""2026-05-24T21:17:44.051Z""","""2026-06-11T00:00:00.000Z"""
2323,161,Enzyme Kinetics,2321,,active,"""2026-05-24T21:17:44.051Z""","""2026-06-11T00:00:00.000Z"""
2324,161,Inhibition,2321,,active,"""2026-05-24T21:17:44.051Z""","""2026-06-11T00:00:00.000Z"""
2325,161,Carbohydrates and Lipids,,2,active,"""2026-05-24T21:17:44.051Z""","""2026-06-11T00:00:00.000Z"""
2326,161,Glycolysis,2325,,active,"""2026-05-24T21:17:44.051Z""","""2026-06-11T00:00:00.000Z"""
2327,161,Lipid Metabolism,2325,,active,"""2026-05-24T21:17:44.051Z""","""2026-06-11T00:00:00.000Z"""
2328,161,Membrane Lipids,2325,,active,"""2026-05-24T21:17:44.051Z""","""2026-06-11T00:00:00.000Z"""
2329,161,Bioenergetics,,3,active,"""2026-05-24T21:17:44.051Z""","""2026-06-11T00:00:00.000Z"""
2330,161,ATP Coupling,2329,,active,"""2026-05-24T21:17:44.051Z""","""2026-06-11T00:00:00.000Z"""
2331,161,Electron Transport Chain,2329,,active,"""2026-05-24T21:17:44.051Z""","""2026-06-11T00:00:00.000Z"""
2332,161,Oxidative Phosphorylation,2329,,active,"""2026-05-24T21:17:44.051Z""","""2026-06-11T00:00:00.000Z"""
2333,161,Nucleic Acids,,4,active,"""2026-05-24T21:17:44.051Z""","""2026-06-11T00:00:00.000Z"""
2334,161,DNA Structure,2333,,active,"""2026-05-24T21:17:44.051Z""","""2026-06-11T00:00:00.000Z"""
2335,161,RNA Processing,2333,,active,"""2026-05-24T21:17:44.051Z""","""2026-06-11T00:00:00.000Z"""
2336,161,Genetic Information Flow,2333,,active,"""2026-05-24T21:17:44.051Z""","""2026-06-11T00:00:00.000Z"""
2337,162,Transport Phenomena,,1,active,"""2026-05-24T21:17:44.051Z""","""2026-06-11T00:00:00.000Z"""
2338,162,Momentum Transport,2337,,active,"""2026-05-24T21:17:44.051Z""","""2026-06-11T00:00:00.000Z"""
2339,162,Heat Transfer,2337,,active,"""2026-05-24T21:17:44.051Z""","""2026-06-11T00:00:00.000Z"""
2340,162,Mass Transfer,2337,,active,"""2026-05-24T21:17:44.051Z""","""2026-06-11T00:00:00.000Z"""
2341,162,Separation Processes,,2,active,"""2026-05-24T21:17:44.051Z""","""2026-06-11T00:00:00.000Z"""
2342,162,Distillation,2341,,active,"""2026-05-24T21:17:44.051Z""","""2026-06-11T00:00:00.000Z"""
2343,162,Absorption,2341,,active,"""2026-05-24T21:17:44.051Z""","""2026-06-11T00:00:00.000Z"""
2344,162,Extraction,2341,,active,"""2026-05-24T21:17:44.051Z""","""2026-06-11T00:00:00.000Z"""
2345,162,Reactor Analysis,,3,active,"""2026-05-24T21:17:44.051Z""","""2026-06-11T00:00:00.000Z"""
2346,162,Conversion,2345,,active,"""2026-05-24T21:17:44.051Z""","""2026-06-11T00:00:00.000Z"""
2347,162,Rate Laws,2345,,active,"""2026-05-24T21:17:44.051Z""","""2026-06-11T00:00:00.000Z"""
2348,162,Residence Time,2345,,active,"""2026-05-24T21:17:44.051Z""","""2026-06-11T00:00:00.000Z"""
2349,162,Process Design Calculations,,4,active,"""2026-05-24T21:17:44.051Z""","""2026-06-11T00:00:00.000Z"""
2350,162,Degrees of Freedom,2349,,active,"""2026-05-24T21:17:44.051Z""","""2026-06-11T00:00:00.000Z"""
2351,162,Equipment Sizing,2349,,active,"""2026-05-24T21:17:44.051Z""","""2026-06-11T00:00:00.000Z"""
2352,162,Process Constraints,2349,,active,"""2026-05-24T21:17:44.051Z""","""2026-06-11T00:00:00.000Z"""
2353,163,Chemical Thermodynamics,,1,active,"""2026-05-24T21:17:44.051Z""","""2026-06-11T00:00:00.000Z"""
2354,163,Gibbs Energy,2353,,active,"""2026-05-24T21:17:44.051Z""","""2026-06-11T00:00:00.000Z"""
2355,163,Chemical Potential,2353,,active,"""2026-05-24T21:17:44.051Z""","""2026-06-11T00:00:00.000Z"""
2356,163,Phase Equilibria,2353,,active,"""2026-05-24T21:17:44.051Z""","""2026-06-11T00:00:00.000Z"""
2357,163,Chemical Kinetics,,2,active,"""2026-05-24T21:17:44.051Z""","""2026-06-11T00:00:00.000Z"""
2358,163,Rate Laws,2357,,active,"""2026-05-24T21:17:44.051Z""","""2026-06-11T00:00:00.000Z"""
2359,163,Activation Energy,2357,,active,"""2026-05-24T21:17:44.051Z""","""2026-06-11T00:00:00.000Z"""
2360,163,Reaction Mechanisms,2357,,active,"""2026-05-24T21:17:44.051Z""","""2026-06-11T00:00:00.000Z"""
2361,163,Quantum and Molecular Structure,,3,active,"""2026-05-24T21:17:44.051Z""","""2026-06-11T00:00:00.000Z"""
2362,163,Energy Levels,2361,,active,"""2026-05-24T21:17:44.051Z""","""2026-06-11T00:00:00.000Z"""
2363,163,Molecular Orbitals,2361,,active,"""2026-05-24T21:17:44.051Z""","""2026-06-11T00:00:00.000Z"""
2364,163,Spectroscopic Transitions,2361,,active,"""2026-05-24T21:17:44.051Z""","""2026-06-11T00:00:00.000Z"""
2365,163,Statistical and Solution Thermodynamics,,4,active,"""2026-05-24T21:17:44.051Z""","""2026-06-11T00:00:00.000Z"""
2366,163,Partition Functions,2365,,active,"""2026-05-24T21:17:44.051Z""","""2026-06-11T00:00:00.000Z"""
2367,163,Activities,2365,,active,"""2026-05-24T21:17:44.051Z""","""2026-06-11T00:00:00.000Z"""
2368,163,Colligative Properties,2365,,active,"""2026-05-24T21:17:44.051Z""","""2026-06-11T00:00:00.000Z"""
2369,164,Polymer Structure,,1,active,"""2026-05-24T21:17:44.051Z""","""2026-06-11T00:00:00.000Z"""
2370,164,Monomers and Repeat Units,2369,,active,"""2026-05-24T21:17:44.051Z""","""2026-06-11T00:00:00.000Z"""
2371,164,Molecular Weight Distribution,2369,,active,"""2026-05-24T21:17:44.051Z""","""2026-06-11T00:00:00.000Z"""
2372,164,Crystallinity,2369,,active,"""2026-05-24T21:17:44.051Z""","""2026-06-11T00:00:00.000Z"""
2373,164,Polymerization Reactions,,2,active,"""2026-05-24T21:17:44.051Z""","""2026-06-11T00:00:00.000Z"""
2374,164,Step-Growth Polymerization,2373,,active,"""2026-05-24T21:17:44.051Z""","""2026-06-11T00:00:00.000Z"""
2375,164,Chain-Growth Polymerization,2373,,active,"""2026-05-24T21:17:44.051Z""","""2026-06-11T00:00:00.000Z"""
2376,164,Copolymerization,2373,,active,"""2026-05-24T21:17:44.051Z""","""2026-06-11T00:00:00.000Z"""
2377,164,Polymer Properties,,3,active,"""2026-05-24T21:17:44.051Z""","""2026-06-11T00:00:00.000Z"""
2378,164,Glass Transition Temperature,2377,,active,"""2026-05-24T21:17:44.051Z""","""2026-06-11T00:00:00.000Z"""
2379,164,Elasticity,2377,,active,"""2026-05-24T21:17:44.051Z""","""2026-06-11T00:00:00.000Z"""
2380,164,Viscoelasticity,2377,,active,"""2026-05-24T21:17:44.051Z""","""2026-06-11T00:00:00.000Z"""
2381,164,Biopolymers and Applications,,4,active,"""2026-05-24T21:17:44.051Z""","""2026-06-11T00:00:00.000Z"""
2382,164,Protein-Based Materials,2381,,active,"""2026-05-24T21:17:44.051Z""","""2026-06-11T00:00:00.000Z"""
2383,164,Polysaccharides,2381,,active,"""2026-05-24T21:17:44.051Z""","""2026-06-11T00:00:00.000Z"""
2384,164,Biodegradation,2381,,active,"""2026-05-24T21:17:44.051Z""","""2026-06-11T00:00:00.000Z"""
2385,165,Transport Phenomena,,1,active,"""2026-05-24T21:17:44.051Z""","""2026-06-11T00:00:00.000Z"""
2386,165,Momentum Transport,2385,,active,"""2026-05-24T21:17:44.051Z""","""2026-06-11T00:00:00.000Z"""
2387,165,Heat Transfer,2385,,active,"""2026-05-24T21:17:44.051Z""","""2026-06-11T00:00:00.000Z"""
2388,165,Mass Transfer,2385,,active,"""2026-05-24T21:17:44.051Z""","""2026-06-11T00:00:00.000Z"""
2389,165,Separation Processes,,2,active,"""2026-05-24T21:17:44.051Z""","""2026-06-11T00:00:00.000Z"""
2390,165,Distillation,2389,,active,"""2026-05-24T21:17:44.051Z""","""2026-06-11T00:00:00.000Z"""
2391,165,Absorption,2389,,active,"""2026-05-24T21:17:44.051Z""","""2026-06-11T00:00:00.000Z"""
2392,165,Extraction,2389,,active,"""2026-05-24T21:17:44.051Z""","""2026-06-11T00:00:00.000Z"""
2393,165,Reactor Analysis,,3,active,"""2026-05-24T21:17:44.051Z""","""2026-06-11T00:00:00.000Z"""
2394,165,Conversion,2393,,active,"""2026-05-24T21:17:44.051Z""","""2026-06-11T00:00:00.000Z"""
2395,165,Rate Laws,2393,,active,"""2026-05-24T21:17:44.051Z""","""2026-06-11T00:00:00.000Z"""
2396,165,Residence Time,2393,,active,"""2026-05-24T21:17:44.051Z""","""2026-06-11T00:00:00.000Z"""
2397,165,Process Design Calculations,,4,active,"""2026-05-24T21:17:44.051Z""","""2026-06-11T00:00:00.000Z"""
2398,165,Degrees of Freedom,2397,,active,"""2026-05-24T21:17:44.051Z""","""2026-06-11T00:00:00.000Z"""
2399,165,Equipment Sizing,2397,,active,"""2026-05-24T21:17:44.051Z""","""2026-06-11T00:00:00.000Z"""
2400,165,Process Constraints,2397,,active,"""2026-05-24T21:17:44.051Z""","""2026-06-11T00:00:00.000Z"""
2401,166,Bioprocess Fundamentals,,1,active,"""2026-05-24T21:17:44.051Z""","""2026-06-11T00:00:00.000Z"""
2402,166,Microbial Growth,2401,,active,"""2026-05-24T21:17:44.051Z""","""2026-06-11T00:00:00.000Z"""
2403,166,Sterile Operation,2401,,active,"""2026-05-24T21:17:44.051Z""","""2026-06-11T00:00:00.000Z"""
2404,166,Bioreactors,2401,,active,"""2026-05-24T21:17:44.051Z""","""2026-06-11T00:00:00.000Z"""
2405,166,Genetic Engineering,,2,active,"""2026-05-24T21:17:44.051Z""","""2026-06-11T00:00:00.000Z"""
2406,166,Recombinant DNA,2405,,active,"""2026-05-24T21:17:44.051Z""","""2026-06-11T00:00:00.000Z"""
2407,166,Vectors,2405,,active,"""2026-05-24T21:17:44.051Z""","""2026-06-11T00:00:00.000Z"""
2408,166,Transformation,2405,,active,"""2026-05-24T21:17:44.051Z""","""2026-06-11T00:00:00.000Z"""
2409,166,Product Recovery,,3,active,"""2026-05-24T21:17:44.051Z""","""2026-06-11T00:00:00.000Z"""
2410,166,Cell Disruption,2409,,active,"""2026-05-24T21:17:44.051Z""","""2026-06-11T00:00:00.000Z"""
2411,166,Protein Purification,2409,,active,"""2026-05-24T21:17:44.051Z""","""2026-06-11T00:00:00.000Z"""
2412,166,Chromatography,2409,,active,"""2026-05-24T21:17:44.051Z""","""2026-06-11T00:00:00.000Z"""
2413,166,Industrial Biotechnology,,4,active,"""2026-05-24T21:17:44.051Z""","""2026-06-11T00:00:00.000Z"""
2414,166,Fermentation Products,2413,,active,"""2026-05-24T21:17:44.051Z""","""2026-06-11T00:00:00.000Z"""
2415,166,Scale-Up,2413,,active,"""2026-05-24T21:17:44.051Z""","""2026-06-11T00:00:00.000Z"""
2416,166,Regulatory Considerations,2413,,active,"""2026-05-24T21:17:44.051Z""","""2026-06-11T00:00:00.000Z"""
2417,167,Experimental Factors,,1,active,"""2026-05-24T21:17:44.051Z""","""2026-06-11T00:00:00.000Z"""
2418,167,Factors and Levels,2417,,active,"""2026-05-24T21:17:44.051Z""","""2026-06-11T00:00:00.000Z"""
2419,167,Response Variables,2417,,active,"""2026-05-24T21:17:44.051Z""","""2026-06-11T00:00:00.000Z"""
2420,167,Blocking,2417,,active,"""2026-05-24T21:17:44.051Z""","""2026-06-11T00:00:00.000Z"""
2421,167,ANOVA and Significance,,2,active,"""2026-05-24T21:17:44.051Z""","""2026-06-11T00:00:00.000Z"""
2422,167,Sum of Squares,2421,,active,"""2026-05-24T21:17:44.051Z""","""2026-06-11T00:00:00.000Z"""
2423,167,F-Test,2421,,active,"""2026-05-24T21:17:44.051Z""","""2026-06-11T00:00:00.000Z"""
2424,167,p-Values,2421,,active,"""2026-05-24T21:17:44.051Z""","""2026-06-11T00:00:00.000Z"""
2425,167,Factorial Designs,,3,active,"""2026-05-24T21:17:44.051Z""","""2026-06-11T00:00:00.000Z"""
2426,167,Main Effects,2425,,active,"""2026-05-24T21:17:44.051Z""","""2026-06-11T00:00:00.000Z"""
2427,167,Interactions,2425,,active,"""2026-05-24T21:17:44.051Z""","""2026-06-11T00:00:00.000Z"""
2428,167,Two-Level Designs,2425,,active,"""2026-05-24T21:17:44.051Z""","""2026-06-11T00:00:00.000Z"""
2429,167,Model Adequacy,,4,active,"""2026-05-24T21:17:44.051Z""","""2026-06-11T00:00:00.000Z"""
2430,167,Residual Analysis,2429,,active,"""2026-05-24T21:17:44.051Z""","""2026-06-11T00:00:00.000Z"""
2431,167,Replication,2429,,active,"""2026-05-24T21:17:44.051Z""","""2026-06-11T00:00:00.000Z"""
2432,167,Randomization,2429,,active,"""2026-05-24T21:17:44.051Z""","""2026-06-11T00:00:00.000Z"""
2433,168,Process Flow Design,,1,active,"""2026-05-24T21:17:44.051Z""","""2026-06-11T00:00:00.000Z"""
2434,168,Block Flow Diagrams,2433,,active,"""2026-05-24T21:17:44.051Z""","""2026-06-11T00:00:00.000Z"""
2435,168,PFDs,2433,,active,"""2026-05-24T21:17:44.051Z""","""2026-06-11T00:00:00.000Z"""
2436,168,Stream Tables,2433,,active,"""2026-05-24T21:17:44.051Z""","""2026-06-11T00:00:00.000Z"""
2437,168,Equipment Sizing,,2,active,"""2026-05-24T21:17:44.051Z""","""2026-06-11T00:00:00.000Z"""
2438,168,Reactors,2437,,active,"""2026-05-24T21:17:44.051Z""","""2026-06-11T00:00:00.000Z"""
2439,168,Heat Exchangers,2437,,active,"""2026-05-24T21:17:44.051Z""","""2026-06-11T00:00:00.000Z"""
2440,168,Separation Units,2437,,active,"""2026-05-24T21:17:44.051Z""","""2026-06-11T00:00:00.000Z"""
2441,168,Economic Evaluation,,3,active,"""2026-05-24T21:17:44.051Z""","""2026-06-11T00:00:00.000Z"""
2442,168,Capital Cost,2441,,active,"""2026-05-24T21:17:44.051Z""","""2026-06-11T00:00:00.000Z"""
2443,168,Operating Cost,2441,,active,"""2026-05-24T21:17:44.051Z""","""2026-06-11T00:00:00.000Z"""
2444,168,Profitability Measures,2441,,active,"""2026-05-24T21:17:44.051Z""","""2026-06-11T00:00:00.000Z"""
2445,168,Safety and Sustainability,,4,active,"""2026-05-24T21:17:44.051Z""","""2026-06-11T00:00:00.000Z"""
2446,168,Process Hazards,2445,,active,"""2026-05-24T21:17:44.051Z""","""2026-06-11T00:00:00.000Z"""
2447,168,Environmental Constraints,2445,,active,"""2026-05-24T21:17:44.051Z""","""2026-06-11T00:00:00.000Z"""
2448,168,Design Tradeoffs,2445,,active,"""2026-05-24T21:17:44.051Z""","""2026-06-11T00:00:00.000Z"""
2449,169,Process Flow Design,,1,active,"""2026-05-24T21:17:44.051Z""","""2026-06-11T00:00:00.000Z"""
2450,169,Block Flow Diagrams,2449,,active,"""2026-05-24T21:17:44.051Z""","""2026-06-11T00:00:00.000Z"""
2451,169,PFDs,2449,,active,"""2026-05-24T21:17:44.051Z""","""2026-06-11T00:00:00.000Z"""
2452,169,Stream Tables,2449,,active,"""2026-05-24T21:17:44.051Z""","""2026-06-11T00:00:00.000Z"""
2453,169,Equipment Sizing,,2,active,"""2026-05-24T21:17:44.051Z""","""2026-06-11T00:00:00.000Z"""
2454,169,Reactors,2453,,active,"""2026-05-24T21:17:44.051Z""","""2026-06-11T00:00:00.000Z"""
2455,169,Heat Exchangers,2453,,active,"""2026-05-24T21:17:44.051Z""","""2026-06-11T00:00:00.000Z"""
2456,169,Separation Units,2453,,active,"""2026-05-24T21:17:44.051Z""","""2026-06-11T00:00:00.000Z"""
2457,169,Economic Evaluation,,3,active,"""2026-05-24T21:17:44.051Z""","""2026-06-11T00:00:00.000Z"""
2458,169,Capital Cost,2457,,active,"""2026-05-24T21:17:44.051Z""","""2026-06-11T00:00:00.000Z"""
2459,169,Operating Cost,2457,,active,"""2026-05-24T21:17:44.051Z""","""2026-06-11T00:00:00.000Z"""
2460,169,Profitability Measures,2457,,active,"""2026-05-24T21:17:44.051Z""","""2026-06-11T00:00:00.000Z"""
2461,169,Safety and Sustainability,,4,active,"""2026-05-24T21:17:44.051Z""","""2026-06-11T00:00:00.000Z"""
2462,169,Process Hazards,2461,,active,"""2026-05-24T21:17:44.051Z""","""2026-06-11T00:00:00.000Z"""
2463,169,Environmental Constraints,2461,,active,"""2026-05-24T21:17:44.051Z""","""2026-06-11T00:00:00.000Z"""
2464,169,Design Tradeoffs,2461,,active,"""2026-05-24T21:17:44.051Z""","""2026-06-11T00:00:00.000Z"""
2465,170,Water and Wastewater Quality,,1,active,"""2026-05-24T21:17:44.051Z""","""2026-06-11T00:00:00.000Z"""
2466,170,BOD and COD,2465,,active,"""2026-05-24T21:17:44.051Z""","""2026-06-11T00:00:00.000Z"""
2467,170,Nutrient Loads,2465,,active,"""2026-05-24T21:17:44.051Z""","""2026-06-11T00:00:00.000Z"""
2468,170,Pathogen Indicators,2465,,active,"""2026-05-24T21:17:44.051Z""","""2026-06-11T00:00:00.000Z"""
2469,170,Air Pollution Control,,2,active,"""2026-05-24T21:17:44.051Z""","""2026-06-11T00:00:00.000Z"""
2470,170,Particulate Removal,2469,,active,"""2026-05-24T21:17:44.051Z""","""2026-06-11T00:00:00.000Z"""
2471,170,Gas Absorption,2469,,active,"""2026-05-24T21:17:44.051Z""","""2026-06-11T00:00:00.000Z"""
2472,170,Emission Standards,2469,,active,"""2026-05-24T21:17:44.051Z""","""2026-06-11T00:00:00.000Z"""
2473,170,Solid and Hazardous Waste,,3,active,"""2026-05-24T21:17:44.051Z""","""2026-06-11T00:00:00.000Z"""
2474,170,Waste Classification,2473,,active,"""2026-05-24T21:17:44.051Z""","""2026-06-11T00:00:00.000Z"""
2475,170,Leachate,2473,,active,"""2026-05-24T21:17:44.051Z""","""2026-06-11T00:00:00.000Z"""
2476,170,Treatment Options,2473,,active,"""2026-05-24T21:17:44.051Z""","""2026-06-11T00:00:00.000Z"""
2477,170,Environmental Risk and Sustainability,,4,active,"""2026-05-24T21:17:44.051Z""","""2026-06-11T00:00:00.000Z"""
2478,170,Life Cycle Thinking,2477,,active,"""2026-05-24T21:17:44.051Z""","""2026-06-11T00:00:00.000Z"""
2479,170,Exposure Pathways,2477,,active,"""2026-05-24T21:17:44.051Z""","""2026-06-11T00:00:00.000Z"""
2480,170,Regulatory Limits,2477,,active,"""2026-05-24T21:17:44.051Z""","""2026-06-11T00:00:00.000Z"""
2481,171,Microbial Cell Structure,,1,active,"""2026-05-24T21:17:44.051Z""","""2026-06-11T00:00:00.000Z"""
2482,171,Bacteria and Archaea,2481,,active,"""2026-05-24T21:17:44.051Z""","""2026-06-11T00:00:00.000Z"""
2483,171,Cell Walls,2481,,active,"""2026-05-24T21:17:44.051Z""","""2026-06-11T00:00:00.000Z"""
2484,171,Membranes,2481,,active,"""2026-05-24T21:17:44.051Z""","""2026-06-11T00:00:00.000Z"""
2485,171,Microbial Growth,,2,active,"""2026-05-24T21:17:44.051Z""","""2026-06-11T00:00:00.000Z"""
2486,171,Growth Curves,2485,,active,"""2026-05-24T21:17:44.051Z""","""2026-06-11T00:00:00.000Z"""
2487,171,Culture Conditions,2485,,active,"""2026-05-24T21:17:44.051Z""","""2026-06-11T00:00:00.000Z"""
2488,171,Sterilization,2485,,active,"""2026-05-24T21:17:44.051Z""","""2026-06-11T00:00:00.000Z"""
2489,171,Metabolism and Genetics,,3,active,"""2026-05-24T21:17:44.051Z""","""2026-06-11T00:00:00.000Z"""
2490,171,Catabolic Pathways,2489,,active,"""2026-05-24T21:17:44.051Z""","""2026-06-11T00:00:00.000Z"""
2491,171,Gene Transfer,2489,,active,"""2026-05-24T21:17:44.051Z""","""2026-06-11T00:00:00.000Z"""
2492,171,Mutation,2489,,active,"""2026-05-24T21:17:44.051Z""","""2026-06-11T00:00:00.000Z"""
2493,171,Industrial and Environmental Microbiology,,4,active,"""2026-05-24T21:17:44.051Z""","""2026-06-11T00:00:00.000Z"""
2494,171,Fermentation,2493,,active,"""2026-05-24T21:17:44.051Z""","""2026-06-11T00:00:00.000Z"""
2495,171,Bioremediation,2493,,active,"""2026-05-24T21:17:44.051Z""","""2026-06-11T00:00:00.000Z"""
2496,171,Pathogen Control,2493,,active,"""2026-05-24T21:17:44.051Z""","""2026-06-11T00:00:00.000Z"""
2497,172,Mendelian Genetics,,1,active,"""2026-05-24T21:17:44.051Z""","""2026-06-11T00:00:00.000Z"""
2498,172,Segregation,2497,,active,"""2026-05-24T21:17:44.051Z""","""2026-06-11T00:00:00.000Z"""
2499,172,Independent Assortment,2497,,active,"""2026-05-24T21:17:44.051Z""","""2026-06-11T00:00:00.000Z"""
2500,172,Pedigree Analysis,2497,,active,"""2026-05-24T21:17:44.051Z""","""2026-06-11T00:00:00.000Z"""
2501,172,Molecular Genetics,,2,active,"""2026-05-24T21:17:44.051Z""","""2026-06-11T00:00:00.000Z"""
2502,172,DNA Replication,2501,,active,"""2026-05-24T21:17:44.051Z""","""2026-06-11T00:00:00.000Z"""
2503,172,Gene Expression,2501,,active,"""2026-05-24T21:17:44.051Z""","""2026-06-11T00:00:00.000Z"""
2504,172,Mutation Types,2501,,active,"""2026-05-24T21:17:44.051Z""","""2026-06-11T00:00:00.000Z"""
2505,172,Population Genetics,,3,active,"""2026-05-24T21:17:44.051Z""","""2026-06-11T00:00:00.000Z"""
2506,172,Allele Frequencies,2505,,active,"""2026-05-24T21:17:44.051Z""","""2026-06-11T00:00:00.000Z"""
2507,172,Hardy-Weinberg Equilibrium,2505,,active,"""2026-05-24T21:17:44.051Z""","""2026-06-11T00:00:00.000Z"""
2508,172,Selection,2505,,active,"""2026-05-24T21:17:44.051Z""","""2026-06-11T00:00:00.000Z"""
2509,172,Genetic Engineering,,4,active,"""2026-05-24T21:17:44.051Z""","""2026-06-11T00:00:00.000Z"""
2510,172,Cloning Vectors,2509,,active,"""2026-05-24T21:17:44.051Z""","""2026-06-11T00:00:00.000Z"""
2511,172,PCR,2509,,active,"""2026-05-24T21:17:44.051Z""","""2026-06-11T00:00:00.000Z"""
2512,172,Genome Editing,2509,,active,"""2026-05-24T21:17:44.051Z""","""2026-06-11T00:00:00.000Z"""
2513,173,Mendelian Genetics,,1,active,"""2026-05-24T21:17:44.051Z""","""2026-06-11T00:00:00.000Z"""
2514,173,Segregation,2513,,active,"""2026-05-24T21:17:44.051Z""","""2026-06-11T00:00:00.000Z"""
2515,173,Independent Assortment,2513,,active,"""2026-05-24T21:17:44.051Z""","""2026-06-11T00:00:00.000Z"""
2516,173,Pedigree Analysis,2513,,active,"""2026-05-24T21:17:44.051Z""","""2026-06-11T00:00:00.000Z"""
2517,173,Molecular Genetics,,2,active,"""2026-05-24T21:17:44.051Z""","""2026-06-11T00:00:00.000Z"""
2518,173,DNA Replication,2517,,active,"""2026-05-24T21:17:44.051Z""","""2026-06-11T00:00:00.000Z"""
2519,173,Gene Expression,2517,,active,"""2026-05-24T21:17:44.051Z""","""2026-06-11T00:00:00.000Z"""
2520,173,Mutation Types,2517,,active,"""2026-05-24T21:17:44.051Z""","""2026-06-11T00:00:00.000Z"""
2521,173,Population Genetics,,3,active,"""2026-05-24T21:17:44.051Z""","""2026-06-11T00:00:00.000Z"""
2522,173,Allele Frequencies,2521,,active,"""2026-05-24T21:17:44.051Z""","""2026-06-11T00:00:00.000Z"""
2523,173,Hardy-Weinberg Equilibrium,2521,,active,"""2026-05-24T21:17:44.051Z""","""2026-06-11T00:00:00.000Z"""
2524,173,Selection,2521,,active,"""2026-05-24T21:17:44.051Z""","""2026-06-11T00:00:00.000Z"""
2525,173,Genetic Engineering,,4,active,"""2026-05-24T21:17:44.051Z""","""2026-06-11T00:00:00.000Z"""
2526,173,Cloning Vectors,2525,,active,"""2026-05-24T21:17:44.051Z""","""2026-06-11T00:00:00.000Z"""
2527,173,PCR,2525,,active,"""2026-05-24T21:17:44.051Z""","""2026-06-11T00:00:00.000Z"""
2528,173,Genome Editing,2525,,active,"""2026-05-24T21:17:44.051Z""","""2026-06-11T00:00:00.000Z"""
2545,175,Probability Models,,1,active,"""2026-05-24T21:17:44.051Z""","""2026-06-11T00:00:00.000Z"""
2546,175,Sample Spaces,2545,,active,"""2026-05-24T21:17:44.051Z""","""2026-06-11T00:00:00.000Z"""
2547,175,Conditional Probability,2545,,active,"""2026-05-24T21:17:44.051Z""","""2026-06-11T00:00:00.000Z"""
2548,175,Bayes Theorem,2545,,active,"""2026-05-24T21:17:44.051Z""","""2026-06-11T00:00:00.000Z"""
2549,175,Random Variables,,2,active,"""2026-05-24T21:17:44.051Z""","""2026-06-11T00:00:00.000Z"""
2550,175,Discrete Distributions,2549,,active,"""2026-05-24T21:17:44.051Z""","""2026-06-11T00:00:00.000Z"""
2551,175,Continuous Distributions,2549,,active,"""2026-05-24T21:17:44.051Z""","""2026-06-11T00:00:00.000Z"""
2552,175,Expectation and Variance,2549,,active,"""2026-05-24T21:17:44.051Z""","""2026-06-11T00:00:00.000Z"""
2553,175,Statistical Inference,,3,active,"""2026-05-24T21:17:44.051Z""","""2026-06-11T00:00:00.000Z"""
2554,175,Sampling Distributions,2553,,active,"""2026-05-24T21:17:44.051Z""","""2026-06-11T00:00:00.000Z"""
2555,175,Confidence Intervals,2553,,active,"""2026-05-24T21:17:44.051Z""","""2026-06-11T00:00:00.000Z"""
2556,175,Hypothesis Tests,2553,,active,"""2026-05-24T21:17:44.051Z""","""2026-06-11T00:00:00.000Z"""
2557,175,Regression and Data Analysis,,4,active,"""2026-05-24T21:17:44.051Z""","""2026-06-11T00:00:00.000Z"""
2558,175,Correlation,2557,,active,"""2026-05-24T21:17:44.051Z""","""2026-06-11T00:00:00.000Z"""
2559,175,Linear Regression,2557,,active,"""2026-05-24T21:17:44.051Z""","""2026-06-11T00:00:00.000Z"""
2560,175,Residual Interpretation,2557,,active,"""2026-05-24T21:17:44.051Z""","""2026-06-11T00:00:00.000Z"""
2577,177,Relational Data Modeling,,1,active,"""2026-05-24T21:17:44.051Z""","""2026-06-11T00:00:00.000Z"""
2578,177,Tables and Attributes,2577,,active,"""2026-05-24T21:17:44.051Z""","""2026-06-11T00:00:00.000Z"""
2579,177,Primary and Foreign Keys,2577,,active,"""2026-05-24T21:17:44.051Z""","""2026-06-11T00:00:00.000Z"""
2580,177,Entity Relationships,2577,,active,"""2026-05-24T21:17:44.051Z""","""2026-06-11T00:00:00.000Z"""
2581,177,SQL Query Processing,,2,active,"""2026-05-24T21:17:44.051Z""","""2026-06-11T00:00:00.000Z"""
2582,177,SELECT-FROM-WHERE,2581,,active,"""2026-05-24T21:17:44.051Z""","""2026-06-11T00:00:00.000Z"""
2583,177,JOIN Operations,2581,,active,"""2026-05-24T21:17:44.051Z""","""2026-06-11T00:00:00.000Z"""
2584,177,GROUP BY and Aggregation,2581,,active,"""2026-05-24T21:17:44.051Z""","""2026-06-11T00:00:00.000Z"""
2585,177,Database Design,,3,active,"""2026-05-24T21:17:44.051Z""","""2026-06-11T00:00:00.000Z"""
2586,177,Functional Dependencies,2585,,active,"""2026-05-24T21:17:44.051Z""","""2026-06-11T00:00:00.000Z"""
2587,177,Normalization Forms,2585,,active,"""2026-05-24T21:17:44.051Z""","""2026-06-11T00:00:00.000Z"""
2588,177,Schema Decomposition,2585,,active,"""2026-05-24T21:17:44.051Z""","""2026-06-11T00:00:00.000Z"""
2589,177,Transactions and Consistency,,4,active,"""2026-05-24T21:17:44.051Z""","""2026-06-11T00:00:00.000Z"""
2590,177,ACID Properties,2589,,active,"""2026-05-24T21:17:44.051Z""","""2026-06-11T00:00:00.000Z"""
2591,177,Concurrency Anomalies,2589,,active,"""2026-05-24T21:17:44.051Z""","""2026-06-11T00:00:00.000Z"""
2592,177,Locking and Isolation Levels,2589,,active,"""2026-05-24T21:17:44.051Z""","""2026-06-11T00:00:00.000Z"""
2673,183,Probability Models,,1,active,"""2026-05-24T21:17:44.051Z""","""2026-06-11T00:00:00.000Z"""
2674,183,Sample Spaces,2673,,active,"""2026-05-24T21:17:44.051Z""","""2026-06-11T00:00:00.000Z"""
2675,183,Conditional Probability,2673,,active,"""2026-05-24T21:17:44.051Z""","""2026-06-11T00:00:00.000Z"""
2676,183,Bayes Theorem,2673,,active,"""2026-05-24T21:17:44.051Z""","""2026-06-11T00:00:00.000Z"""
2677,183,Random Variables,,2,active,"""2026-05-24T21:17:44.051Z""","""2026-06-11T00:00:00.000Z"""
2678,183,Discrete Distributions,2677,,active,"""2026-05-24T21:17:44.051Z""","""2026-06-11T00:00:00.000Z"""
2679,183,Continuous Distributions,2677,,active,"""2026-05-24T21:17:44.051Z""","""2026-06-11T00:00:00.000Z"""
2680,183,Expectation and Variance,2677,,active,"""2026-05-24T21:17:44.051Z""","""2026-06-11T00:00:00.000Z"""
2681,183,Statistical Inference,,3,active,"""2026-05-24T21:17:44.051Z""","""2026-06-11T00:00:00.000Z"""
2682,183,Sampling Distributions,2681,,active,"""2026-05-24T21:17:44.051Z""","""2026-06-11T00:00:00.000Z"""
2683,183,Confidence Intervals,2681,,active,"""2026-05-24T21:17:44.051Z""","""2026-06-11T00:00:00.000Z"""
2684,183,Hypothesis Tests,2681,,active,"""2026-05-24T21:17:44.051Z""","""2026-06-11T00:00:00.000Z"""
2685,183,Regression and Data Analysis,,4,active,"""2026-05-24T21:17:44.051Z""","""2026-06-11T00:00:00.000Z"""
2686,183,Correlation,2685,,active,"""2026-05-24T21:17:44.051Z""","""2026-06-11T00:00:00.000Z"""
2687,183,Linear Regression,2685,,active,"""2026-05-24T21:17:44.051Z""","""2026-06-11T00:00:00.000Z"""
2688,183,Residual Interpretation,2685,,active,"""2026-05-24T21:17:44.051Z""","""2026-06-11T00:00:00.000Z"""
2737,187,Experimental Factors,,1,active,"""2026-05-24T21:17:44.051Z""","""2026-06-11T00:00:00.000Z"""
2738,187,Factors and Levels,2737,,active,"""2026-05-24T21:17:44.051Z""","""2026-06-11T00:00:00.000Z"""
2739,187,Response Variables,2737,,active,"""2026-05-24T21:17:44.051Z""","""2026-06-11T00:00:00.000Z"""
2740,187,Blocking,2737,,active,"""2026-05-24T21:17:44.051Z""","""2026-06-11T00:00:00.000Z"""
2741,187,ANOVA and Significance,,2,active,"""2026-05-24T21:17:44.051Z""","""2026-06-11T00:00:00.000Z"""
2742,187,Sum of Squares,2741,,active,"""2026-05-24T21:17:44.051Z""","""2026-06-11T00:00:00.000Z"""
2743,187,F-Test,2741,,active,"""2026-05-24T21:17:44.051Z""","""2026-06-11T00:00:00.000Z"""
2744,187,p-Values,2741,,active,"""2026-05-24T21:17:44.051Z""","""2026-06-11T00:00:00.000Z"""
2745,187,Factorial Designs,,3,active,"""2026-05-24T21:17:44.051Z""","""2026-06-11T00:00:00.000Z"""
2746,187,Main Effects,2745,,active,"""2026-05-24T21:17:44.051Z""","""2026-06-11T00:00:00.000Z"""
2747,187,Interactions,2745,,active,"""2026-05-24T21:17:44.051Z""","""2026-06-11T00:00:00.000Z"""
2748,187,Two-Level Designs,2745,,active,"""2026-05-24T21:17:44.051Z""","""2026-06-11T00:00:00.000Z"""
2749,187,Model Adequacy,,4,active,"""2026-05-24T21:17:44.051Z""","""2026-06-11T00:00:00.000Z"""
2750,187,Residual Analysis,2749,,active,"""2026-05-24T21:17:44.051Z""","""2026-06-11T00:00:00.000Z"""
2751,187,Replication,2749,,active,"""2026-05-24T21:17:44.051Z""","""2026-06-11T00:00:00.000Z"""
2752,187,Randomization,2749,,active,"""2026-05-24T21:17:44.051Z""","""2026-06-11T00:00:00.000Z"""
2753,188,Quality Systems,,1,active,"""2026-05-24T21:17:44.051Z""","""2026-06-11T00:00:00.000Z"""
2754,188,Customer Requirements,2753,,active,"""2026-05-24T21:17:44.051Z""","""2026-06-11T00:00:00.000Z"""
2755,188,ISO Principles,2753,,active,"""2026-05-24T21:17:44.051Z""","""2026-06-11T00:00:00.000Z"""
2756,188,Process Documentation,2753,,active,"""2026-05-24T21:17:44.051Z""","""2026-06-11T00:00:00.000Z"""
2757,188,Statistical Quality Control,,2,active,"""2026-05-24T21:17:44.051Z""","""2026-06-11T00:00:00.000Z"""
2758,188,Control Charts,2757,,active,"""2026-05-24T21:17:44.051Z""","""2026-06-11T00:00:00.000Z"""
2759,188,Process Capability,2757,,active,"""2026-05-24T21:17:44.051Z""","""2026-06-11T00:00:00.000Z"""
2760,188,Acceptance Sampling,2757,,active,"""2026-05-24T21:17:44.051Z""","""2026-06-11T00:00:00.000Z"""
2761,188,Continuous Improvement,,3,active,"""2026-05-24T21:17:44.051Z""","""2026-06-11T00:00:00.000Z"""
2762,188,PDCA,2761,,active,"""2026-05-24T21:17:44.051Z""","""2026-06-11T00:00:00.000Z"""
2763,188,Root Cause Analysis,2761,,active,"""2026-05-24T21:17:44.051Z""","""2026-06-11T00:00:00.000Z"""
2764,188,Corrective Actions,2761,,active,"""2026-05-24T21:17:44.051Z""","""2026-06-11T00:00:00.000Z"""
2765,188,Reliability and Risk,,4,active,"""2026-05-24T21:17:44.051Z""","""2026-06-11T00:00:00.000Z"""
2766,188,Failure Rate,2765,,active,"""2026-05-24T21:17:44.051Z""","""2026-06-11T00:00:00.000Z"""
2767,188,MTBF,2765,,active,"""2026-05-24T21:17:44.051Z""","""2026-06-11T00:00:00.000Z"""
2768,188,FMEA,2765,,active,"""2026-05-24T21:17:44.051Z""","""2026-06-11T00:00:00.000Z"""
2785,190,Probability Models,,1,active,"""2026-05-24T21:17:44.051Z""","""2026-06-11T00:00:00.000Z"""
2786,190,Sample Spaces,2785,,active,"""2026-05-24T21:17:44.051Z""","""2026-06-11T00:00:00.000Z"""
2787,190,Conditional Probability,2785,,active,"""2026-05-24T21:17:44.051Z""","""2026-06-11T00:00:00.000Z"""
2788,190,Bayes Theorem,2785,,active,"""2026-05-24T21:17:44.051Z""","""2026-06-11T00:00:00.000Z"""
2789,190,Random Variables,,2,active,"""2026-05-24T21:17:44.051Z""","""2026-06-11T00:00:00.000Z"""
2790,190,Discrete Distributions,2789,,active,"""2026-05-24T21:17:44.051Z""","""2026-06-11T00:00:00.000Z"""
2791,190,Continuous Distributions,2789,,active,"""2026-05-24T21:17:44.051Z""","""2026-06-11T00:00:00.000Z"""
2792,190,Expectation and Variance,2789,,active,"""2026-05-24T21:17:44.051Z""","""2026-06-11T00:00:00.000Z"""
2793,190,Statistical Inference,,3,active,"""2026-05-24T21:17:44.051Z""","""2026-06-11T00:00:00.000Z"""
2794,190,Sampling Distributions,2793,,active,"""2026-05-24T21:17:44.051Z""","""2026-06-11T00:00:00.000Z"""
2795,190,Confidence Intervals,2793,,active,"""2026-05-24T21:17:44.051Z""","""2026-06-11T00:00:00.000Z"""
2796,190,Hypothesis Tests,2793,,active,"""2026-05-24T21:17:44.051Z""","""2026-06-11T00:00:00.000Z"""
2797,190,Regression and Data Analysis,,4,active,"""2026-05-24T21:17:44.051Z""","""2026-06-11T00:00:00.000Z"""
2798,190,Correlation,2797,,active,"""2026-05-24T21:17:44.051Z""","""2026-06-11T00:00:00.000Z"""
2799,190,Linear Regression,2797,,active,"""2026-05-24T21:17:44.051Z""","""2026-06-11T00:00:00.000Z"""
2800,190,Residual Interpretation,2797,,active,"""2026-05-24T21:17:44.051Z""","""2026-06-11T00:00:00.000Z"""
2801,191,Quality Systems,,1,active,"""2026-05-24T21:17:44.051Z""","""2026-06-11T00:00:00.000Z"""
2802,191,Customer Requirements,2801,,active,"""2026-05-24T21:17:44.051Z""","""2026-06-11T00:00:00.000Z"""
2803,191,ISO Principles,2801,,active,"""2026-05-24T21:17:44.051Z""","""2026-06-11T00:00:00.000Z"""
2804,191,Process Documentation,2801,,active,"""2026-05-24T21:17:44.051Z""","""2026-06-11T00:00:00.000Z"""
2805,191,Statistical Quality Control,,2,active,"""2026-05-24T21:17:44.051Z""","""2026-06-11T00:00:00.000Z"""
2806,191,Control Charts,2805,,active,"""2026-05-24T21:17:44.051Z""","""2026-06-11T00:00:00.000Z"""
2807,191,Process Capability,2805,,active,"""2026-05-24T21:17:44.051Z""","""2026-06-11T00:00:00.000Z"""
2808,191,Acceptance Sampling,2805,,active,"""2026-05-24T21:17:44.051Z""","""2026-06-11T00:00:00.000Z"""
2809,191,Continuous Improvement,,3,active,"""2026-05-24T21:17:44.051Z""","""2026-06-11T00:00:00.000Z"""
2810,191,PDCA,2809,,active,"""2026-05-24T21:17:44.051Z""","""2026-06-11T00:00:00.000Z"""
2811,191,Root Cause Analysis,2809,,active,"""2026-05-24T21:17:44.051Z""","""2026-06-11T00:00:00.000Z"""
2812,191,Corrective Actions,2809,,active,"""2026-05-24T21:17:44.051Z""","""2026-06-11T00:00:00.000Z"""
2813,191,Reliability and Risk,,4,active,"""2026-05-24T21:17:44.051Z""","""2026-06-11T00:00:00.000Z"""
2814,191,Failure Rate,2813,,active,"""2026-05-24T21:17:44.051Z""","""2026-06-11T00:00:00.000Z"""
2815,191,MTBF,2813,,active,"""2026-05-24T21:17:44.051Z""","""2026-06-11T00:00:00.000Z"""
2816,191,FMEA,2813,,active,"""2026-05-24T21:17:44.051Z""","""2026-06-11T00:00:00.000Z"""
2817,192,Human Performance,,1,active,"""2026-05-24T21:17:44.051Z""","""2026-06-11T00:00:00.000Z"""
2818,192,Perception,2817,,active,"""2026-05-24T21:17:44.051Z""","""2026-06-11T00:00:00.000Z"""
2819,192,Memory Load,2817,,active,"""2026-05-24T21:17:44.051Z""","""2026-06-11T00:00:00.000Z"""
2820,192,Decision Errors,2817,,active,"""2026-05-24T21:17:44.051Z""","""2026-06-11T00:00:00.000Z"""
2821,192,Ergonomic Design,,2,active,"""2026-05-24T21:17:44.051Z""","""2026-06-11T00:00:00.000Z"""
2822,192,Anthropometry,2821,,active,"""2026-05-24T21:17:44.051Z""","""2026-06-11T00:00:00.000Z"""
2823,192,Posture,2821,,active,"""2026-05-24T21:17:44.051Z""","""2026-06-11T00:00:00.000Z"""
2824,192,Workstation Layout,2821,,active,"""2026-05-24T21:17:44.051Z""","""2026-06-11T00:00:00.000Z"""
2825,192,Interface Evaluation,,3,active,"""2026-05-24T21:17:44.051Z""","""2026-06-11T00:00:00.000Z"""
2826,192,Usability Metrics,2825,,active,"""2026-05-24T21:17:44.051Z""","""2026-06-11T00:00:00.000Z"""
2827,192,Cognitive Walkthrough,2825,,active,"""2026-05-24T21:17:44.051Z""","""2026-06-11T00:00:00.000Z"""
2828,192,Error Prevention,2825,,active,"""2026-05-24T21:17:44.051Z""","""2026-06-11T00:00:00.000Z"""
2829,192,Safety and Workload,,4,active,"""2026-05-24T21:17:44.051Z""","""2026-06-11T00:00:00.000Z"""
2830,192,Mental Workload,2829,,active,"""2026-05-24T21:17:44.051Z""","""2026-06-11T00:00:00.000Z"""
2831,192,Fatigue,2829,,active,"""2026-05-24T21:17:44.051Z""","""2026-06-11T00:00:00.000Z"""
2832,192,Human Reliability,2829,,active,"""2026-05-24T21:17:44.051Z""","""2026-06-11T00:00:00.000Z"""
2945,200,Relational Data Modeling,,1,active,"""2026-05-24T21:17:44.051Z""","""2026-06-11T00:00:00.000Z"""
2946,200,Tables and Attributes,2945,,active,"""2026-05-24T21:17:44.051Z""","""2026-06-11T00:00:00.000Z"""
2947,200,Primary and Foreign Keys,2945,,active,"""2026-05-24T21:17:44.051Z""","""2026-06-11T00:00:00.000Z"""
2948,200,Entity Relationships,2945,,active,"""2026-05-24T21:17:44.051Z""","""2026-06-11T00:00:00.000Z"""
2949,200,SQL Query Processing,,2,active,"""2026-05-24T21:17:44.051Z""","""2026-06-11T00:00:00.000Z"""
2950,200,SELECT-FROM-WHERE,2949,,active,"""2026-05-24T21:17:44.051Z""","""2026-06-11T00:00:00.000Z"""
2951,200,JOIN Operations,2949,,active,"""2026-05-24T21:17:44.051Z""","""2026-06-11T00:00:00.000Z"""
2952,200,GROUP BY and Aggregation,2949,,active,"""2026-05-24T21:17:44.051Z""","""2026-06-11T00:00:00.000Z"""
2953,200,Database Design,,3,active,"""2026-05-24T21:17:44.051Z""","""2026-06-11T00:00:00.000Z"""
2954,200,Functional Dependencies,2953,,active,"""2026-05-24T21:17:44.051Z""","""2026-06-11T00:00:00.000Z"""
2955,200,Normalization Forms,2953,,active,"""2026-05-24T21:17:44.051Z""","""2026-06-11T00:00:00.000Z"""
2956,200,Schema Decomposition,2953,,active,"""2026-05-24T21:17:44.051Z""","""2026-06-11T00:00:00.000Z"""
2957,200,Transactions and Consistency,,4,active,"""2026-05-24T21:17:44.051Z""","""2026-06-11T00:00:00.000Z"""
2958,200,ACID Properties,2957,,active,"""2026-05-24T21:17:44.051Z""","""2026-06-11T00:00:00.000Z"""
2959,200,Concurrency Anomalies,2957,,active,"""2026-05-24T21:17:44.051Z""","""2026-06-11T00:00:00.000Z"""
2960,200,Locking and Isolation Levels,2957,,active,"""2026-05-24T21:17:44.051Z""","""2026-06-11T00:00:00.000Z"""
2961,201,Linear Data Structures,,1,active,"""2026-05-24T21:17:44.051Z""","""2026-06-11T00:00:00.000Z"""
2962,201,Linked Lists,2961,,active,"""2026-05-24T21:17:44.051Z""","""2026-06-11T00:00:00.000Z"""
2963,201,Stacks and Queues,2961,,active,"""2026-05-24T21:17:44.051Z""","""2026-06-11T00:00:00.000Z"""
2964,201,Array-Based Lists,2961,,active,"""2026-05-24T21:17:44.051Z""","""2026-06-11T00:00:00.000Z"""
2965,201,Trees and Search Structures,,2,active,"""2026-05-24T21:17:44.051Z""","""2026-06-11T00:00:00.000Z"""
2966,201,Binary Trees,2965,,active,"""2026-05-24T21:17:44.051Z""","""2026-06-11T00:00:00.000Z"""
2967,201,Binary Search Trees,2965,,active,"""2026-05-24T21:17:44.051Z""","""2026-06-11T00:00:00.000Z"""
2968,201,Tree Traversals,2965,,active,"""2026-05-24T21:17:44.051Z""","""2026-06-11T00:00:00.000Z"""
2969,201,Hash Tables,,3,active,"""2026-05-24T21:17:44.051Z""","""2026-06-11T00:00:00.000Z"""
2970,201,Hash Functions,2969,,active,"""2026-05-24T21:17:44.051Z""","""2026-06-11T00:00:00.000Z"""
2971,201,Collision Resolution,2969,,active,"""2026-05-24T21:17:44.051Z""","""2026-06-11T00:00:00.000Z"""
2972,201,Load Factor Analysis,2969,,active,"""2026-05-24T21:17:44.051Z""","""2026-06-11T00:00:00.000Z"""
2973,201,Graph Structures,,4,active,"""2026-05-24T21:17:44.051Z""","""2026-06-11T00:00:00.000Z"""
2974,201,Graph Representations,2973,,active,"""2026-05-24T21:17:44.051Z""","""2026-06-11T00:00:00.000Z"""
2975,201,Breadth-First Search,2973,,active,"""2026-05-24T21:17:44.051Z""","""2026-06-11T00:00:00.000Z"""
2976,201,Depth-First Search,2973,,active,"""2026-05-24T21:17:44.051Z""","""2026-06-11T00:00:00.000Z"""
3009,204,Decision Models,,1,active,"""2026-05-24T21:17:44.051Z""","""2026-06-11T00:00:00.000Z"""
3010,204,Alternatives and States,3009,,active,"""2026-05-24T21:17:44.051Z""","""2026-06-11T00:00:00.000Z"""
3011,204,Payoff Tables,3009,,active,"""2026-05-24T21:17:44.051Z""","""2026-06-11T00:00:00.000Z"""
3012,204,Decision Trees,3009,,active,"""2026-05-24T21:17:44.051Z""","""2026-06-11T00:00:00.000Z"""
3013,204,Decision Criteria,,2,active,"""2026-05-24T21:17:44.051Z""","""2026-06-11T00:00:00.000Z"""
3014,204,Expected Value,3013,,active,"""2026-05-24T21:17:44.051Z""","""2026-06-11T00:00:00.000Z"""
3015,204,Maximin and Minimax Regret,3013,,active,"""2026-05-24T21:17:44.051Z""","""2026-06-11T00:00:00.000Z"""
3016,204,Utility Functions,3013,,active,"""2026-05-24T21:17:44.051Z""","""2026-06-11T00:00:00.000Z"""
3017,204,Risk Analysis,,3,active,"""2026-05-24T21:17:44.051Z""","""2026-06-11T00:00:00.000Z"""
3018,204,Sensitivity Analysis,3017,,active,"""2026-05-24T21:17:44.051Z""","""2026-06-11T00:00:00.000Z"""
3019,204,Value of Information,3017,,active,"""2026-05-24T21:17:44.051Z""","""2026-06-11T00:00:00.000Z"""
3020,204,Scenario Analysis,3017,,active,"""2026-05-24T21:17:44.051Z""","""2026-06-11T00:00:00.000Z"""
3021,204,Multi-Criteria Decisions,,4,active,"""2026-05-24T21:17:44.051Z""","""2026-06-11T00:00:00.000Z"""
3022,204,Weighted Scoring,3021,,active,"""2026-05-24T21:17:44.051Z""","""2026-06-11T00:00:00.000Z"""
3023,204,AHP Basics,3021,,active,"""2026-05-24T21:17:44.051Z""","""2026-06-11T00:00:00.000Z"""
3024,204,Tradeoff Analysis,3021,,active,"""2026-05-24T21:17:44.051Z""","""2026-06-11T00:00:00.000Z"""
3025,205,Strategic Games,,1,active,"""2026-05-24T21:17:44.051Z""","""2026-06-11T00:00:00.000Z"""
3026,205,Players and Strategies,3025,,active,"""2026-05-24T21:17:44.051Z""","""2026-06-11T00:00:00.000Z"""
3027,205,Payoff Matrices,3025,,active,"""2026-05-24T21:17:44.051Z""","""2026-06-11T00:00:00.000Z"""
3028,205,Dominant Strategies,3025,,active,"""2026-05-24T21:17:44.051Z""","""2026-06-11T00:00:00.000Z"""
3029,205,Equilibrium Concepts,,2,active,"""2026-05-24T21:17:44.051Z""","""2026-06-11T00:00:00.000Z"""
3030,205,Nash Equilibrium,3029,,active,"""2026-05-24T21:17:44.051Z""","""2026-06-11T00:00:00.000Z"""
3031,205,Mixed Strategies,3029,,active,"""2026-05-24T21:17:44.051Z""","""2026-06-11T00:00:00.000Z"""
3032,205,Best Responses,3029,,active,"""2026-05-24T21:17:44.051Z""","""2026-06-11T00:00:00.000Z"""
3033,205,Sequential Games,,3,active,"""2026-05-24T21:17:44.051Z""","""2026-06-11T00:00:00.000Z"""
3034,205,Game Trees,3033,,active,"""2026-05-24T21:17:44.051Z""","""2026-06-11T00:00:00.000Z"""
3035,205,Backward Induction,3033,,active,"""2026-05-24T21:17:44.051Z""","""2026-06-11T00:00:00.000Z"""
3036,205,Subgame Perfection,3033,,active,"""2026-05-24T21:17:44.051Z""","""2026-06-11T00:00:00.000Z"""
3037,205,Applications and Mechanism Design,,4,active,"""2026-05-24T21:17:44.051Z""","""2026-06-11T00:00:00.000Z"""
3038,205,Auctions,3037,,active,"""2026-05-24T21:17:44.051Z""","""2026-06-11T00:00:00.000Z"""
3039,205,Coordination Games,3037,,active,"""2026-05-24T21:17:44.051Z""","""2026-06-11T00:00:00.000Z"""
3040,205,Incentive Compatibility,3037,,active,"""2026-05-24T21:17:44.051Z""","""2026-06-11T00:00:00.000Z"""
3041,206,Simulation Modeling,,1,active,"""2026-05-24T21:17:44.051Z""","""2026-06-11T00:00:00.000Z"""
3042,206,System Entities,3041,,active,"""2026-05-24T21:17:44.051Z""","""2026-06-11T00:00:00.000Z"""
3043,206,Events,3041,,active,"""2026-05-24T21:17:44.051Z""","""2026-06-11T00:00:00.000Z"""
3044,206,State Variables,3041,,active,"""2026-05-24T21:17:44.051Z""","""2026-06-11T00:00:00.000Z"""
3045,206,Random Input Modeling,,2,active,"""2026-05-24T21:17:44.051Z""","""2026-06-11T00:00:00.000Z"""
3046,206,Distributions,3045,,active,"""2026-05-24T21:17:44.051Z""","""2026-06-11T00:00:00.000Z"""
3047,206,Random Number Generation,3045,,active,"""2026-05-24T21:17:44.051Z""","""2026-06-11T00:00:00.000Z"""
3048,206,Input Fitting,3045,,active,"""2026-05-24T21:17:44.051Z""","""2026-06-11T00:00:00.000Z"""
3049,206,Discrete-Event Simulation,,3,active,"""2026-05-24T21:17:44.051Z""","""2026-06-11T00:00:00.000Z"""
3050,206,Event Calendar,3049,,active,"""2026-05-24T21:17:44.051Z""","""2026-06-11T00:00:00.000Z"""
3051,206,Queue Simulation,3049,,active,"""2026-05-24T21:17:44.051Z""","""2026-06-11T00:00:00.000Z"""
3052,206,Replication Runs,3049,,active,"""2026-05-24T21:17:44.051Z""","""2026-06-11T00:00:00.000Z"""
3053,206,Output Analysis,,4,active,"""2026-05-24T21:17:44.051Z""","""2026-06-11T00:00:00.000Z"""
3054,206,Confidence Intervals,3053,,active,"""2026-05-24T21:17:44.051Z""","""2026-06-11T00:00:00.000Z"""
3055,206,Warm-Up Period,3053,,active,"""2026-05-24T21:17:44.051Z""","""2026-06-11T00:00:00.000Z"""
3056,206,Variance Reduction,3053,,active,"""2026-05-24T21:17:44.051Z""","""2026-06-11T00:00:00.000Z"""
3073,208,Design Loads,,1,active,"""2026-05-24T21:17:44.051Z""","""2026-06-11T00:00:00.000Z"""
3074,208,Static Loads,3073,,active,"""2026-05-24T21:17:44.051Z""","""2026-06-11T00:00:00.000Z"""
3075,208,Fatigue Loads,3073,,active,"""2026-05-24T21:17:44.051Z""","""2026-06-11T00:00:00.000Z"""
3076,208,Load Factors,3073,,active,"""2026-05-24T21:17:44.051Z""","""2026-06-11T00:00:00.000Z"""
3077,208,Shafts and Bearings,,2,active,"""2026-05-24T21:17:44.051Z""","""2026-06-11T00:00:00.000Z"""
3078,208,Shaft Sizing,3077,,active,"""2026-05-24T21:17:44.051Z""","""2026-06-11T00:00:00.000Z"""
3079,208,Bearing Life,3077,,active,"""2026-05-24T21:17:44.051Z""","""2026-06-11T00:00:00.000Z"""
3080,208,Keyways and Couplings,3077,,active,"""2026-05-24T21:17:44.051Z""","""2026-06-11T00:00:00.000Z"""
3081,208,Gears and Power Transmission,,3,active,"""2026-05-24T21:17:44.051Z""","""2026-06-11T00:00:00.000Z"""
3082,208,Gear Ratios,3081,,active,"""2026-05-24T21:17:44.051Z""","""2026-06-11T00:00:00.000Z"""
3083,208,Tooth Forces,3081,,active,"""2026-05-24T21:17:44.051Z""","""2026-06-11T00:00:00.000Z"""
3084,208,Belt and Chain Drives,3081,,active,"""2026-05-24T21:17:44.051Z""","""2026-06-11T00:00:00.000Z"""
3085,208,Failure Criteria,,4,active,"""2026-05-24T21:17:44.051Z""","""2026-06-11T00:00:00.000Z"""
3086,208,Yield Criteria,3085,,active,"""2026-05-24T21:17:44.051Z""","""2026-06-11T00:00:00.000Z"""
3087,208,Fatigue Safety Factor,3085,,active,"""2026-05-24T21:17:44.051Z""","""2026-06-11T00:00:00.000Z"""
3088,208,Design Verification,3085,,active,"""2026-05-24T21:17:44.051Z""","""2026-06-11T00:00:00.000Z"""
3265,220,Data Preparation,,1,active,"""2026-05-24T21:17:44.051Z""","""2026-06-11T00:00:00.000Z"""
3266,220,Cleaning,3265,,active,"""2026-05-24T21:17:44.051Z""","""2026-06-11T00:00:00.000Z"""
3267,220,Feature Engineering,3265,,active,"""2026-05-24T21:17:44.051Z""","""2026-06-11T00:00:00.000Z"""
3268,220,Missing Values,3265,,active,"""2026-05-24T21:17:44.051Z""","""2026-06-11T00:00:00.000Z"""
3269,220,Pattern Discovery,,2,active,"""2026-05-24T21:17:44.051Z""","""2026-06-11T00:00:00.000Z"""
3270,220,Association Rules,3269,,active,"""2026-05-24T21:17:44.051Z""","""2026-06-11T00:00:00.000Z"""
3271,220,Clustering,3269,,active,"""2026-05-24T21:17:44.051Z""","""2026-06-11T00:00:00.000Z"""
3272,220,Anomaly Detection,3269,,active,"""2026-05-24T21:17:44.051Z""","""2026-06-11T00:00:00.000Z"""
3273,220,Predictive Modeling,,3,active,"""2026-05-24T21:17:44.051Z""","""2026-06-11T00:00:00.000Z"""
3274,220,Classification Trees,3273,,active,"""2026-05-24T21:17:44.051Z""","""2026-06-11T00:00:00.000Z"""
3275,220,Model Evaluation,3273,,active,"""2026-05-24T21:17:44.051Z""","""2026-06-11T00:00:00.000Z"""
3276,220,Overfitting Control,3273,,active,"""2026-05-24T21:17:44.051Z""","""2026-06-11T00:00:00.000Z"""
3277,220,Business Intelligence Reporting,,4,active,"""2026-05-24T21:17:44.051Z""","""2026-06-11T00:00:00.000Z"""
3278,220,KPIs,3277,,active,"""2026-05-24T21:17:44.051Z""","""2026-06-11T00:00:00.000Z"""
3279,220,Dashboards,3277,,active,"""2026-05-24T21:17:44.051Z""","""2026-06-11T00:00:00.000Z"""
3280,220,OLAP Cubes,3277,,active,"""2026-05-24T21:17:44.051Z""","""2026-06-11T00:00:00.000Z"""
3329,224,Programming Fundamentals,,1,active,"""2026-05-24T21:17:44.051Z""","""2026-06-11T00:00:00.000Z"""
3330,224,Variables and Types,3329,,active,"""2026-05-24T21:17:44.051Z""","""2026-06-11T00:00:00.000Z"""
3331,224,Operators and Expressions,3329,,active,"""2026-05-24T21:17:44.051Z""","""2026-06-11T00:00:00.000Z"""
3332,224,Console Input and Output,3329,,active,"""2026-05-24T21:17:44.051Z""","""2026-06-11T00:00:00.000Z"""
3333,224,Control Flow,,2,active,"""2026-05-24T21:17:44.051Z""","""2026-06-11T00:00:00.000Z"""
3334,224,Conditional Branching,3333,,active,"""2026-05-24T21:17:44.051Z""","""2026-06-11T00:00:00.000Z"""
3335,224,Loop Tracing,3333,,active,"""2026-05-24T21:17:44.051Z""","""2026-06-11T00:00:00.000Z"""
3336,224,Nested Control Structures,3333,,active,"""2026-05-24T21:17:44.051Z""","""2026-06-11T00:00:00.000Z"""
3337,224,Functions and Modular Design,,3,active,"""2026-05-24T21:17:44.051Z""","""2026-06-11T00:00:00.000Z"""
3338,224,Function Calls,3337,,active,"""2026-05-24T21:17:44.051Z""","""2026-06-11T00:00:00.000Z"""
3339,224,Parameters and Return Values,3337,,active,"""2026-05-24T21:17:44.051Z""","""2026-06-11T00:00:00.000Z"""
3340,224,Scope and Lifetime,3337,,active,"""2026-05-24T21:17:44.051Z""","""2026-06-11T00:00:00.000Z"""
3341,224,Arrays and Problem Solving,,4,active,"""2026-05-24T21:17:44.051Z""","""2026-06-11T00:00:00.000Z"""
3342,224,Array Traversal,3341,,active,"""2026-05-24T21:17:44.051Z""","""2026-06-11T00:00:00.000Z"""
3343,224,Indexing Edge Cases,3341,,active,"""2026-05-24T21:17:44.051Z""","""2026-06-11T00:00:00.000Z"""
3344,224,Algorithmic Dry Runs,3341,,active,"""2026-05-24T21:17:44.051Z""","""2026-06-11T00:00:00.000Z"""
3345,225,First-Order Differential Equations,,1,active,"""2026-05-24T21:17:44.051Z""","""2026-06-11T00:00:00.000Z"""
3346,225,Separable Equations,3345,,active,"""2026-05-24T21:17:44.051Z""","""2026-06-11T00:00:00.000Z"""
3347,225,Linear First-Order Equations,3345,,active,"""2026-05-24T21:17:44.051Z""","""2026-06-11T00:00:00.000Z"""
3348,225,Initial Value Problems,3345,,active,"""2026-05-24T21:17:44.051Z""","""2026-06-11T00:00:00.000Z"""
3349,225,Second-Order Linear Equations,,2,active,"""2026-05-24T21:17:44.051Z""","""2026-06-11T00:00:00.000Z"""
3350,225,Characteristic Equation,3349,,active,"""2026-05-24T21:17:44.051Z""","""2026-06-11T00:00:00.000Z"""
3351,225,Homogeneous Solutions,3349,,active,"""2026-05-24T21:17:44.051Z""","""2026-06-11T00:00:00.000Z"""
3352,225,Forced Response,3349,,active,"""2026-05-24T21:17:44.051Z""","""2026-06-11T00:00:00.000Z"""
3353,225,Systems and Stability,,3,active,"""2026-05-24T21:17:44.051Z""","""2026-06-11T00:00:00.000Z"""
3354,225,Linear Systems,3353,,active,"""2026-05-24T21:17:44.051Z""","""2026-06-11T00:00:00.000Z"""
3355,225,Equilibrium Points,3353,,active,"""2026-05-24T21:17:44.051Z""","""2026-06-11T00:00:00.000Z"""
3356,225,Phase-Plane Interpretation,3353,,active,"""2026-05-24T21:17:44.051Z""","""2026-06-11T00:00:00.000Z"""
3357,225,Laplace and Engineering Models,,4,active,"""2026-05-24T21:17:44.051Z""","""2026-06-11T00:00:00.000Z"""
3358,225,Laplace Transforms,3357,,active,"""2026-05-24T21:17:44.051Z""","""2026-06-11T00:00:00.000Z"""
3359,225,Step Inputs,3357,,active,"""2026-05-24T21:17:44.051Z""","""2026-06-11T00:00:00.000Z"""
3360,225,Mechanical and Electrical Models,3357,,active,"""2026-05-24T21:17:44.051Z""","""2026-06-11T00:00:00.000Z"""
3361,226,DC Circuit Analysis,,1,active,"""2026-05-24T21:17:44.051Z""","""2026-06-11T00:00:00.000Z"""
3362,226,Ohm's Law,3361,,active,"""2026-05-24T21:17:44.051Z""","""2026-06-11T00:00:00.000Z"""
3363,226,Kirchhoff Laws,3361,,active,"""2026-05-24T21:17:44.051Z""","""2026-06-11T00:00:00.000Z"""
3364,226,Series and Parallel Networks,3361,,active,"""2026-05-24T21:17:44.051Z""","""2026-06-11T00:00:00.000Z"""
3365,226,AC Circuit Fundamentals,,2,active,"""2026-05-24T21:17:44.051Z""","""2026-06-11T00:00:00.000Z"""
3366,226,Sinusoidal Signals,3365,,active,"""2026-05-24T21:17:44.051Z""","""2026-06-11T00:00:00.000Z"""
3367,226,Impedance,3365,,active,"""2026-05-24T21:17:44.051Z""","""2026-06-11T00:00:00.000Z"""
3368,226,Phasors,3365,,active,"""2026-05-24T21:17:44.051Z""","""2026-06-11T00:00:00.000Z"""
3369,226,Circuit Theorems,,3,active,"""2026-05-24T21:17:44.051Z""","""2026-06-11T00:00:00.000Z"""
3370,226,Thevenin Equivalent,3369,,active,"""2026-05-24T21:17:44.051Z""","""2026-06-11T00:00:00.000Z"""
3371,226,Norton Equivalent,3369,,active,"""2026-05-24T21:17:44.051Z""","""2026-06-11T00:00:00.000Z"""
3372,226,Superposition,3369,,active,"""2026-05-24T21:17:44.051Z""","""2026-06-11T00:00:00.000Z"""
3373,226,Power and Measurement,,4,active,"""2026-05-24T21:17:44.051Z""","""2026-06-11T00:00:00.000Z"""
3374,226,Power Calculation,3373,,active,"""2026-05-24T21:17:44.051Z""","""2026-06-11T00:00:00.000Z"""
3375,226,Power Factor,3373,,active,"""2026-05-24T21:17:44.051Z""","""2026-06-11T00:00:00.000Z"""
3376,226,Instrument Loading,3373,,active,"""2026-05-24T21:17:44.051Z""","""2026-06-11T00:00:00.000Z"""
3377,227,Matrices and Row Operations,,1,active,"""2026-05-24T21:17:44.051Z""","""2026-06-11T00:00:00.000Z"""
3378,227,Gaussian Elimination,3377,,active,"""2026-05-24T21:17:44.051Z""","""2026-06-11T00:00:00.000Z"""
3379,227,Matrix Inverses,3377,,active,"""2026-05-24T21:17:44.051Z""","""2026-06-11T00:00:00.000Z"""
3380,227,Rank,3377,,active,"""2026-05-24T21:17:44.051Z""","""2026-06-11T00:00:00.000Z"""
3381,227,Vector Spaces,,2,active,"""2026-05-24T21:17:44.051Z""","""2026-06-11T00:00:00.000Z"""
3382,227,Linear Independence,3381,,active,"""2026-05-24T21:17:44.051Z""","""2026-06-11T00:00:00.000Z"""
3383,227,Basis and Dimension,3381,,active,"""2026-05-24T21:17:44.051Z""","""2026-06-11T00:00:00.000Z"""
3384,227,Subspaces,3381,,active,"""2026-05-24T21:17:44.051Z""","""2026-06-11T00:00:00.000Z"""
3385,227,Linear Transformations,,3,active,"""2026-05-24T21:17:44.051Z""","""2026-06-11T00:00:00.000Z"""
3386,227,Kernel and Image,3385,,active,"""2026-05-24T21:17:44.051Z""","""2026-06-11T00:00:00.000Z"""
3387,227,Matrix Representation,3385,,active,"""2026-05-24T21:17:44.051Z""","""2026-06-11T00:00:00.000Z"""
3388,227,Change of Basis,3385,,active,"""2026-05-24T21:17:44.051Z""","""2026-06-11T00:00:00.000Z"""
3389,227,Eigenvalues and Diagonalization,,4,active,"""2026-05-24T21:17:44.051Z""","""2026-06-11T00:00:00.000Z"""
3390,227,Characteristic Polynomial,3389,,active,"""2026-05-24T21:17:44.051Z""","""2026-06-11T00:00:00.000Z"""
3391,227,Eigenvectors,3389,,active,"""2026-05-24T21:17:44.051Z""","""2026-06-11T00:00:00.000Z"""
3392,227,Diagonalization Conditions,3389,,active,"""2026-05-24T21:17:44.051Z""","""2026-06-11T00:00:00.000Z"""
3393,228,Semiconductor Physics,,1,active,"""2026-05-24T21:17:44.051Z""","""2026-06-11T00:00:00.000Z"""
3394,228,Carrier Concentration,3393,,active,"""2026-05-24T21:17:44.051Z""","""2026-06-11T00:00:00.000Z"""
3395,228,Doping,3393,,active,"""2026-05-24T21:17:44.051Z""","""2026-06-11T00:00:00.000Z"""
3396,228,Band Diagrams,3393,,active,"""2026-05-24T21:17:44.051Z""","""2026-06-11T00:00:00.000Z"""
3397,228,PN Junctions,,2,active,"""2026-05-24T21:17:44.051Z""","""2026-06-11T00:00:00.000Z"""
3398,228,Depletion Region,3397,,active,"""2026-05-24T21:17:44.051Z""","""2026-06-11T00:00:00.000Z"""
3399,228,Diode Equation,3397,,active,"""2026-05-24T21:17:44.051Z""","""2026-06-11T00:00:00.000Z"""
3400,228,Breakdown,3397,,active,"""2026-05-24T21:17:44.051Z""","""2026-06-11T00:00:00.000Z"""
3401,228,Transistors,,3,active,"""2026-05-24T21:17:44.051Z""","""2026-06-11T00:00:00.000Z"""
3402,228,BJT Operation,3401,,active,"""2026-05-24T21:17:44.051Z""","""2026-06-11T00:00:00.000Z"""
3403,228,MOSFET Regions,3401,,active,"""2026-05-24T21:17:44.051Z""","""2026-06-11T00:00:00.000Z"""
3404,228,Small-Signal Parameters,3401,,active,"""2026-05-24T21:17:44.051Z""","""2026-06-11T00:00:00.000Z"""
3405,228,Device Applications,,4,active,"""2026-05-24T21:17:44.051Z""","""2026-06-11T00:00:00.000Z"""
3406,228,Switching,3405,,active,"""2026-05-24T21:17:44.051Z""","""2026-06-11T00:00:00.000Z"""
3407,228,Amplification,3405,,active,"""2026-05-24T21:17:44.051Z""","""2026-06-11T00:00:00.000Z"""
3408,228,Bias Stability,3405,,active,"""2026-05-24T21:17:44.051Z""","""2026-06-11T00:00:00.000Z"""
3409,229,Limits and Continuity,,1,active,"""2026-05-24T21:17:44.051Z""","""2026-06-11T00:00:00.000Z"""
3410,229,Limit Laws,3409,,active,"""2026-05-24T21:17:44.051Z""","""2026-06-11T00:00:00.000Z"""
3411,229,One-Sided Limits,3409,,active,"""2026-05-24T21:17:44.051Z""","""2026-06-11T00:00:00.000Z"""
3412,229,Continuity Tests,3409,,active,"""2026-05-24T21:17:44.051Z""","""2026-06-11T00:00:00.000Z"""
3413,229,Differentiation,,2,active,"""2026-05-24T21:17:44.051Z""","""2026-06-11T00:00:00.000Z"""
3414,229,Derivative Rules,3413,,active,"""2026-05-24T21:17:44.051Z""","""2026-06-11T00:00:00.000Z"""
3415,229,Implicit Differentiation,3413,,active,"""2026-05-24T21:17:44.051Z""","""2026-06-11T00:00:00.000Z"""
3416,229,Optimization Problems,3413,,active,"""2026-05-24T21:17:44.051Z""","""2026-06-11T00:00:00.000Z"""
3417,229,Integration,,3,active,"""2026-05-24T21:17:44.051Z""","""2026-06-11T00:00:00.000Z"""
3418,229,Antiderivatives,3417,,active,"""2026-05-24T21:17:44.051Z""","""2026-06-11T00:00:00.000Z"""
3419,229,Definite Integrals,3417,,active,"""2026-05-24T21:17:44.051Z""","""2026-06-11T00:00:00.000Z"""
3420,229,Substitution and Parts,3417,,active,"""2026-05-24T21:17:44.051Z""","""2026-06-11T00:00:00.000Z"""
3421,229,Series and Multivariable Foundations,,4,active,"""2026-05-24T21:17:44.051Z""","""2026-06-11T00:00:00.000Z"""
3422,229,Taylor Approximations,3421,,active,"""2026-05-24T21:17:44.051Z""","""2026-06-11T00:00:00.000Z"""
3423,229,Partial Derivatives,3421,,active,"""2026-05-24T21:17:44.051Z""","""2026-06-11T00:00:00.000Z"""
3424,229,Double Integrals,3421,,active,"""2026-05-24T21:17:44.051Z""","""2026-06-11T00:00:00.000Z"""
3425,230,Diodes and Transistors,,1,active,"""2026-05-24T21:17:44.051Z""","""2026-06-11T00:00:00.000Z"""
3426,230,Diode I-V Curves,3425,,active,"""2026-05-24T21:17:44.051Z""","""2026-06-11T00:00:00.000Z"""
3427,230,BJT Biasing,3425,,active,"""2026-05-24T21:17:44.051Z""","""2026-06-11T00:00:00.000Z"""
3428,230,MOSFET Operation,3425,,active,"""2026-05-24T21:17:44.051Z""","""2026-06-11T00:00:00.000Z"""
3429,230,Amplifier Circuits,,2,active,"""2026-05-24T21:17:44.051Z""","""2026-06-11T00:00:00.000Z"""
3430,230,Small-Signal Models,3429,,active,"""2026-05-24T21:17:44.051Z""","""2026-06-11T00:00:00.000Z"""
3431,230,Gain Calculation,3429,,active,"""2026-05-24T21:17:44.051Z""","""2026-06-11T00:00:00.000Z"""
3432,230,Input and Output Resistance,3429,,active,"""2026-05-24T21:17:44.051Z""","""2026-06-11T00:00:00.000Z"""
3433,230,Digital Electronics,,3,active,"""2026-05-24T21:17:44.051Z""","""2026-06-11T00:00:00.000Z"""
3434,230,Logic Families,3433,,active,"""2026-05-24T21:17:44.051Z""","""2026-06-11T00:00:00.000Z"""
3435,230,Switching Behavior,3433,,active,"""2026-05-24T21:17:44.051Z""","""2026-06-11T00:00:00.000Z"""
3436,230,Timing Parameters,3433,,active,"""2026-05-24T21:17:44.051Z""","""2026-06-11T00:00:00.000Z"""
3437,230,Power and Signal Integrity,,4,active,"""2026-05-24T21:17:44.051Z""","""2026-06-11T00:00:00.000Z"""
3438,230,Filtering,3437,,active,"""2026-05-24T21:17:44.051Z""","""2026-06-11T00:00:00.000Z"""
3439,230,Noise Margins,3437,,active,"""2026-05-24T21:17:44.051Z""","""2026-06-11T00:00:00.000Z"""
3440,230,Thermal Limits,3437,,active,"""2026-05-24T21:17:44.051Z""","""2026-06-11T00:00:00.000Z"""
3441,231,Signal Representation,,1,active,"""2026-05-24T21:17:44.051Z""","""2026-06-11T00:00:00.000Z"""
3442,231,Continuous-Time Signals,3441,,active,"""2026-05-24T21:17:44.051Z""","""2026-06-11T00:00:00.000Z"""
3443,231,Discrete-Time Signals,3441,,active,"""2026-05-24T21:17:44.051Z""","""2026-06-11T00:00:00.000Z"""
3444,231,Signal Energy and Power,3441,,active,"""2026-05-24T21:17:44.051Z""","""2026-06-11T00:00:00.000Z"""
3445,231,Linear Time-Invariant Systems,,2,active,"""2026-05-24T21:17:44.051Z""","""2026-06-11T00:00:00.000Z"""
3446,231,Convolution,3445,,active,"""2026-05-24T21:17:44.051Z""","""2026-06-11T00:00:00.000Z"""
3447,231,Impulse Response,3445,,active,"""2026-05-24T21:17:44.051Z""","""2026-06-11T00:00:00.000Z"""
3448,231,System Properties,3445,,active,"""2026-05-24T21:17:44.051Z""","""2026-06-11T00:00:00.000Z"""
3449,231,Fourier Analysis,,3,active,"""2026-05-24T21:17:44.051Z""","""2026-06-11T00:00:00.000Z"""
3450,231,Fourier Series,3449,,active,"""2026-05-24T21:17:44.051Z""","""2026-06-11T00:00:00.000Z"""
3451,231,Fourier Transform,3449,,active,"""2026-05-24T21:17:44.051Z""","""2026-06-11T00:00:00.000Z"""
3452,231,Frequency Response,3449,,active,"""2026-05-24T21:17:44.051Z""","""2026-06-11T00:00:00.000Z"""
3453,231,Sampling and Filtering,,4,active,"""2026-05-24T21:17:44.051Z""","""2026-06-11T00:00:00.000Z"""
3454,231,Sampling Theorem,3453,,active,"""2026-05-24T21:17:44.051Z""","""2026-06-11T00:00:00.000Z"""
3455,231,Aliasing,3453,,active,"""2026-05-24T21:17:44.051Z""","""2026-06-11T00:00:00.000Z"""
3456,231,Filter Behavior,3453,,active,"""2026-05-24T21:17:44.051Z""","""2026-06-11T00:00:00.000Z"""
3457,232,Transmission Line Parameters,,1,active,"""2026-05-24T21:17:44.051Z""","""2026-06-11T00:00:00.000Z"""
3458,232,Characteristic Impedance,3457,,active,"""2026-05-24T21:17:44.051Z""","""2026-06-11T00:00:00.000Z"""
3459,232,Propagation Constant,3457,,active,"""2026-05-24T21:17:44.051Z""","""2026-06-11T00:00:00.000Z"""
3460,232,Lossy Lines,3457,,active,"""2026-05-24T21:17:44.051Z""","""2026-06-11T00:00:00.000Z"""
3461,232,Reflection and Matching,,2,active,"""2026-05-24T21:17:44.051Z""","""2026-06-11T00:00:00.000Z"""
3462,232,Reflection Coefficient,3461,,active,"""2026-05-24T21:17:44.051Z""","""2026-06-11T00:00:00.000Z"""
3463,232,Standing Wave Ratio,3461,,active,"""2026-05-24T21:17:44.051Z""","""2026-06-11T00:00:00.000Z"""
3464,232,Impedance Matching,3461,,active,"""2026-05-24T21:17:44.051Z""","""2026-06-11T00:00:00.000Z"""
3465,232,Waveguides and Propagation,,3,active,"""2026-05-24T21:17:44.051Z""","""2026-06-11T00:00:00.000Z"""
3466,232,Cutoff Frequency,3465,,active,"""2026-05-24T21:17:44.051Z""","""2026-06-11T00:00:00.000Z"""
3467,232,Modes,3465,,active,"""2026-05-24T21:17:44.051Z""","""2026-06-11T00:00:00.000Z"""
3468,232,Power Flow,3465,,active,"""2026-05-24T21:17:44.051Z""","""2026-06-11T00:00:00.000Z"""
3469,232,High-Frequency Measurement,,4,active,"""2026-05-24T21:17:44.051Z""","""2026-06-11T00:00:00.000Z"""
3470,232,Smith Chart,3469,,active,"""2026-05-24T21:17:44.051Z""","""2026-06-11T00:00:00.000Z"""
3471,232,S-Parameters,3469,,active,"""2026-05-24T21:17:44.051Z""","""2026-06-11T00:00:00.000Z"""
3472,232,Load Termination,3469,,active,"""2026-05-24T21:17:44.051Z""","""2026-06-11T00:00:00.000Z"""
3473,233,Diodes and Transistors,,1,active,"""2026-05-24T21:17:44.051Z""","""2026-06-11T00:00:00.000Z"""
3474,233,Diode I-V Curves,3473,,active,"""2026-05-24T21:17:44.051Z""","""2026-06-11T00:00:00.000Z"""
3475,233,BJT Biasing,3473,,active,"""2026-05-24T21:17:44.051Z""","""2026-06-11T00:00:00.000Z"""
3476,233,MOSFET Operation,3473,,active,"""2026-05-24T21:17:44.051Z""","""2026-06-11T00:00:00.000Z"""
3477,233,Amplifier Circuits,,2,active,"""2026-05-24T21:17:44.051Z""","""2026-06-11T00:00:00.000Z"""
3478,233,Small-Signal Models,3477,,active,"""2026-05-24T21:17:44.051Z""","""2026-06-11T00:00:00.000Z"""
3479,233,Gain Calculation,3477,,active,"""2026-05-24T21:17:44.051Z""","""2026-06-11T00:00:00.000Z"""
3480,233,Input and Output Resistance,3477,,active,"""2026-05-24T21:17:44.051Z""","""2026-06-11T00:00:00.000Z"""
3481,233,Digital Electronics,,3,active,"""2026-05-24T21:17:44.051Z""","""2026-06-11T00:00:00.000Z"""
3482,233,Logic Families,3481,,active,"""2026-05-24T21:17:44.051Z""","""2026-06-11T00:00:00.000Z"""
3483,233,Switching Behavior,3481,,active,"""2026-05-24T21:17:44.051Z""","""2026-06-11T00:00:00.000Z"""
3484,233,Timing Parameters,3481,,active,"""2026-05-24T21:17:44.051Z""","""2026-06-11T00:00:00.000Z"""
3485,233,Power and Signal Integrity,,4,active,"""2026-05-24T21:17:44.051Z""","""2026-06-11T00:00:00.000Z"""
3486,233,Filtering,3485,,active,"""2026-05-24T21:17:44.051Z""","""2026-06-11T00:00:00.000Z"""
3487,233,Noise Margins,3485,,active,"""2026-05-24T21:17:44.051Z""","""2026-06-11T00:00:00.000Z"""
3488,233,Thermal Limits,3485,,active,"""2026-05-24T21:17:44.051Z""","""2026-06-11T00:00:00.000Z"""
3489,234,Boolean Algebra,,1,active,"""2026-05-24T21:17:44.051Z""","""2026-06-11T00:00:00.000Z"""
3490,234,Logic Identities,3489,,active,"""2026-05-24T21:17:44.051Z""","""2026-06-11T00:00:00.000Z"""
3491,234,Truth Tables,3489,,active,"""2026-05-24T21:17:44.051Z""","""2026-06-11T00:00:00.000Z"""
3492,234,Canonical Forms,3489,,active,"""2026-05-24T21:17:44.051Z""","""2026-06-11T00:00:00.000Z"""
3493,234,Combinational Logic,,2,active,"""2026-05-24T21:17:44.051Z""","""2026-06-11T00:00:00.000Z"""
3494,234,Karnaugh Maps,3493,,active,"""2026-05-24T21:17:44.051Z""","""2026-06-11T00:00:00.000Z"""
3495,234,Multiplexers,3493,,active,"""2026-05-24T21:17:44.051Z""","""2026-06-11T00:00:00.000Z"""
3496,234,Adders,3493,,active,"""2026-05-24T21:17:44.051Z""","""2026-06-11T00:00:00.000Z"""
3497,234,Sequential Logic,,3,active,"""2026-05-24T21:17:44.051Z""","""2026-06-11T00:00:00.000Z"""
3498,234,Flip-Flops,3497,,active,"""2026-05-24T21:17:44.051Z""","""2026-06-11T00:00:00.000Z"""
3499,234,Counters,3497,,active,"""2026-05-24T21:17:44.051Z""","""2026-06-11T00:00:00.000Z"""
3500,234,State Machines,3497,,active,"""2026-05-24T21:17:44.051Z""","""2026-06-11T00:00:00.000Z"""
3501,234,Timing and Implementation,,4,active,"""2026-05-24T21:17:44.051Z""","""2026-06-11T00:00:00.000Z"""
3502,234,Propagation Delay,3501,,active,"""2026-05-24T21:17:44.051Z""","""2026-06-11T00:00:00.000Z"""
3503,234,Setup and Hold Time,3501,,active,"""2026-05-24T21:17:44.051Z""","""2026-06-11T00:00:00.000Z"""
3504,234,Hazards,3501,,active,"""2026-05-24T21:17:44.051Z""","""2026-06-11T00:00:00.000Z"""
3505,235,Magnetic Circuits,,1,active,"""2026-05-24T21:17:44.051Z""","""2026-06-11T00:00:00.000Z"""
3506,235,Flux,3505,,active,"""2026-05-24T21:17:44.051Z""","""2026-06-11T00:00:00.000Z"""
3507,235,Reluctance,3505,,active,"""2026-05-24T21:17:44.051Z""","""2026-06-11T00:00:00.000Z"""
3508,235,Core Losses,3505,,active,"""2026-05-24T21:17:44.051Z""","""2026-06-11T00:00:00.000Z"""
3509,235,Transformers,,2,active,"""2026-05-24T21:17:44.051Z""","""2026-06-11T00:00:00.000Z"""
3510,235,Equivalent Circuit,3509,,active,"""2026-05-24T21:17:44.051Z""","""2026-06-11T00:00:00.000Z"""
3511,235,Voltage Regulation,3509,,active,"""2026-05-24T21:17:44.051Z""","""2026-06-11T00:00:00.000Z"""
3512,235,Efficiency,3509,,active,"""2026-05-24T21:17:44.051Z""","""2026-06-11T00:00:00.000Z"""
3513,235,Electric Machines,,3,active,"""2026-05-24T21:17:44.051Z""","""2026-06-11T00:00:00.000Z"""
3514,235,DC Machines,3513,,active,"""2026-05-24T21:17:44.051Z""","""2026-06-11T00:00:00.000Z"""
3515,235,Synchronous Machines,3513,,active,"""2026-05-24T21:17:44.051Z""","""2026-06-11T00:00:00.000Z"""
3516,235,Induction Motors,3513,,active,"""2026-05-24T21:17:44.051Z""","""2026-06-11T00:00:00.000Z"""
3517,235,Drive Performance,,4,active,"""2026-05-24T21:17:44.051Z""","""2026-06-11T00:00:00.000Z"""
3518,235,Torque-Speed Curves,3517,,active,"""2026-05-24T21:17:44.051Z""","""2026-06-11T00:00:00.000Z"""
3519,235,Starting Methods,3517,,active,"""2026-05-24T21:17:44.051Z""","""2026-06-11T00:00:00.000Z"""
3520,235,Losses,3517,,active,"""2026-05-24T21:17:44.051Z""","""2026-06-11T00:00:00.000Z"""
3521,236,Power Network Modeling,,1,active,"""2026-05-24T21:17:44.051Z""","""2026-06-11T00:00:00.000Z"""
3522,236,Per-Unit System,3521,,active,"""2026-05-24T21:17:44.051Z""","""2026-06-11T00:00:00.000Z"""
3523,236,Single-Line Diagrams,3521,,active,"""2026-05-24T21:17:44.051Z""","""2026-06-11T00:00:00.000Z"""
3524,236,Impedance Modeling,3521,,active,"""2026-05-24T21:17:44.051Z""","""2026-06-11T00:00:00.000Z"""
3525,236,Load Flow Analysis,,2,active,"""2026-05-24T21:17:44.051Z""","""2026-06-11T00:00:00.000Z"""
3526,236,Bus Types,3525,,active,"""2026-05-24T21:17:44.051Z""","""2026-06-11T00:00:00.000Z"""
3527,236,Power Balance,3525,,active,"""2026-05-24T21:17:44.051Z""","""2026-06-11T00:00:00.000Z"""
3528,236,Voltage Profiles,3525,,active,"""2026-05-24T21:17:44.051Z""","""2026-06-11T00:00:00.000Z"""
3529,236,Protection and Faults,,3,active,"""2026-05-24T21:17:44.051Z""","""2026-06-11T00:00:00.000Z"""
3530,236,Symmetrical Faults,3529,,active,"""2026-05-24T21:17:44.051Z""","""2026-06-11T00:00:00.000Z"""
3531,236,Protection Relays,3529,,active,"""2026-05-24T21:17:44.051Z""","""2026-06-11T00:00:00.000Z"""
3532,236,Short-Circuit Current,3529,,active,"""2026-05-24T21:17:44.051Z""","""2026-06-11T00:00:00.000Z"""
3533,236,Power Quality and Stability,,4,active,"""2026-05-24T21:17:44.051Z""","""2026-06-11T00:00:00.000Z"""
3534,236,Voltage Regulation,3533,,active,"""2026-05-24T21:17:44.051Z""","""2026-06-11T00:00:00.000Z"""
3535,236,Reactive Power,3533,,active,"""2026-05-24T21:17:44.051Z""","""2026-06-11T00:00:00.000Z"""
3536,236,Transient Stability,3533,,active,"""2026-05-24T21:17:44.051Z""","""2026-06-11T00:00:00.000Z"""
3537,237,Diodes and Transistors,,1,active,"""2026-05-24T21:17:44.051Z""","""2026-06-11T00:00:00.000Z"""
3538,237,Diode I-V Curves,3537,,active,"""2026-05-24T21:17:44.051Z""","""2026-06-11T00:00:00.000Z"""
3539,237,BJT Biasing,3537,,active,"""2026-05-24T21:17:44.051Z""","""2026-06-11T00:00:00.000Z"""
3540,237,MOSFET Operation,3537,,active,"""2026-05-24T21:17:44.051Z""","""2026-06-11T00:00:00.000Z"""
3541,237,Amplifier Circuits,,2,active,"""2026-05-24T21:17:44.051Z""","""2026-06-11T00:00:00.000Z"""
3542,237,Small-Signal Models,3541,,active,"""2026-05-24T21:17:44.051Z""","""2026-06-11T00:00:00.000Z"""
3543,237,Gain Calculation,3541,,active,"""2026-05-24T21:17:44.051Z""","""2026-06-11T00:00:00.000Z"""
3544,237,Input and Output Resistance,3541,,active,"""2026-05-24T21:17:44.051Z""","""2026-06-11T00:00:00.000Z"""
3545,237,Digital Electronics,,3,active,"""2026-05-24T21:17:44.051Z""","""2026-06-11T00:00:00.000Z"""
3546,237,Logic Families,3545,,active,"""2026-05-24T21:17:44.051Z""","""2026-06-11T00:00:00.000Z"""
3547,237,Switching Behavior,3545,,active,"""2026-05-24T21:17:44.051Z""","""2026-06-11T00:00:00.000Z"""
3548,237,Timing Parameters,3545,,active,"""2026-05-24T21:17:44.051Z""","""2026-06-11T00:00:00.000Z"""
3549,237,Power and Signal Integrity,,4,active,"""2026-05-24T21:17:44.051Z""","""2026-06-11T00:00:00.000Z"""
3550,237,Filtering,3549,,active,"""2026-05-24T21:17:44.051Z""","""2026-06-11T00:00:00.000Z"""
3551,237,Noise Margins,3549,,active,"""2026-05-24T21:17:44.051Z""","""2026-06-11T00:00:00.000Z"""
3552,237,Thermal Limits,3549,,active,"""2026-05-24T21:17:44.051Z""","""2026-06-11T00:00:00.000Z"""
3553,238,Microwave Network Parameters,,1,active,"""2026-05-24T21:17:44.051Z""","""2026-06-11T00:00:00.000Z"""
3554,238,S-Parameters,3553,,active,"""2026-05-24T21:17:44.051Z""","""2026-06-11T00:00:00.000Z"""
3555,238,Impedance Matching,3553,,active,"""2026-05-24T21:17:44.051Z""","""2026-06-11T00:00:00.000Z"""
3556,238,Smith Chart,3553,,active,"""2026-05-24T21:17:44.051Z""","""2026-06-11T00:00:00.000Z"""
3557,238,Waveguides and Resonators,,2,active,"""2026-05-24T21:17:44.051Z""","""2026-06-11T00:00:00.000Z"""
3558,238,TE and TM Modes,3557,,active,"""2026-05-24T21:17:44.051Z""","""2026-06-11T00:00:00.000Z"""
3559,238,Cutoff Frequency,3557,,active,"""2026-05-24T21:17:44.051Z""","""2026-06-11T00:00:00.000Z"""
3560,238,Cavity Resonance,3557,,active,"""2026-05-24T21:17:44.051Z""","""2026-06-11T00:00:00.000Z"""
3561,238,Antenna Fundamentals,,3,active,"""2026-05-24T21:17:44.051Z""","""2026-06-11T00:00:00.000Z"""
3562,238,Radiation Pattern,3561,,active,"""2026-05-24T21:17:44.051Z""","""2026-06-11T00:00:00.000Z"""
3563,238,Gain and Directivity,3561,,active,"""2026-05-24T21:17:44.051Z""","""2026-06-11T00:00:00.000Z"""
3564,238,Polarization,3561,,active,"""2026-05-24T21:17:44.051Z""","""2026-06-11T00:00:00.000Z"""
3565,238,Link and Measurement Analysis,,4,active,"""2026-05-24T21:17:44.051Z""","""2026-06-11T00:00:00.000Z"""
3566,238,Friis Equation,3565,,active,"""2026-05-24T21:17:44.051Z""","""2026-06-11T00:00:00.000Z"""
3567,238,VSWR,3565,,active,"""2026-05-24T21:17:44.051Z""","""2026-06-11T00:00:00.000Z"""
3568,238,Antenna Matching,3565,,active,"""2026-05-24T21:17:44.051Z""","""2026-06-11T00:00:00.000Z"""
3569,239,Power Network Modeling,,1,active,"""2026-05-24T21:17:44.051Z""","""2026-06-11T00:00:00.000Z"""
3570,239,Per-Unit System,3569,,active,"""2026-05-24T21:17:44.051Z""","""2026-06-11T00:00:00.000Z"""
3571,239,Single-Line Diagrams,3569,,active,"""2026-05-24T21:17:44.051Z""","""2026-06-11T00:00:00.000Z"""
3572,239,Impedance Modeling,3569,,active,"""2026-05-24T21:17:44.051Z""","""2026-06-11T00:00:00.000Z"""
3573,239,Load Flow Analysis,,2,active,"""2026-05-24T21:17:44.051Z""","""2026-06-11T00:00:00.000Z"""
3574,239,Bus Types,3573,,active,"""2026-05-24T21:17:44.051Z""","""2026-06-11T00:00:00.000Z"""
3575,239,Power Balance,3573,,active,"""2026-05-24T21:17:44.051Z""","""2026-06-11T00:00:00.000Z"""
3576,239,Voltage Profiles,3573,,active,"""2026-05-24T21:17:44.051Z""","""2026-06-11T00:00:00.000Z"""
3577,239,Protection and Faults,,3,active,"""2026-05-24T21:17:44.051Z""","""2026-06-11T00:00:00.000Z"""
3578,239,Symmetrical Faults,3577,,active,"""2026-05-24T21:17:44.051Z""","""2026-06-11T00:00:00.000Z"""
3579,239,Protection Relays,3577,,active,"""2026-05-24T21:17:44.051Z""","""2026-06-11T00:00:00.000Z"""
3580,239,Short-Circuit Current,3577,,active,"""2026-05-24T21:17:44.051Z""","""2026-06-11T00:00:00.000Z"""
3581,239,Power Quality and Stability,,4,active,"""2026-05-24T21:17:44.051Z""","""2026-06-11T00:00:00.000Z"""
3582,239,Voltage Regulation,3581,,active,"""2026-05-24T21:17:44.051Z""","""2026-06-11T00:00:00.000Z"""
3583,239,Reactive Power,3581,,active,"""2026-05-24T21:17:44.051Z""","""2026-06-11T00:00:00.000Z"""
3584,239,Transient Stability,3581,,active,"""2026-05-24T21:17:44.051Z""","""2026-06-11T00:00:00.000Z"""
3585,240,Electrical Hazards,,1,active,"""2026-05-24T21:17:44.051Z""","""2026-06-11T00:00:00.000Z"""
3586,240,Shock Current,3585,,active,"""2026-05-24T21:17:44.051Z""","""2026-06-11T00:00:00.000Z"""
3587,240,Arc Flash,3585,,active,"""2026-05-24T21:17:44.051Z""","""2026-06-11T00:00:00.000Z"""
3588,240,Touch Voltage,3585,,active,"""2026-05-24T21:17:44.051Z""","""2026-06-11T00:00:00.000Z"""
3589,240,Protection Devices,,2,active,"""2026-05-24T21:17:44.051Z""","""2026-06-11T00:00:00.000Z"""
3590,240,Circuit Breakers,3589,,active,"""2026-05-24T21:17:44.051Z""","""2026-06-11T00:00:00.000Z"""
3591,240,Fuses,3589,,active,"""2026-05-24T21:17:44.051Z""","""2026-06-11T00:00:00.000Z"""
3592,240,Residual Current Devices,3589,,active,"""2026-05-24T21:17:44.051Z""","""2026-06-11T00:00:00.000Z"""
3593,240,Grounding and Bonding,,3,active,"""2026-05-24T21:17:44.051Z""","""2026-06-11T00:00:00.000Z"""
3594,240,Protective Earth,3593,,active,"""2026-05-24T21:17:44.051Z""","""2026-06-11T00:00:00.000Z"""
3595,240,Fault Loops,3593,,active,"""2026-05-24T21:17:44.051Z""","""2026-06-11T00:00:00.000Z"""
3596,240,Equipotential Bonding,3593,,active,"""2026-05-24T21:17:44.051Z""","""2026-06-11T00:00:00.000Z"""
3597,240,Regulations and Safe Work,,4,active,"""2026-05-24T21:17:44.051Z""","""2026-06-11T00:00:00.000Z"""
3598,240,Lockout Tagout,3597,,active,"""2026-05-24T21:17:44.051Z""","""2026-06-11T00:00:00.000Z"""
3599,240,Inspection Requirements,3597,,active,"""2026-05-24T21:17:44.051Z""","""2026-06-11T00:00:00.000Z"""
3600,240,Compliance Documentation,3597,,active,"""2026-05-24T21:17:44.051Z""","""2026-06-11T00:00:00.000Z"""
